pickup_rank,delivery_rank,total_tasks,completed_delivery,completed_direct,completion_rate,avg_pickup_time,avg_delivery_time,avg_direct_time,avg_total_time,total_flight_time,avg_flight_time,drone_count
0,0,48,20,28,1.0,6.85,2.05,5.25,21.083333333333332,1039,148.42857142857142,7
1,0,48,20,28,1.0,7.0,1.95,5.25,20.875,1032,147.42857142857142,7
0,1,48,19,27,0.9583333333333334,7.35,2.789473684210526,5.037037037037037,21.32608695652174,2231,371.8333333333333,6
1,1,48,19,27,0.9583333333333334,7.45,2.736842105263158,5.037037037037037,21.195652173913043,2227,371.1666666666667,6
2,0,48,20,28,1.0,7.2,2.05,5.25,21.0625,1044,149.14285714285714,7
0,2,48,20,28,1.0,6.65,3.55,5.035714285714286,21.625,1038,148.28571428571428,7
2,1,48,19,27,0.9583333333333334,7.7,2.789473684210526,5.037037037037037,21.32608695652174,2238,373.0,6
1,2,48,19,28,0.9791666666666666,6.85,3.473684210526316,5.035714285714286,21.5531914893617,1626,232.28571428571428,7
2,2,48,19,28,0.9791666666666666,7.1,3.473684210526316,5.035714285714286,21.27659574468085,1618,231.14285714285714,7
