time,entity,id,x,y,status,battery,direction
0,drone,0,20.0,40.0,idle,300.0,
0,drone,1,60.0,40.0,idle,300.0,
0,bus,0,15.0,0.0,at_station,,1.0
0,bus,1,65.0,60.0,at_station,,-1.0
0,bus,2,0.0,15.0,at_station,,1.0
0,bus,3,50.0,75.0,at_station,,-1.0
1,drone,0,20.0,40.0,idle,300.0,
1,drone,1,60.0,40.0,idle,300.0,
1,bus,0,15.0,0.0,at_station,,1.0
1,bus,1,65.0,60.0,at_station,,-1.0
1,bus,2,0.0,15.0,at_station,,1.0
1,bus,3,50.0,75.0,at_station,,-1.0
2,drone,0,20.0,40.0,idle,300.0,
2,drone,1,60.0,40.0,idle,300.0,
2,bus,0,15.0,2.5,moving,,1.0
2,bus,1,62.5,60.0,moving,,-1.0
2,bus,2,2.5,15.0,moving,,1.0
2,bus,3,50.0,72.5,moving,,-1.0
3,drone,0,20.0,40.0,idle,300.0,
3,drone,1,60.0,40.0,idle,300.0,
3,bus,0,15.0,7.5,moving,,1.0
3,bus,1,57.5,60.0,moving,,-1.0
3,bus,2,7.5,15.0,moving,,1.0
3,bus,3,50.0,67.5,moving,,-1.0
4,drone,0,20.0,40.0,idle,300.0,
4,drone,1,60.0,40.0,idle,300.0,
4,bus,0,15.0,10.0,at_station,,1.0
4,bus,1,55.0,60.0,at_station,,-1.0
4,bus,2,10.0,15.0,at_station,,1.0
4,bus,3,50.0,65.0,at_station,,-1.0
5,drone,0,20.0,40.0,idle,300.0,
5,drone,1,60.0,40.0,idle,300.0,
5,bus,0,15.0,10.0,at_station,,1.0
5,bus,1,55.0,60.0,at_station,,-1.0
5,bus,2,10.0,15.0,at_station,,1.0
5,bus,3,50.0,65.0,at_station,,-1.0
6,drone,0,20.0,40.0,idle,300.0,
6,drone,1,60.0,40.0,idle,300.0,
6,bus,0,15.0,10.0,at_station,,1.0
6,bus,1,55.0,60.0,at_station,,-1.0
6,bus,2,10.0,15.0,at_station,,1.0
6,bus,3,50.0,65.0,at_station,,-1.0
7,drone,0,20.0,40.0,idle,300.0,
7,drone,1,60.0,40.0,idle,300.0,
7,bus,0,15.0,12.5,moving,,1.0
7,bus,1,52.5,60.0,moving,,-1.0
7,bus,2,12.5,15.0,moving,,1.0
7,bus,3,50.0,62.5,moving,,-1.0
8,drone,0,20.0,40.0,idle,300.0,
8,drone,1,60.0,40.0,idle,300.0,
8,bus,0,15.0,17.5,moving,,1.0
8,bus,1,47.5,60.0,moving,,-1.0
8,bus,2,17.5,15.0,moving,,1.0
8,bus,3,50.0,57.5,moving,,-1.0
9,drone,0,20.0,40.0,idle,300.0,
9,drone,1,60.0,40.0,idle,300.0,
9,bus,0,15.0,20.0,at_station,,1.0
9,bus,1,45.0,60.0,at_station,,-1.0
9,bus,2,20.0,15.0,at_station,,1.0
9,bus,3,50.0,55.0,at_station,,-1.0
9,bus,4,15.0,0.0,at_station,,1.0
9,bus,5,65.0,60.0,at_station,,-1.0
9,bus,6,0.0,15.0,at_station,,1.0
9,bus,7,50.0,75.0,at_station,,-1.0
10,drone,0,20.0,40.0,idle,300.0,
10,drone,1,60.0,40.0,idle,300.0,
10,bus,0,15.0,20.0,at_station,,1.0
10,bus,1,45.0,60.0,at_station,,-1.0
10,bus,2,20.0,15.0,at_station,,1.0
10,bus,3,50.0,55.0,at_station,,-1.0
10,bus,4,15.0,0.0,at_station,,1.0
10,bus,5,65.0,60.0,at_station,,-1.0
10,bus,6,0.0,15.0,at_station,,1.0
10,bus,7,50.0,75.0,at_station,,-1.0
11,drone,0,20.0,40.0,idle,300.0,
11,drone,1,60.0,40.0,idle,300.0,
11,bus,0,15.0,20.0,at_station,,1.0
11,bus,1,45.0,60.0,at_station,,-1.0
11,bus,2,20.0,15.0,at_station,,1.0
11,bus,3,50.0,55.0,at_station,,-1.0
11,bus,4,15.0,0.0,at_station,,1.0
11,bus,5,65.0,60.0,at_station,,-1.0
11,bus,6,0.0,15.0,at_station,,1.0
11,bus,7,50.0,75.0,at_station,,-1.0
12,drone,0,20.0,40.0,idle,300.0,
12,drone,1,60.0,40.0,idle,300.0,
12,bus,0,15.0,22.5,moving,,1.0
12,bus,1,42.5,60.0,moving,,-1.0
12,bus,2,22.5,15.0,moving,,1.0
12,bus,3,50.0,52.5,moving,,-1.0
12,bus,4,15.0,2.5,moving,,1.0
12,bus,5,62.5,60.0,moving,,-1.0
12,bus,6,2.5,15.0,moving,,1.0
12,bus,7,50.0,72.5,moving,,-1.0
13,drone,0,20.0,40.0,idle,300.0,
13,drone,1,60.0,40.0,idle,300.0,
13,bus,0,15.0,27.5,moving,,1.0
13,bus,1,37.5,60.0,moving,,-1.0
13,bus,2,27.5,15.0,moving,,1.0
13,bus,3,50.0,47.5,moving,,-1.0
13,bus,4,15.0,7.5,moving,,1.0
13,bus,5,57.5,60.0,moving,,-1.0
13,bus,6,7.5,15.0,moving,,1.0
13,bus,7,50.0,67.5,moving,,-1.0
14,drone,0,20.0,40.0,idle,300.0,
14,drone,1,60.0,40.0,idle,300.0,
14,bus,0,15.0,30.0,at_station,,1.0
14,bus,1,35.0,60.0,at_station,,-1.0
14,bus,2,30.0,15.0,at_station,,1.0
14,bus,3,50.0,45.0,at_station,,-1.0
14,bus,4,15.0,10.0,at_station,,1.0
14,bus,5,55.0,60.0,at_station,,-1.0
14,bus,6,10.0,15.0,at_station,,1.0
14,bus,7,50.0,65.0,at_station,,-1.0
15,drone,0,20.0,35.0,moving_to_bus_station_for_delivery,295.0,
15,drone,1,55.52786404500042,37.763932022500214,moving_to_pickup,295.0,
15,bus,0,15.0,30.0,at_station,,1.0
15,bus,1,35.0,60.0,at_station,,-1.0
15,bus,2,30.0,15.0,at_station,,1.0
15,bus,3,50.0,45.0,at_station,,-1.0
15,bus,4,15.0,10.0,at_station,,1.0
15,bus,5,55.0,60.0,at_station,,-1.0
15,bus,6,10.0,15.0,at_station,,1.0
15,bus,7,50.0,65.0,at_station,,-1.0
16,drone,0,20.0,30.0,moving_to_bus_station_for_delivery,290.0,
16,drone,1,51.05572809000084,35.52786404500042,moving_to_pickup,290.0,
16,bus,0,15.0,30.0,at_station,,1.0
16,bus,1,35.0,60.0,at_station,,-1.0
16,bus,2,30.0,15.0,at_station,,1.0
16,bus,3,50.0,45.0,at_station,,-1.0
16,bus,4,15.0,10.0,at_station,,1.0
16,bus,5,55.0,60.0,at_station,,-1.0
16,bus,6,10.0,15.0,at_station,,1.0
16,bus,7,50.0,65.0,at_station,,-1.0
17,drone,0,20.0,25.0,moving_to_bus_station_for_delivery,285.0,
17,drone,1,50.0,35.0,waiting_at_bus_station_for_pickup_bus,288.819660112501,
17,bus,0,15.0,32.5,moving,,1.0
17,bus,1,32.5,60.0,moving,,-1.0
17,bus,2,32.5,15.0,moving,,1.0
17,bus,3,50.0,42.5,moving,,-1.0
17,bus,4,15.0,12.5,moving,,1.0
17,bus,5,52.5,60.0,moving,,-1.0
17,bus,6,12.5,15.0,moving,,1.0
17,bus,7,50.0,62.5,moving,,-1.0
18,drone,0,20.0,20.0,moving_to_bus_station_for_delivery,280.0,
18,drone,1,50.0,35.0,waiting_at_bus_station_for_pickup_bus,288.819660112501,
18,bus,0,15.0,37.5,moving,,1.0
18,bus,1,27.5,60.0,moving,,-1.0
18,bus,2,37.5,15.0,moving,,1.0
18,bus,3,50.0,37.5,moving,,-1.0
18,bus,4,15.0,17.5,moving,,1.0
18,bus,5,47.5,60.0,moving,,-1.0
18,bus,6,17.5,15.0,moving,,1.0
18,bus,7,50.0,57.5,moving,,-1.0
19,drone,0,20.0,15.0,waiting_at_bus_station_for_delivery,275.0,
19,drone,1,50.0,35.0,waiting_at_bus_station_for_pickup_bus,288.819660112501,
19,bus,0,15.0,40.0,at_station,,1.0
19,bus,1,25.0,60.0,at_station,,-1.0
19,bus,2,40.0,15.0,at_station,,1.0
19,bus,3,50.0,35.0,at_station,,-1.0
19,bus,4,15.0,20.0,at_station,,1.0
19,bus,5,45.0,60.0,at_station,,-1.0
19,bus,6,20.0,15.0,at_station,,1.0
19,bus,7,50.0,55.0,at_station,,-1.0
19,bus,8,15.0,0.0,at_station,,1.0
19,bus,9,65.0,60.0,at_station,,-1.0
19,bus,10,0.0,15.0,at_station,,1.0
19,bus,11,50.0,75.0,at_station,,-1.0
20,drone,0,20.0,15.0,waiting_at_bus_station_for_delivery,275.0,
20,drone,1,46.7990780016776,31.15889360201312,direct_transport_to_pickup,283.819660112501,
20,bus,0,15.0,40.0,at_station,,1.0
20,bus,1,25.0,60.0,at_station,,-1.0
20,bus,2,40.0,15.0,at_station,,1.0
20,bus,3,50.0,35.0,at_station,,-1.0
20,bus,4,15.0,20.0,at_station,,1.0
20,bus,5,45.0,60.0,at_station,,-1.0
20,bus,6,20.0,15.0,at_station,,1.0
20,bus,7,50.0,55.0,at_station,,-1.0
20,bus,8,15.0,0.0,at_station,,1.0
20,bus,9,65.0,60.0,at_station,,-1.0
20,bus,10,0.0,15.0,at_station,,1.0
20,bus,11,50.0,75.0,at_station,,-1.0
21,drone,0,20.0,15.0,waiting_at_bus_station_for_delivery,275.0,
21,drone,1,43.5981560033552,27.31778720402624,direct_transport_to_pickup,278.819660112501,
21,bus,0,15.0,40.0,at_station,,1.0
21,bus,1,25.0,60.0,at_station,,-1.0
21,bus,2,40.0,15.0,at_station,,1.0
21,bus,3,50.0,35.0,at_station,,-1.0
21,bus,4,15.0,20.0,at_station,,1.0
21,bus,5,45.0,60.0,at_station,,-1.0
21,bus,6,20.0,15.0,at_station,,1.0
21,bus,7,50.0,55.0,at_station,,-1.0
21,bus,8,15.0,0.0,at_station,,1.0
21,bus,9,65.0,60.0,at_station,,-1.0
21,bus,10,0.0,15.0,at_station,,1.0
21,bus,11,50.0,75.0,at_station,,-1.0
22,drone,0,20.0,15.0,waiting_at_bus_station_for_delivery,275.0,
22,drone,1,40.3972340050328,23.47668080603936,direct_transport_to_pickup,273.819660112501,
22,bus,0,15.0,42.5,moving,,1.0
22,bus,1,22.5,60.0,moving,,-1.0
22,bus,2,42.5,15.0,moving,,1.0
22,bus,3,50.0,32.5,moving,,-1.0
22,bus,4,15.0,22.5,moving,,1.0
22,bus,5,42.5,60.0,moving,,-1.0
22,bus,6,22.5,15.0,moving,,1.0
22,bus,7,50.0,52.5,moving,,-1.0
22,bus,8,15.0,2.5,moving,,1.0
22,bus,9,62.5,60.0,moving,,-1.0
22,bus,10,2.5,15.0,moving,,1.0
22,bus,11,50.0,72.5,moving,,-1.0
23,drone,0,20.0,15.0,waiting_at_bus_station_for_delivery,275.0,
23,drone,1,37.1963120067104,19.635574408052484,direct_transport_to_pickup,268.819660112501,
23,bus,0,15.0,47.5,moving,,1.0
23,bus,1,17.5,60.0,moving,,-1.0
23,bus,2,47.5,15.0,moving,,1.0
23,bus,3,50.0,27.5,moving,,-1.0
23,bus,4,15.0,27.5,moving,,1.0
23,bus,5,37.5,60.0,moving,,-1.0
23,bus,6,27.5,15.0,moving,,1.0
23,bus,7,50.0,47.5,moving,,-1.0
23,bus,8,15.0,7.5,moving,,1.0
23,bus,9,57.5,60.0,moving,,-1.0
23,bus,10,7.5,15.0,moving,,1.0
23,bus,11,50.0,67.5,moving,,-1.0
24,drone,0,20.0,15.0,waiting_at_bus_station_for_delivery,275.0,
24,drone,1,35.0,17.0,direct_transport_to_delivery,265.38891108478106,
24,bus,0,15.0,50.0,at_station,,1.0
24,bus,1,15.0,60.0,at_station,,-1.0
24,bus,2,50.0,15.0,at_station,,1.0
24,bus,3,50.0,25.0,at_station,,-1.0
24,bus,4,15.0,30.0,at_station,,1.0
24,bus,5,35.0,60.0,at_station,,-1.0
24,bus,6,30.0,15.0,at_station,,1.0
24,bus,7,50.0,45.0,at_station,,-1.0
24,bus,8,15.0,10.0,at_station,,1.0
24,bus,9,55.0,60.0,at_station,,-1.0
24,bus,10,10.0,15.0,at_station,,1.0
24,bus,11,50.0,65.0,at_station,,-1.0
25,drone,0,20.0,15.0,waiting_at_bus_station_for_delivery,275.0,
25,drone,1,30.16462731368677,18.27246649639822,direct_transport_to_delivery,260.38891108478106,
25,bus,0,15.0,50.0,at_station,,1.0
25,bus,1,15.0,60.0,at_station,,-1.0
25,bus,2,50.0,15.0,at_station,,1.0
25,bus,3,50.0,25.0,at_station,,-1.0
25,bus,4,15.0,30.0,at_station,,1.0
25,bus,5,35.0,60.0,at_station,,-1.0
25,bus,6,30.0,15.0,at_station,,1.0
25,bus,7,50.0,45.0,at_station,,-1.0
25,bus,8,15.0,10.0,at_station,,1.0
25,bus,9,55.0,60.0,at_station,,-1.0
25,bus,10,10.0,15.0,at_station,,1.0
25,bus,11,50.0,65.0,at_station,,-1.0
26,drone,0,20.0,15.0,waiting_at_bus_station_for_delivery,275.0,
26,drone,1,25.329254627373537,19.54493299279644,direct_transport_to_delivery,255.38891108478106,
26,bus,0,15.0,50.0,at_station,,1.0
26,bus,1,15.0,60.0,at_station,,-1.0
26,bus,2,50.0,15.0,at_station,,1.0
26,bus,3,50.0,25.0,at_station,,-1.0
26,bus,4,15.0,30.0,at_station,,1.0
26,bus,5,35.0,60.0,at_station,,-1.0
26,bus,6,30.0,15.0,at_station,,1.0
26,bus,7,50.0,45.0,at_station,,-1.0
26,bus,8,15.0,10.0,at_station,,1.0
26,bus,9,55.0,60.0,at_station,,-1.0
26,bus,10,10.0,15.0,at_station,,1.0
26,bus,11,50.0,65.0,at_station,,-1.0
27,drone,0,20.0,15.0,waiting_at_bus_station_for_delivery,275.0,
27,drone,1,20.493881941060305,20.817399489194656,direct_transport_to_delivery,250.38891108478106,
27,bus,0,15.0,52.5,moving,,1.0
27,bus,1,15.0,57.5,moving,,-1.0
27,bus,2,50.0,17.5,moving,,1.0
27,bus,3,50.0,22.5,moving,,-1.0
27,bus,4,15.0,32.5,moving,,1.0
27,bus,5,32.5,60.0,moving,,-1.0
27,bus,6,32.5,15.0,moving,,1.0
27,bus,7,50.0,42.5,moving,,-1.0
27,bus,8,15.0,12.5,moving,,1.0
27,bus,9,52.5,60.0,moving,,-1.0
27,bus,10,12.5,15.0,moving,,1.0
27,bus,11,50.0,62.5,moving,,-1.0
28,drone,0,20.0,15.0,waiting_at_bus_station_for_delivery,275.0,
28,drone,1,16.0,22.0,idle,245.74202838039255,
28,bus,0,15.0,57.5,moving,,1.0
28,bus,1,15.0,52.5,moving,,-1.0
28,bus,2,50.0,22.5,moving,,1.0
28,bus,3,50.0,17.5,moving,,-1.0
28,bus,4,15.0,37.5,moving,,1.0
28,bus,5,27.5,60.0,moving,,-1.0
28,bus,6,37.5,15.0,moving,,1.0
28,bus,7,50.0,37.5,moving,,-1.0
28,bus,8,15.0,17.5,moving,,1.0
28,bus,9,47.5,60.0,moving,,-1.0
28,bus,10,17.5,15.0,moving,,1.0
28,bus,11,50.0,57.5,moving,,-1.0
29,drone,0,20.0,15.0,waiting_at_bus_station_for_delivery,275.0,
29,drone,1,20.988151642114914,21.65598954192311,direct_transport_to_pickup,240.74202838039255,
29,bus,0,15.0,60.0,at_station,,1.0
29,bus,1,15.0,50.0,at_station,,-1.0
29,bus,2,50.0,25.0,at_station,,1.0
29,bus,3,50.0,15.0,at_station,,-1.0
29,bus,4,15.0,40.0,at_station,,1.0
29,bus,5,25.0,60.0,at_station,,-1.0
29,bus,6,40.0,15.0,at_station,,1.0
29,bus,7,50.0,35.0,at_station,,-1.0
29,bus,8,15.0,20.0,at_station,,1.0
29,bus,9,45.0,60.0,at_station,,-1.0
29,bus,10,20.0,15.0,at_station,,1.0
29,bus,11,50.0,55.0,at_station,,-1.0
29,bus,12,15.0,0.0,at_station,,1.0
29,bus,13,65.0,60.0,at_station,,-1.0
29,bus,14,0.0,15.0,at_station,,1.0
29,bus,15,50.0,75.0,at_station,,-1.0
30,drone,0,20.0,15.0,waiting_at_bus_station_for_delivery,275.0,
30,drone,1,25.97630328422983,21.311979083846218,direct_transport_to_pickup,235.74202838039255,
30,bus,0,15.0,60.0,at_station,,1.0
30,bus,1,15.0,50.0,at_station,,-1.0
30,bus,2,50.0,25.0,at_station,,1.0
30,bus,3,50.0,15.0,at_station,,-1.0
30,bus,4,15.0,40.0,at_station,,1.0
30,bus,5,25.0,60.0,at_station,,-1.0
30,bus,6,40.0,15.0,at_station,,1.0
30,bus,7,50.0,35.0,at_station,,-1.0
30,bus,8,15.0,20.0,at_station,,1.0
30,bus,9,45.0,60.0,at_station,,-1.0
30,bus,10,20.0,15.0,at_station,,1.0
30,bus,11,50.0,55.0,at_station,,-1.0
30,bus,12,15.0,0.0,at_station,,1.0
30,bus,13,65.0,60.0,at_station,,-1.0
30,bus,14,0.0,15.0,at_station,,1.0
30,bus,15,50.0,75.0,at_station,,-1.0
31,drone,0,20.0,15.0,waiting_at_bus_station_for_delivery,275.0,
31,drone,1,30.964454926344743,20.967968625769327,direct_transport_to_pickup,230.74202838039255,
31,bus,0,15.0,60.0,at_station,,1.0
31,bus,1,15.0,50.0,at_station,,-1.0
31,bus,2,50.0,25.0,at_station,,1.0
31,bus,3,50.0,15.0,at_station,,-1.0
31,bus,4,15.0,40.0,at_station,,1.0
31,bus,5,25.0,60.0,at_station,,-1.0
31,bus,6,40.0,15.0,at_station,,1.0
31,bus,7,50.0,35.0,at_station,,-1.0
31,bus,8,15.0,20.0,at_station,,1.0
31,bus,9,45.0,60.0,at_station,,-1.0
31,bus,10,20.0,15.0,at_station,,1.0
31,bus,11,50.0,55.0,at_station,,-1.0
31,bus,12,15.0,0.0,at_station,,1.0
31,bus,13,65.0,60.0,at_station,,-1.0
31,bus,14,0.0,15.0,at_station,,1.0
31,bus,15,50.0,75.0,at_station,,-1.0
32,drone,0,20.0,15.0,waiting_at_bus_station_for_delivery,275.0,
32,drone,1,35.95260656845966,20.623958167692436,direct_transport_to_pickup,225.74202838039255,
32,bus,0,17.5,60.0,moving,,1.0
32,bus,1,15.0,47.5,moving,,-1.0
32,bus,2,50.0,27.5,moving,,1.0
32,bus,3,47.5,15.0,moving,,-1.0
32,bus,4,15.0,42.5,moving,,1.0
32,bus,5,22.5,60.0,moving,,-1.0
32,bus,6,42.5,15.0,moving,,1.0
32,bus,7,50.0,32.5,moving,,-1.0
32,bus,8,15.0,22.5,moving,,1.0
32,bus,9,42.5,60.0,moving,,-1.0
32,bus,10,22.5,15.0,moving,,1.0
32,bus,11,50.0,52.5,moving,,-1.0
32,bus,12,15.0,2.5,moving,,1.0
32,bus,13,62.5,60.0,moving,,-1.0
32,bus,14,2.5,15.0,moving,,1.0
32,bus,15,50.0,72.5,moving,,-1.0
33,drone,0,20.0,15.0,waiting_at_bus_station_for_delivery,275.0,
33,drone,1,40.94075821057457,20.279947709615545,direct_transport_to_pickup,220.74202838039255,
33,bus,0,22.5,60.0,moving,,1.0
33,bus,1,15.0,42.5,moving,,-1.0
33,bus,2,50.0,32.5,moving,,1.0
33,bus,3,42.5,15.0,moving,,-1.0
33,bus,4,15.0,47.5,moving,,1.0
33,bus,5,17.5,60.0,moving,,-1.0
33,bus,6,47.5,15.0,moving,,1.0
33,bus,7,50.0,27.5,moving,,-1.0
33,bus,8,15.0,27.5,moving,,1.0
33,bus,9,37.5,60.0,moving,,-1.0
33,bus,10,27.5,15.0,moving,,1.0
33,bus,11,50.0,47.5,moving,,-1.0
33,bus,12,15.0,7.5,moving,,1.0
33,bus,13,57.5,60.0,moving,,-1.0
33,bus,14,7.5,15.0,moving,,1.0
33,bus,15,50.0,67.5,moving,,-1.0
34,drone,0,20.0,15.0,waiting_at_bus_station_for_delivery,275.0,
34,drone,1,45.0,20.0,direct_transport_to_delivery,216.6731446728953,
34,bus,0,25.0,60.0,at_station,,1.0
34,bus,1,15.0,40.0,at_station,,-1.0
34,bus,2,50.0,35.0,at_station,,1.0
34,bus,3,40.0,15.0,at_station,,-1.0
34,bus,4,15.0,50.0,at_station,,1.0
34,bus,5,15.0,60.0,at_station,,-1.0
34,bus,6,50.0,15.0,at_station,,1.0
34,bus,7,50.0,25.0,at_station,,-1.0
34,bus,8,15.0,30.0,at_station,,1.0
34,bus,9,35.0,60.0,at_station,,-1.0
34,bus,10,30.0,15.0,at_station,,1.0
34,bus,11,50.0,45.0,at_station,,-1.0
34,bus,12,15.0,10.0,at_station,,1.0
34,bus,13,55.0,60.0,at_station,,-1.0
34,bus,14,10.0,15.0,at_station,,1.0
34,bus,15,50.0,65.0,at_station,,-1.0
35,drone,0,20.0,15.0,waiting_at_bus_station_for_delivery,275.0,
35,drone,1,41.095655952784846,23.123475237772123,direct_transport_to_delivery,211.6731446728953,
35,bus,0,25.0,60.0,at_station,,1.0
35,bus,1,15.0,40.0,at_station,,-1.0
35,bus,2,50.0,35.0,at_station,,1.0
35,bus,3,40.0,15.0,at_station,,-1.0
35,bus,4,15.0,50.0,at_station,,1.0
35,bus,5,15.0,60.0,at_station,,-1.0
35,bus,6,50.0,15.0,at_station,,1.0
35,bus,7,50.0,25.0,at_station,,-1.0
35,bus,8,15.0,30.0,at_station,,1.0
35,bus,9,35.0,60.0,at_station,,-1.0
35,bus,10,30.0,15.0,at_station,,1.0
35,bus,11,50.0,45.0,at_station,,-1.0
35,bus,12,15.0,10.0,at_station,,1.0
35,bus,13,55.0,60.0,at_station,,-1.0
35,bus,14,10.0,15.0,at_station,,1.0
35,bus,15,50.0,65.0,at_station,,-1.0
36,drone,0,20.0,15.0,waiting_at_bus_station_for_delivery,275.0,
36,drone,1,37.19131190556969,26.246950475544246,direct_transport_to_delivery,206.6731446728953,
36,bus,0,25.0,60.0,at_station,,1.0
36,bus,1,15.0,40.0,at_station,,-1.0
36,bus,2,50.0,35.0,at_station,,1.0
36,bus,3,40.0,15.0,at_station,,-1.0
36,bus,4,15.0,50.0,at_station,,1.0
36,bus,5,15.0,60.0,at_station,,-1.0
36,bus,6,50.0,15.0,at_station,,1.0
36,bus,7,50.0,25.0,at_station,,-1.0
36,bus,8,15.0,30.0,at_station,,1.0
36,bus,9,35.0,60.0,at_station,,-1.0
36,bus,10,30.0,15.0,at_station,,1.0
36,bus,11,50.0,45.0,at_station,,-1.0
36,bus,12,15.0,10.0,at_station,,1.0
36,bus,13,55.0,60.0,at_station,,-1.0
36,bus,14,10.0,15.0,at_station,,1.0
36,bus,15,50.0,65.0,at_station,,-1.0
37,drone,0,20.0,15.0,waiting_at_bus_station_for_delivery,275.0,
37,drone,1,33.28696785835454,29.370425713316365,direct_transport_to_delivery,201.6731446728953,
37,bus,0,27.5,60.0,moving,,1.0
37,bus,1,15.0,37.5,moving,,-1.0
37,bus,2,50.0,37.5,moving,,1.0
37,bus,3,37.5,15.0,moving,,-1.0
37,bus,4,15.0,52.5,moving,,1.0
37,bus,5,15.0,57.5,moving,,-1.0
37,bus,6,50.0,17.5,moving,,1.0
37,bus,7,50.0,22.5,moving,,-1.0
37,bus,8,15.0,32.5,moving,,1.0
37,bus,9,32.5,60.0,moving,,-1.0
37,bus,10,32.5,15.0,moving,,1.0
37,bus,11,50.0,42.5,moving,,-1.0
37,bus,12,15.0,12.5,moving,,1.0
37,bus,13,52.5,60.0,moving,,-1.0
37,bus,14,12.5,15.0,moving,,1.0
37,bus,15,50.0,62.5,moving,,-1.0
38,drone,0,20.0,15.0,waiting_at_bus_station_for_delivery,275.0,
38,drone,1,29.382623811139386,32.49390095108849,direct_transport_to_delivery,196.6731446728953,
38,bus,0,32.5,60.0,moving,,1.0
38,bus,1,15.0,32.5,moving,,-1.0
38,bus,2,50.0,42.5,moving,,1.0
38,bus,3,32.5,15.0,moving,,-1.0
38,bus,4,15.0,57.5,moving,,1.0
38,bus,5,15.0,52.5,moving,,-1.0
38,bus,6,50.0,22.5,moving,,1.0
38,bus,7,50.0,17.5,moving,,-1.0
38,bus,8,15.0,37.5,moving,,1.0
38,bus,9,27.5,60.0,moving,,-1.0
38,bus,10,37.5,15.0,moving,,1.0
38,bus,11,50.0,37.5,moving,,-1.0
38,bus,12,15.0,17.5,moving,,1.0
38,bus,13,47.5,60.0,moving,,-1.0
38,bus,14,17.5,15.0,moving,,1.0
38,bus,15,50.0,57.5,moving,,-1.0
39,drone,0,20.0,15.0,waiting_at_bus_station_for_delivery,275.0,
39,drone,1,25.478279763924235,35.61737618886061,direct_transport_to_delivery,191.6731446728953,
39,bus,0,35.0,60.0,at_station,,1.0
39,bus,1,15.0,30.0,at_station,,-1.0
39,bus,2,50.0,45.0,at_station,,1.0
39,bus,3,30.0,15.0,at_station,,-1.0
39,bus,4,15.0,60.0,at_station,,1.0
39,bus,5,15.0,50.0,at_station,,-1.0
39,bus,6,50.0,25.0,at_station,,1.0
39,bus,7,50.0,15.0,at_station,,-1.0
39,bus,8,15.0,40.0,at_station,,1.0
39,bus,9,25.0,60.0,at_station,,-1.0
39,bus,10,40.0,15.0,at_station,,1.0
39,bus,11,50.0,35.0,at_station,,-1.0
39,bus,12,15.0,20.0,at_station,,1.0
39,bus,13,45.0,60.0,at_station,,-1.0
39,bus,14,20.0,15.0,at_station,,1.0
39,bus,15,50.0,55.0,at_station,,-1.0
39,bus,16,15.0,0.0,at_station,,1.0
39,bus,17,65.0,60.0,at_station,,-1.0
39,bus,18,0.0,15.0,at_station,,1.0
39,bus,19,50.0,75.0,at_station,,-1.0
40,drone,0,20.0,15.0,waiting_at_bus_station_for_delivery,275.0,
40,drone,1,21.573935716709084,38.74085142663273,direct_transport_to_delivery,186.6731446728953,
40,bus,0,35.0,60.0,at_station,,1.0
40,bus,1,15.0,30.0,at_station,,-1.0
40,bus,2,50.0,45.0,at_station,,1.0
40,bus,3,30.0,15.0,at_station,,-1.0
40,bus,4,15.0,60.0,at_station,,1.0
40,bus,5,15.0,50.0,at_station,,-1.0
40,bus,6,50.0,25.0,at_station,,1.0
40,bus,7,50.0,15.0,at_station,,-1.0
40,bus,8,15.0,40.0,at_station,,1.0
40,bus,9,25.0,60.0,at_station,,-1.0
40,bus,10,40.0,15.0,at_station,,1.0
40,bus,11,50.0,35.0,at_station,,-1.0
40,bus,12,15.0,20.0,at_station,,1.0
40,bus,13,45.0,60.0,at_station,,-1.0
40,bus,14,20.0,15.0,at_station,,1.0
40,bus,15,50.0,55.0,at_station,,-1.0
40,bus,16,15.0,0.0,at_station,,1.0
40,bus,17,65.0,60.0,at_station,,-1.0
40,bus,18,0.0,15.0,at_station,,1.0
40,bus,19,50.0,75.0,at_station,,-1.0
41,drone,0,20.0,15.0,waiting_at_bus_station_for_delivery,275.0,
41,drone,1,20.0,40.0,idle,184.65752348573105,
41,bus,0,35.0,60.0,at_station,,1.0
41,bus,1,15.0,30.0,at_station,,-1.0
41,bus,2,50.0,45.0,at_station,,1.0
41,bus,3,30.0,15.0,at_station,,-1.0
41,bus,4,15.0,60.0,at_station,,1.0
41,bus,5,15.0,50.0,at_station,,-1.0
41,bus,6,50.0,25.0,at_station,,1.0
41,bus,7,50.0,15.0,at_station,,-1.0
41,bus,8,15.0,40.0,at_station,,1.0
41,bus,9,25.0,60.0,at_station,,-1.0
41,bus,10,40.0,15.0,at_station,,1.0
41,bus,11,50.0,35.0,at_station,,-1.0
41,bus,12,15.0,20.0,at_station,,1.0
41,bus,13,45.0,60.0,at_station,,-1.0
41,bus,14,20.0,15.0,at_station,,1.0
41,bus,15,50.0,55.0,at_station,,-1.0
41,bus,16,15.0,0.0,at_station,,1.0
41,bus,17,65.0,60.0,at_station,,-1.0
41,bus,18,0.0,15.0,at_station,,1.0
41,bus,19,50.0,75.0,at_station,,-1.0
42,drone,0,20.0,15.0,waiting_at_bus_station_for_delivery,275.0,
42,drone,1,17.76393202250021,35.52786404500042,direct_transport_to_pickup,179.65752348573105,
42,bus,0,37.5,60.0,moving,,1.0
42,bus,1,15.0,27.5,moving,,-1.0
42,bus,2,50.0,47.5,moving,,1.0
42,bus,3,27.5,15.0,moving,,-1.0
42,bus,4,17.5,60.0,moving,,1.0
42,bus,5,15.0,47.5,moving,,-1.0
42,bus,6,50.0,27.5,moving,,1.0
42,bus,7,47.5,15.0,moving,,-1.0
42,bus,8,15.0,42.5,moving,,1.0
42,bus,9,22.5,60.0,moving,,-1.0
42,bus,10,42.5,15.0,moving,,1.0
42,bus,11,50.0,32.5,moving,,-1.0
42,bus,12,15.0,22.5,moving,,1.0
42,bus,13,42.5,60.0,moving,,-1.0
42,bus,14,22.5,15.0,moving,,1.0
42,bus,15,50.0,52.5,moving,,-1.0
42,bus,16,15.0,2.5,moving,,1.0
42,bus,17,62.5,60.0,moving,,-1.0
42,bus,18,2.5,15.0,moving,,1.0
42,bus,19,50.0,72.5,moving,,-1.0
43,drone,0,20.0,15.0,waiting_at_bus_station_for_delivery,275.0,
43,drone,1,15.52786404500042,31.05572809000084,direct_transport_to_pickup,174.65752348573105,
43,bus,0,42.5,60.0,moving,,1.0
43,bus,1,15.0,22.5,moving,,-1.0
43,bus,2,50.0,52.5,moving,,1.0
43,bus,3,22.5,15.0,moving,,-1.0
43,bus,4,22.5,60.0,moving,,1.0
43,bus,5,15.0,42.5,moving,,-1.0
43,bus,6,50.0,32.5,moving,,1.0
43,bus,7,42.5,15.0,moving,,-1.0
43,bus,8,15.0,47.5,moving,,1.0
43,bus,9,17.5,60.0,moving,,-1.0
43,bus,10,47.5,15.0,moving,,1.0
43,bus,11,50.0,27.5,moving,,-1.0
43,bus,12,15.0,27.5,moving,,1.0
43,bus,13,37.5,60.0,moving,,-1.0
43,bus,14,27.5,15.0,moving,,1.0
43,bus,15,50.0,47.5,moving,,-1.0
43,bus,16,15.0,7.5,moving,,1.0
43,bus,17,57.5,60.0,moving,,-1.0
43,bus,18,7.5,15.0,moving,,1.0
43,bus,19,50.0,67.5,moving,,-1.0
44,drone,0,20.0,15.0,waiting_at_bus_station_for_delivery,275.0,
44,drone,1,15.0,30.0,direct_transport_to_delivery,173.4771835982321,
44,bus,0,45.0,60.0,at_station,,1.0
44,bus,1,15.0,20.0,at_station,,-1.0
44,bus,2,50.0,55.0,at_station,,1.0
44,bus,3,20.0,15.0,at_station,,-1.0
44,bus,4,25.0,60.0,at_station,,1.0
44,bus,5,15.0,40.0,at_station,,-1.0
44,bus,6,50.0,35.0,at_station,,1.0
44,bus,7,40.0,15.0,at_station,,-1.0
44,bus,8,15.0,50.0,at_station,,1.0
44,bus,9,15.0,60.0,at_station,,-1.0
44,bus,10,50.0,15.0,at_station,,1.0
44,bus,11,50.0,25.0,at_station,,-1.0
44,bus,12,15.0,30.0,at_station,,1.0
44,bus,13,35.0,60.0,at_station,,-1.0
44,bus,14,30.0,15.0,at_station,,1.0
44,bus,15,50.0,45.0,at_station,,-1.0
44,bus,16,15.0,10.0,at_station,,1.0
44,bus,17,55.0,60.0,at_station,,-1.0
44,bus,18,10.0,15.0,at_station,,1.0
44,bus,19,50.0,65.0,at_station,,-1.0
45,drone,0,22.42821465589316,19.37078638060769,moving_to_delivery,270.0,
45,drone,1,17.23606797749979,25.52786404500042,direct_transport_to_delivery,168.4771835982321,
45,bus,0,45.0,60.0,at_station,,1.0
45,bus,1,15.0,20.0,at_station,,-1.0
45,bus,2,50.0,55.0,at_station,,1.0
45,bus,3,20.0,15.0,at_station,,-1.0
45,bus,4,25.0,60.0,at_station,,1.0
45,bus,5,15.0,40.0,at_station,,-1.0
45,bus,6,50.0,35.0,at_station,,1.0
45,bus,7,40.0,15.0,at_station,,-1.0
45,bus,8,15.0,50.0,at_station,,1.0
45,bus,9,15.0,60.0,at_station,,-1.0
45,bus,10,50.0,15.0,at_station,,1.0
45,bus,11,50.0,25.0,at_station,,-1.0
45,bus,12,15.0,30.0,at_station,,1.0
45,bus,13,35.0,60.0,at_station,,-1.0
45,bus,14,30.0,15.0,at_station,,1.0
45,bus,15,50.0,45.0,at_station,,-1.0
45,bus,16,15.0,10.0,at_station,,1.0
45,bus,17,55.0,60.0,at_station,,-1.0
45,bus,18,10.0,15.0,at_station,,1.0
45,bus,19,50.0,65.0,at_station,,-1.0
46,drone,0,24.85642931178632,23.74157276121538,moving_to_delivery,265.0,
46,drone,1,18.0,24.0,idle,166.76897966573273,
46,bus,0,45.0,60.0,at_station,,1.0
46,bus,1,15.0,20.0,at_station,,-1.0
46,bus,2,50.0,55.0,at_station,,1.0
46,bus,3,20.0,15.0,at_station,,-1.0
46,bus,4,25.0,60.0,at_station,,1.0
46,bus,5,15.0,40.0,at_station,,-1.0
46,bus,6,50.0,35.0,at_station,,1.0
46,bus,7,40.0,15.0,at_station,,-1.0
46,bus,8,15.0,50.0,at_station,,1.0
46,bus,9,15.0,60.0,at_station,,-1.0
46,bus,10,50.0,15.0,at_station,,1.0
46,bus,11,50.0,25.0,at_station,,-1.0
46,bus,12,15.0,30.0,at_station,,1.0
46,bus,13,35.0,60.0,at_station,,-1.0
46,bus,14,30.0,15.0,at_station,,1.0
46,bus,15,50.0,45.0,at_station,,-1.0
46,bus,16,15.0,10.0,at_station,,1.0
46,bus,17,55.0,60.0,at_station,,-1.0
46,bus,18,10.0,15.0,at_station,,1.0
46,bus,19,50.0,65.0,at_station,,-1.0
47,drone,0,25.0,24.0,idle,264.704369859013,
47,drone,1,22.819963091030367,22.670355009370933,direct_transport_to_pickup,161.76897966573273,
47,bus,0,47.5,60.0,moving,,1.0
47,bus,1,15.0,17.5,moving,,-1.0
47,bus,2,50.0,57.5,moving,,1.0
47,bus,3,17.5,15.0,moving,,-1.0
47,bus,4,27.5,60.0,moving,,1.0
47,bus,5,15.0,37.5,moving,,-1.0
47,bus,6,50.0,37.5,moving,,1.0
47,bus,7,37.5,15.0,moving,,-1.0
47,bus,8,15.0,52.5,moving,,1.0
47,bus,9,15.0,57.5,moving,,-1.0
47,bus,10,50.0,17.5,moving,,1.0
47,bus,11,50.0,22.5,moving,,-1.0
47,bus,12,15.0,32.5,moving,,1.0
47,bus,13,32.5,60.0,moving,,-1.0
47,bus,14,32.5,15.0,moving,,1.0
47,bus,15,50.0,42.5,moving,,-1.0
47,bus,16,15.0,12.5,moving,,1.0
47,bus,17,52.5,60.0,moving,,-1.0
47,bus,18,12.5,15.0,moving,,1.0
47,bus,19,50.0,62.5,moving,,-1.0
48,drone,0,23.00636944292775,28.585350281266173,direct_transport_to_pickup,259.704369859013,
48,drone,1,27.639926182060734,21.340710018741866,direct_transport_to_pickup,156.76897966573273,
48,bus,0,52.5,60.0,moving,,1.0
48,bus,1,15.0,12.5,moving,,-1.0
48,bus,2,50.0,62.5,moving,,1.0
48,bus,3,12.5,15.0,moving,,-1.0
48,bus,4,32.5,60.0,moving,,1.0
48,bus,5,15.0,32.5,moving,,-1.0
48,bus,6,50.0,42.5,moving,,1.0
48,bus,7,32.5,15.0,moving,,-1.0
48,bus,8,15.0,57.5,moving,,1.0
48,bus,9,15.0,52.5,moving,,-1.0
48,bus,10,50.0,22.5,moving,,1.0
48,bus,11,50.0,17.5,moving,,-1.0
48,bus,12,15.0,37.5,moving,,1.0
48,bus,13,27.5,60.0,moving,,-1.0
48,bus,14,37.5,15.0,moving,,1.0
48,bus,15,50.0,37.5,moving,,-1.0
48,bus,16,15.0,17.5,moving,,1.0
48,bus,17,47.5,60.0,moving,,-1.0
48,bus,18,17.5,15.0,moving,,1.0
48,bus,19,50.0,57.5,moving,,-1.0
49,drone,0,21.012738885855498,33.170700562532346,direct_transport_to_pickup,254.704369859013,
49,drone,1,32.4598892730911,20.0110650281128,direct_transport_to_pickup,151.76897966573273,
49,bus,0,55.0,60.0,at_station,,1.0
49,bus,1,15.0,10.0,at_station,,-1.0
49,bus,2,50.0,65.0,at_station,,1.0
49,bus,3,10.0,15.0,at_station,,-1.0
49,bus,4,35.0,60.0,at_station,,1.0
49,bus,5,15.0,30.0,at_station,,-1.0
49,bus,6,50.0,45.0,at_station,,1.0
49,bus,7,30.0,15.0,at_station,,-1.0
49,bus,8,15.0,60.0,at_station,,1.0
49,bus,9,15.0,50.0,at_station,,-1.0
49,bus,10,50.0,25.0,at_station,,1.0
49,bus,11,50.0,15.0,at_station,,-1.0
49,bus,12,15.0,40.0,at_station,,1.0
49,bus,13,25.0,60.0,at_station,,-1.0
49,bus,14,40.0,15.0,at_station,,1.0
49,bus,15,50.0,35.0,at_station,,-1.0
49,bus,16,15.0,20.0,at_station,,1.0
49,bus,17,45.0,60.0,at_station,,-1.0
49,bus,18,20.0,15.0,at_station,,1.0
49,bus,19,50.0,55.0,at_station,,-1.0
49,bus,20,15.0,0.0,at_station,,1.0
49,bus,21,65.0,60.0,at_station,,-1.0
49,bus,22,0.0,15.0,at_station,,1.0
49,bus,23,50.0,75.0,at_station,,-1.0
50,drone,0,19.01910832878325,37.75605084379852,direct_transport_to_pickup,249.704369859013,
50,drone,1,37.27985236412147,18.681420037483733,direct_transport_to_pickup,146.76897966573273,
50,bus,0,55.0,60.0,at_station,,1.0
50,bus,1,15.0,10.0,at_station,,-1.0
50,bus,2,50.0,65.0,at_station,,1.0
50,bus,3,10.0,15.0,at_station,,-1.0
50,bus,4,35.0,60.0,at_station,,1.0
50,bus,5,15.0,30.0,at_station,,-1.0
50,bus,6,50.0,45.0,at_station,,1.0
50,bus,7,30.0,15.0,at_station,,-1.0
50,bus,8,15.0,60.0,at_station,,1.0
50,bus,9,15.0,50.0,at_station,,-1.0
50,bus,10,50.0,25.0,at_station,,1.0
50,bus,11,50.0,15.0,at_station,,-1.0
50,bus,12,15.0,40.0,at_station,,1.0
50,bus,13,25.0,60.0,at_station,,-1.0
50,bus,14,40.0,15.0,at_station,,1.0
50,bus,15,50.0,35.0,at_station,,-1.0
50,bus,16,15.0,20.0,at_station,,1.0
50,bus,17,45.0,60.0,at_station,,-1.0
50,bus,18,20.0,15.0,at_station,,1.0
50,bus,19,50.0,55.0,at_station,,-1.0
50,bus,20,15.0,0.0,at_station,,1.0
50,bus,21,65.0,60.0,at_station,,-1.0
50,bus,22,0.0,15.0,at_station,,1.0
50,bus,23,50.0,75.0,at_station,,-1.0
51,drone,0,17.025477771711003,42.34140112506469,direct_transport_to_pickup,244.704369859013,
51,drone,1,42.099815455151834,17.351775046854666,direct_transport_to_pickup,141.76897966573273,
51,bus,0,55.0,60.0,at_station,,1.0
51,bus,1,15.0,10.0,at_station,,-1.0
51,bus,2,50.0,65.0,at_station,,1.0
51,bus,3,10.0,15.0,at_station,,-1.0
51,bus,4,35.0,60.0,at_station,,1.0
51,bus,5,15.0,30.0,at_station,,-1.0
51,bus,6,50.0,45.0,at_station,,1.0
51,bus,7,30.0,15.0,at_station,,-1.0
51,bus,8,15.0,60.0,at_station,,1.0
51,bus,9,15.0,50.0,at_station,,-1.0
51,bus,10,50.0,25.0,at_station,,1.0
51,bus,11,50.0,15.0,at_station,,-1.0
51,bus,12,15.0,40.0,at_station,,1.0
51,bus,13,25.0,60.0,at_station,,-1.0
51,bus,14,40.0,15.0,at_station,,1.0
51,bus,15,50.0,35.0,at_station,,-1.0
51,bus,16,15.0,20.0,at_station,,1.0
51,bus,17,45.0,60.0,at_station,,-1.0
51,bus,18,20.0,15.0,at_station,,1.0
51,bus,19,50.0,55.0,at_station,,-1.0
51,bus,20,15.0,0.0,at_station,,1.0
51,bus,21,65.0,60.0,at_station,,-1.0
51,bus,22,0.0,15.0,at_station,,1.0
51,bus,23,50.0,75.0,at_station,,-1.0
52,drone,0,15.031847214638754,46.926751406330865,direct_transport_to_pickup,239.704369859013,
52,drone,1,46.9197785461822,16.0221300562256,direct_transport_to_pickup,136.76897966573273,
52,bus,0,57.5,60.0,moving,,1.0
52,bus,1,15.0,7.5,moving,,-1.0
52,bus,2,50.0,67.5,moving,,1.0
52,bus,3,7.5,15.0,moving,,-1.0
52,bus,4,37.5,60.0,moving,,1.0
52,bus,5,15.0,27.5,moving,,-1.0
52,bus,6,50.0,47.5,moving,,1.0
52,bus,7,27.5,15.0,moving,,-1.0
52,bus,8,17.5,60.0,moving,,1.0
52,bus,9,15.0,47.5,moving,,-1.0
52,bus,10,50.0,27.5,moving,,1.0
52,bus,11,47.5,15.0,moving,,-1.0
52,bus,12,15.0,42.5,moving,,1.0
52,bus,13,22.5,60.0,moving,,-1.0
52,bus,14,42.5,15.0,moving,,1.0
52,bus,15,50.0,32.5,moving,,-1.0
52,bus,16,15.0,22.5,moving,,1.0
52,bus,17,42.5,60.0,moving,,-1.0
52,bus,18,22.5,15.0,moving,,1.0
52,bus,19,50.0,52.5,moving,,-1.0
52,bus,20,15.0,2.5,moving,,1.0
52,bus,21,62.5,60.0,moving,,-1.0
52,bus,22,2.5,15.0,moving,,1.0
52,bus,23,50.0,72.5,moving,,-1.0
53,drone,0,15.0,47.0,direct_transport_to_delivery,239.6244974510441,
53,drone,1,47.0,16.0,direct_transport_to_delivery,136.68576175275007,
53,bus,0,62.5,60.0,moving,,1.0
53,bus,1,15.0,2.5,moving,,-1.0
53,bus,2,50.0,72.5,moving,,1.0
53,bus,3,2.5,15.0,moving,,-1.0
53,bus,4,42.5,60.0,moving,,1.0
53,bus,5,15.0,22.5,moving,,-1.0
53,bus,6,50.0,52.5,moving,,1.0
53,bus,7,22.5,15.0,moving,,-1.0
53,bus,8,22.5,60.0,moving,,1.0
53,bus,9,15.0,42.5,moving,,-1.0
53,bus,10,50.0,32.5,moving,,1.0
53,bus,11,42.5,15.0,moving,,-1.0
53,bus,12,15.0,47.5,moving,,1.0
53,bus,13,17.5,60.0,moving,,-1.0
53,bus,14,47.5,15.0,moving,,1.0
53,bus,15,50.0,27.5,moving,,-1.0
53,bus,16,15.0,27.5,moving,,1.0
53,bus,17,37.5,60.0,moving,,-1.0
53,bus,18,27.5,15.0,moving,,1.0
53,bus,19,50.0,47.5,moving,,-1.0
53,bus,20,15.0,7.5,moving,,1.0
53,bus,21,57.5,60.0,moving,,-1.0
53,bus,22,7.5,15.0,moving,,1.0
53,bus,23,50.0,67.5,moving,,-1.0
54,drone,0,11.464466094067262,50.53553390593274,direct_transport_to_delivery,234.6244974510441,
54,drone,1,44.22649901887385,20.160251471689218,direct_transport_to_delivery,131.68576175275007,
54,bus,0,65.0,60.0,at_station,,1.0
54,bus,1,15.0,0.0,at_station,,-1.0
54,bus,2,50.0,75.0,at_station,,1.0
54,bus,3,0.0,15.0,at_station,,-1.0
54,bus,4,45.0,60.0,at_station,,1.0
54,bus,5,15.0,20.0,at_station,,-1.0
54,bus,6,50.0,55.0,at_station,,1.0
54,bus,7,20.0,15.0,at_station,,-1.0
54,bus,8,25.0,60.0,at_station,,1.0
54,bus,9,15.0,40.0,at_station,,-1.0
54,bus,10,50.0,35.0,at_station,,1.0
54,bus,11,40.0,15.0,at_station,,-1.0
54,bus,12,15.0,50.0,at_station,,1.0
54,bus,13,15.0,60.0,at_station,,-1.0
54,bus,14,50.0,15.0,at_station,,1.0
54,bus,15,50.0,25.0,at_station,,-1.0
54,bus,16,15.0,30.0,at_station,,1.0
54,bus,17,35.0,60.0,at_station,,-1.0
54,bus,18,30.0,15.0,at_station,,1.0
54,bus,19,50.0,45.0,at_station,,-1.0
54,bus,20,15.0,10.0,at_station,,1.0
54,bus,21,55.0,60.0,at_station,,-1.0
54,bus,22,10.0,15.0,at_station,,1.0
54,bus,23,50.0,65.0,at_station,,-1.0
55,drone,0,7.9289321881345245,54.071067811865476,direct_transport_to_delivery,229.6244974510441,
55,drone,1,41.452998037747705,24.320502943378436,direct_transport_to_delivery,126.68576175275007,
55,bus,0,65.0,60.0,at_station,,1.0
55,bus,1,15.0,0.0,at_station,,-1.0
55,bus,2,50.0,75.0,at_station,,1.0
55,bus,3,0.0,15.0,at_station,,-1.0
55,bus,4,45.0,60.0,at_station,,1.0
55,bus,5,15.0,20.0,at_station,,-1.0
55,bus,6,50.0,55.0,at_station,,1.0
55,bus,7,20.0,15.0,at_station,,-1.0
55,bus,8,25.0,60.0,at_station,,1.0
55,bus,9,15.0,40.0,at_station,,-1.0
55,bus,10,50.0,35.0,at_station,,1.0
55,bus,11,40.0,15.0,at_station,,-1.0
55,bus,12,15.0,50.0,at_station,,1.0
55,bus,13,15.0,60.0,at_station,,-1.0
55,bus,14,50.0,15.0,at_station,,1.0
55,bus,15,50.0,25.0,at_station,,-1.0
55,bus,16,15.0,30.0,at_station,,1.0
55,bus,17,35.0,60.0,at_station,,-1.0
55,bus,18,30.0,15.0,at_station,,1.0
55,bus,19,50.0,45.0,at_station,,-1.0
55,bus,20,15.0,10.0,at_station,,1.0
55,bus,21,55.0,60.0,at_station,,-1.0
55,bus,22,10.0,15.0,at_station,,1.0
55,bus,23,50.0,65.0,at_station,,-1.0
56,drone,0,4.393398282201787,57.60660171779821,direct_transport_to_delivery,224.6244974510441,
56,drone,1,38.679497056621564,28.480754415067654,direct_transport_to_delivery,121.68576175275007,
56,bus,0,65.0,60.0,at_station,,1.0
56,bus,1,15.0,0.0,at_station,,-1.0
56,bus,2,50.0,75.0,at_station,,1.0
56,bus,3,0.0,15.0,at_station,,-1.0
56,bus,4,45.0,60.0,at_station,,1.0
56,bus,5,15.0,20.0,at_station,,-1.0
56,bus,6,50.0,55.0,at_station,,1.0
56,bus,7,20.0,15.0,at_station,,-1.0
56,bus,8,25.0,60.0,at_station,,1.0
56,bus,9,15.0,40.0,at_station,,-1.0
56,bus,10,50.0,35.0,at_station,,1.0
56,bus,11,40.0,15.0,at_station,,-1.0
56,bus,12,15.0,50.0,at_station,,1.0
56,bus,13,15.0,60.0,at_station,,-1.0
56,bus,14,50.0,15.0,at_station,,1.0
56,bus,15,50.0,25.0,at_station,,-1.0
56,bus,16,15.0,30.0,at_station,,1.0
56,bus,17,35.0,60.0,at_station,,-1.0
56,bus,18,30.0,15.0,at_station,,1.0
56,bus,19,50.0,45.0,at_station,,-1.0
56,bus,20,15.0,10.0,at_station,,1.0
56,bus,21,55.0,60.0,at_station,,-1.0
56,bus,22,10.0,15.0,at_station,,1.0
56,bus,23,50.0,65.0,at_station,,-1.0
57,drone,0,2.0,60.0,idle,221.23972114019386,
57,drone,1,37.0,31.0,idle,118.65800537543012,
57,bus,0,62.5,60.0,moving,,-1.0
57,bus,1,15.0,2.5,moving,,1.0
57,bus,2,50.0,72.5,moving,,-1.0
57,bus,3,2.5,15.0,moving,,1.0
57,bus,4,47.5,60.0,moving,,1.0
57,bus,5,15.0,17.5,moving,,-1.0
57,bus,6,50.0,57.5,moving,,1.0
57,bus,7,17.5,15.0,moving,,-1.0
57,bus,8,27.5,60.0,moving,,1.0
57,bus,9,15.0,37.5,moving,,-1.0
57,bus,10,50.0,37.5,moving,,1.0
57,bus,11,37.5,15.0,moving,,-1.0
57,bus,12,15.0,52.5,moving,,1.0
57,bus,13,15.0,57.5,moving,,-1.0
57,bus,14,50.0,17.5,moving,,1.0
57,bus,15,50.0,22.5,moving,,-1.0
57,bus,16,15.0,32.5,moving,,1.0
57,bus,17,32.5,60.0,moving,,-1.0
57,bus,18,32.5,15.0,moving,,1.0
57,bus,19,50.0,42.5,moving,,-1.0
57,bus,20,15.0,12.5,moving,,1.0
57,bus,21,52.5,60.0,moving,,-1.0
57,bus,22,12.5,15.0,moving,,1.0
57,bus,23,50.0,62.5,moving,,-1.0
58,drone,0,6.810633631576919,61.36301286228013,moving_to_pickup,216.23972114019386,
58,drone,1,41.65621389852877,32.82199674290256,to_charging_station,113.65800537543012,
58,bus,0,57.5,60.0,moving,,-1.0
58,bus,1,15.0,7.5,moving,,1.0
58,bus,2,50.0,67.5,moving,,-1.0
58,bus,3,7.5,15.0,moving,,1.0
58,bus,4,52.5,60.0,moving,,1.0
58,bus,5,15.0,12.5,moving,,-1.0
58,bus,6,50.0,62.5,moving,,1.0
58,bus,7,12.5,15.0,moving,,-1.0
58,bus,8,32.5,60.0,moving,,1.0
58,bus,9,15.0,32.5,moving,,-1.0
58,bus,10,50.0,42.5,moving,,1.0
58,bus,11,32.5,15.0,moving,,-1.0
58,bus,12,15.0,57.5,moving,,1.0
58,bus,13,15.0,52.5,moving,,-1.0
58,bus,14,50.0,22.5,moving,,1.0
58,bus,15,50.0,17.5,moving,,-1.0
58,bus,16,15.0,37.5,moving,,1.0
58,bus,17,27.5,60.0,moving,,-1.0
58,bus,18,37.5,15.0,moving,,1.0
58,bus,19,50.0,37.5,moving,,-1.0
58,bus,20,15.0,17.5,moving,,1.0
58,bus,21,47.5,60.0,moving,,-1.0
58,bus,22,17.5,15.0,moving,,1.0
58,bus,23,50.0,57.5,moving,,-1.0
59,drone,0,11.621267263153838,62.72602572456026,moving_to_pickup,211.23972114019386,
59,drone,1,46.31242779705754,34.643993485805126,to_charging_station,108.65800537543012,
59,bus,0,55.0,60.0,at_station,,-1.0
59,bus,1,15.0,10.0,at_station,,1.0
59,bus,2,50.0,65.0,at_station,,-1.0
59,bus,3,10.0,15.0,at_station,,1.0
59,bus,4,55.0,60.0,at_station,,1.0
59,bus,5,15.0,10.0,at_station,,-1.0
59,bus,6,50.0,65.0,at_station,,1.0
59,bus,7,10.0,15.0,at_station,,-1.0
59,bus,8,35.0,60.0,at_station,,1.0
59,bus,9,15.0,30.0,at_station,,-1.0
59,bus,10,50.0,45.0,at_station,,1.0
59,bus,11,30.0,15.0,at_station,,-1.0
59,bus,12,15.0,60.0,at_station,,1.0
59,bus,13,15.0,50.0,at_station,,-1.0
59,bus,14,50.0,25.0,at_station,,1.0
59,bus,15,50.0,15.0,at_station,,-1.0
59,bus,16,15.0,40.0,at_station,,1.0
59,bus,17,25.0,60.0,at_station,,-1.0
59,bus,18,40.0,15.0,at_station,,1.0
59,bus,19,50.0,35.0,at_station,,-1.0
59,bus,20,15.0,20.0,at_station,,1.0
59,bus,21,45.0,60.0,at_station,,-1.0
59,bus,22,20.0,15.0,at_station,,1.0
59,bus,23,50.0,55.0,at_station,,-1.0
60,drone,0,16.43190089473076,64.08903858684039,moving_to_pickup,206.23972114019386,
60,drone,1,50.96864169558631,36.46599022870769,to_charging_station,103.65800537543012,
60,bus,0,55.0,60.0,at_station,,-1.0
60,bus,1,15.0,10.0,at_station,,1.0
60,bus,2,50.0,65.0,at_station,,-1.0
60,bus,3,10.0,15.0,at_station,,1.0
60,bus,4,55.0,60.0,at_station,,1.0
60,bus,5,15.0,10.0,at_station,,-1.0
60,bus,6,50.0,65.0,at_station,,1.0
60,bus,7,10.0,15.0,at_station,,-1.0
60,bus,8,35.0,60.0,at_station,,1.0
60,bus,9,15.0,30.0,at_station,,-1.0
60,bus,10,50.0,45.0,at_station,,1.0
60,bus,11,30.0,15.0,at_station,,-1.0
60,bus,12,15.0,60.0,at_station,,1.0
60,bus,13,15.0,50.0,at_station,,-1.0
60,bus,14,50.0,25.0,at_station,,1.0
60,bus,15,50.0,15.0,at_station,,-1.0
60,bus,16,15.0,40.0,at_station,,1.0
60,bus,17,25.0,60.0,at_station,,-1.0
60,bus,18,40.0,15.0,at_station,,1.0
60,bus,19,50.0,35.0,at_station,,-1.0
60,bus,20,15.0,20.0,at_station,,1.0
60,bus,21,45.0,60.0,at_station,,-1.0
60,bus,22,20.0,15.0,at_station,,1.0
60,bus,23,50.0,55.0,at_station,,-1.0
61,drone,0,21.24253452630768,65.45205144912052,moving_to_pickup,201.23972114019386,
61,drone,1,55.624855594115076,38.28798697161025,to_charging_station,98.65800537543012,
61,bus,0,55.0,60.0,at_station,,-1.0
61,bus,1,15.0,10.0,at_station,,1.0
61,bus,2,50.0,65.0,at_station,,-1.0
61,bus,3,10.0,15.0,at_station,,1.0
61,bus,4,55.0,60.0,at_station,,1.0
61,bus,5,15.0,10.0,at_station,,-1.0
61,bus,6,50.0,65.0,at_station,,1.0
61,bus,7,10.0,15.0,at_station,,-1.0
61,bus,8,35.0,60.0,at_station,,1.0
61,bus,9,15.0,30.0,at_station,,-1.0
61,bus,10,50.0,45.0,at_station,,1.0
61,bus,11,30.0,15.0,at_station,,-1.0
61,bus,12,15.0,60.0,at_station,,1.0
61,bus,13,15.0,50.0,at_station,,-1.0
61,bus,14,50.0,25.0,at_station,,1.0
61,bus,15,50.0,15.0,at_station,,-1.0
61,bus,16,15.0,40.0,at_station,,1.0
61,bus,17,25.0,60.0,at_station,,-1.0
61,bus,18,40.0,15.0,at_station,,1.0
61,bus,19,50.0,35.0,at_station,,-1.0
61,bus,20,15.0,20.0,at_station,,1.0
61,bus,21,45.0,60.0,at_station,,-1.0
61,bus,22,20.0,15.0,at_station,,1.0
61,bus,23,50.0,55.0,at_station,,-1.0
62,drone,0,26.0531681578846,66.81506431140065,moving_to_pickup,196.23972114019386,
62,drone,1,60.0,40.0,idle,300.0,
62,bus,0,52.5,60.0,moving,,-1.0
62,bus,1,15.0,12.5,moving,,1.0
62,bus,2,50.0,62.5,moving,,-1.0
62,bus,3,12.5,15.0,moving,,1.0
62,bus,4,57.5,60.0,moving,,1.0
62,bus,5,15.0,7.5,moving,,-1.0
62,bus,6,50.0,67.5,moving,,1.0
62,bus,7,7.5,15.0,moving,,-1.0
62,bus,8,37.5,60.0,moving,,1.0
62,bus,9,15.0,27.5,moving,,-1.0
62,bus,10,50.0,47.5,moving,,1.0
62,bus,11,27.5,15.0,moving,,-1.0
62,bus,12,17.5,60.0,moving,,1.0
62,bus,13,15.0,47.5,moving,,-1.0
62,bus,14,50.0,27.5,moving,,1.0
62,bus,15,47.5,15.0,moving,,-1.0
62,bus,16,15.0,42.5,moving,,1.0
62,bus,17,22.5,60.0,moving,,-1.0
62,bus,18,42.5,15.0,moving,,1.0
62,bus,19,50.0,32.5,moving,,-1.0
62,bus,20,15.0,22.5,moving,,1.0
62,bus,21,42.5,60.0,moving,,-1.0
62,bus,22,22.5,15.0,moving,,1.0
62,bus,23,50.0,52.5,moving,,-1.0
63,drone,0,30.86380178946152,68.17807717368078,moving_to_pickup,191.23972114019386,
63,drone,1,55.52786404500042,37.763932022500214,moving_to_bus_station_for_delivery,295.0,
63,bus,0,47.5,60.0,moving,,-1.0
63,bus,1,15.0,17.5,moving,,1.0
63,bus,2,50.0,57.5,moving,,-1.0
63,bus,3,17.5,15.0,moving,,1.0
63,bus,4,62.5,60.0,moving,,1.0
63,bus,5,15.0,2.5,moving,,-1.0
63,bus,6,50.0,72.5,moving,,1.0
63,bus,7,2.5,15.0,moving,,-1.0
63,bus,8,42.5,60.0,moving,,1.0
63,bus,9,15.0,22.5,moving,,-1.0
63,bus,10,50.0,52.5,moving,,1.0
63,bus,11,22.5,15.0,moving,,-1.0
63,bus,12,22.5,60.0,moving,,1.0
63,bus,13,15.0,42.5,moving,,-1.0
63,bus,14,50.0,32.5,moving,,1.0
63,bus,15,42.5,15.0,moving,,-1.0
63,bus,16,15.0,47.5,moving,,1.0
63,bus,17,17.5,60.0,moving,,-1.0
63,bus,18,47.5,15.0,moving,,1.0
63,bus,19,50.0,27.5,moving,,-1.0
63,bus,20,15.0,27.5,moving,,1.0
63,bus,21,37.5,60.0,moving,,-1.0
63,bus,22,27.5,15.0,moving,,1.0
63,bus,23,50.0,47.5,moving,,-1.0
64,drone,0,35.67443542103844,69.5410900359609,moving_to_pickup,186.23972114019386,
64,drone,1,51.05572809000084,35.52786404500042,moving_to_bus_station_for_delivery,290.0,
64,bus,0,45.0,60.0,at_station,,-1.0
64,bus,1,15.0,20.0,at_station,,1.0
64,bus,2,50.0,55.0,at_station,,-1.0
64,bus,3,20.0,15.0,at_station,,1.0
64,bus,4,65.0,60.0,at_station,,1.0
64,bus,5,15.0,0.0,at_station,,-1.0
64,bus,6,50.0,75.0,at_station,,1.0
64,bus,7,0.0,15.0,at_station,,-1.0
64,bus,8,45.0,60.0,at_station,,1.0
64,bus,9,15.0,20.0,at_station,,-1.0
64,bus,10,50.0,55.0,at_station,,1.0
64,bus,11,20.0,15.0,at_station,,-1.0
64,bus,12,25.0,60.0,at_station,,1.0
64,bus,13,15.0,40.0,at_station,,-1.0
64,bus,14,50.0,35.0,at_station,,1.0
64,bus,15,40.0,15.0,at_station,,-1.0
64,bus,16,15.0,50.0,at_station,,1.0
64,bus,17,15.0,60.0,at_station,,-1.0
64,bus,18,50.0,15.0,at_station,,1.0
64,bus,19,50.0,25.0,at_station,,-1.0
64,bus,20,15.0,30.0,at_station,,1.0
64,bus,21,35.0,60.0,at_station,,-1.0
64,bus,22,30.0,15.0,at_station,,1.0
64,bus,23,50.0,45.0,at_station,,-1.0
65,drone,0,40.48506905261536,70.90410289824104,moving_to_pickup,181.23972114019386,
65,drone,1,50.0,35.0,waiting_at_bus_station_for_delivery,288.819660112501,
65,bus,0,45.0,60.0,at_station,,-1.0
65,bus,1,15.0,20.0,at_station,,1.0
65,bus,2,50.0,55.0,at_station,,-1.0
65,bus,3,20.0,15.0,at_station,,1.0
65,bus,4,65.0,60.0,at_station,,1.0
65,bus,5,15.0,0.0,at_station,,-1.0
65,bus,6,50.0,75.0,at_station,,1.0
65,bus,7,0.0,15.0,at_station,,-1.0
65,bus,8,45.0,60.0,at_station,,1.0
65,bus,9,15.0,20.0,at_station,,-1.0
65,bus,10,50.0,55.0,at_station,,1.0
65,bus,11,20.0,15.0,at_station,,-1.0
65,bus,12,25.0,60.0,at_station,,1.0
65,bus,13,15.0,40.0,at_station,,-1.0
65,bus,14,50.0,35.0,at_station,,1.0
65,bus,15,40.0,15.0,at_station,,-1.0
65,bus,16,15.0,50.0,at_station,,1.0
65,bus,17,15.0,60.0,at_station,,-1.0
65,bus,18,50.0,15.0,at_station,,1.0
65,bus,19,50.0,25.0,at_station,,-1.0
65,bus,20,15.0,30.0,at_station,,1.0
65,bus,21,35.0,60.0,at_station,,-1.0
65,bus,22,30.0,15.0,at_station,,1.0
65,bus,23,50.0,45.0,at_station,,-1.0
66,drone,0,45.29570268419228,72.26711576052116,moving_to_pickup,176.23972114019386,
66,drone,1,50.0,35.0,waiting_at_bus_station_for_delivery,288.819660112501,
66,bus,0,45.0,60.0,at_station,,-1.0
66,bus,1,15.0,20.0,at_station,,1.0
66,bus,2,50.0,55.0,at_station,,-1.0
66,bus,3,20.0,15.0,at_station,,1.0
66,bus,4,65.0,60.0,at_station,,1.0
66,bus,5,15.0,0.0,at_station,,-1.0
66,bus,6,50.0,75.0,at_station,,1.0
66,bus,7,0.0,15.0,at_station,,-1.0
66,bus,8,45.0,60.0,at_station,,1.0
66,bus,9,15.0,20.0,at_station,,-1.0
66,bus,10,50.0,55.0,at_station,,1.0
66,bus,11,20.0,15.0,at_station,,-1.0
66,bus,12,25.0,60.0,at_station,,1.0
66,bus,13,15.0,40.0,at_station,,-1.0
66,bus,14,50.0,35.0,at_station,,1.0
66,bus,15,40.0,15.0,at_station,,-1.0
66,bus,16,15.0,50.0,at_station,,1.0
66,bus,17,15.0,60.0,at_station,,-1.0
66,bus,18,50.0,15.0,at_station,,1.0
66,bus,19,50.0,25.0,at_station,,-1.0
66,bus,20,15.0,30.0,at_station,,1.0
66,bus,21,35.0,60.0,at_station,,-1.0
66,bus,22,30.0,15.0,at_station,,1.0
66,bus,23,50.0,45.0,at_station,,-1.0
67,drone,0,50.1063363157692,73.63012862280128,moving_to_pickup,171.23972114019386,
67,drone,1,50.0,35.0,waiting_at_bus_station_for_delivery,288.819660112501,
67,bus,0,42.5,60.0,moving,,-1.0
67,bus,1,15.0,22.5,moving,,1.0
67,bus,2,50.0,52.5,moving,,-1.0
67,bus,3,22.5,15.0,moving,,1.0
67,bus,4,62.5,60.0,moving,,-1.0
67,bus,5,15.0,2.5,moving,,1.0
67,bus,6,50.0,72.5,moving,,-1.0
67,bus,7,2.5,15.0,moving,,1.0
67,bus,8,47.5,60.0,moving,,1.0
67,bus,9,15.0,17.5,moving,,-1.0
67,bus,10,50.0,57.5,moving,,1.0
67,bus,11,17.5,15.0,moving,,-1.0
67,bus,12,27.5,60.0,moving,,1.0
67,bus,13,15.0,37.5,moving,,-1.0
67,bus,14,50.0,37.5,moving,,1.0
67,bus,15,37.5,15.0,moving,,-1.0
67,bus,16,15.0,52.5,moving,,1.0
67,bus,17,15.0,57.5,moving,,-1.0
67,bus,18,50.0,17.5,moving,,1.0
67,bus,19,50.0,22.5,moving,,-1.0
67,bus,20,15.0,32.5,moving,,1.0
67,bus,21,32.5,60.0,moving,,-1.0
67,bus,22,32.5,15.0,moving,,1.0
67,bus,23,50.0,42.5,moving,,-1.0
68,drone,0,54.91696994734612,74.99314148508141,moving_to_pickup,166.23972114019386,
68,drone,1,50.0,35.0,waiting_at_bus_station_for_delivery,288.819660112501,
68,bus,0,37.5,60.0,moving,,-1.0
68,bus,1,15.0,27.5,moving,,1.0
68,bus,2,50.0,47.5,moving,,-1.0
68,bus,3,27.5,15.0,moving,,1.0
68,bus,4,57.5,60.0,moving,,-1.0
68,bus,5,15.0,7.5,moving,,1.0
68,bus,6,50.0,67.5,moving,,-1.0
68,bus,7,7.5,15.0,moving,,1.0
68,bus,8,52.5,60.0,moving,,1.0
68,bus,9,15.0,12.5,moving,,-1.0
68,bus,10,50.0,62.5,moving,,1.0
68,bus,11,12.5,15.0,moving,,-1.0
68,bus,12,32.5,60.0,moving,,1.0
68,bus,13,15.0,32.5,moving,,-1.0
68,bus,14,50.0,42.5,moving,,1.0
68,bus,15,32.5,15.0,moving,,-1.0
68,bus,16,15.0,57.5,moving,,1.0
68,bus,17,15.0,52.5,moving,,-1.0
68,bus,18,50.0,22.5,moving,,1.0
68,bus,19,50.0,17.5,moving,,-1.0
68,bus,20,15.0,37.5,moving,,1.0
68,bus,21,27.5,60.0,moving,,-1.0
68,bus,22,37.5,15.0,moving,,1.0
68,bus,23,50.0,37.5,moving,,-1.0
69,drone,0,59.72760357892304,76.35615434736152,moving_to_pickup,161.23972114019386,
69,drone,1,50.0,35.0,waiting_at_bus_station_for_delivery,288.819660112501,
69,bus,0,35.0,60.0,at_station,,-1.0
69,bus,1,15.0,30.0,at_station,,1.0
69,bus,2,50.0,45.0,at_station,,-1.0
69,bus,3,30.0,15.0,at_station,,1.0
69,bus,4,55.0,60.0,at_station,,-1.0
69,bus,5,15.0,10.0,at_station,,1.0
69,bus,6,50.0,65.0,at_station,,-1.0
69,bus,7,10.0,15.0,at_station,,1.0
69,bus,8,55.0,60.0,at_station,,1.0
69,bus,9,15.0,10.0,at_station,,-1.0
69,bus,10,50.0,65.0,at_station,,1.0
69,bus,11,10.0,15.0,at_station,,-1.0
69,bus,12,35.0,60.0,at_station,,1.0
69,bus,13,15.0,30.0,at_station,,-1.0
69,bus,14,50.0,45.0,at_station,,1.0
69,bus,15,30.0,15.0,at_station,,-1.0
69,bus,16,15.0,60.0,at_station,,1.0
69,bus,17,15.0,50.0,at_station,,-1.0
69,bus,18,50.0,25.0,at_station,,1.0
69,bus,19,50.0,15.0,at_station,,-1.0
69,bus,20,15.0,40.0,at_station,,1.0
69,bus,21,25.0,60.0,at_station,,-1.0
69,bus,22,40.0,15.0,at_station,,1.0
69,bus,23,50.0,35.0,at_station,,-1.0
70,drone,0,62.0,77.0,moving_to_bus_station_finish_pickup,158.87787382951842,
70,drone,1,50.0,35.0,waiting_at_bus_station_for_delivery,288.819660112501,
70,bus,0,35.0,60.0,at_station,,-1.0
70,bus,1,15.0,30.0,at_station,,1.0
70,bus,2,50.0,45.0,at_station,,-1.0
70,bus,3,30.0,15.0,at_station,,1.0
70,bus,4,55.0,60.0,at_station,,-1.0
70,bus,5,15.0,10.0,at_station,,1.0
70,bus,6,50.0,65.0,at_station,,-1.0
70,bus,7,10.0,15.0,at_station,,1.0
70,bus,8,55.0,60.0,at_station,,1.0
70,bus,9,15.0,10.0,at_station,,-1.0
70,bus,10,50.0,65.0,at_station,,1.0
70,bus,11,10.0,15.0,at_station,,-1.0
70,bus,12,35.0,60.0,at_station,,1.0
70,bus,13,15.0,30.0,at_station,,-1.0
70,bus,14,50.0,45.0,at_station,,1.0
70,bus,15,30.0,15.0,at_station,,-1.0
70,bus,16,15.0,60.0,at_station,,1.0
70,bus,17,15.0,50.0,at_station,,-1.0
70,bus,18,50.0,25.0,at_station,,1.0
70,bus,19,50.0,15.0,at_station,,-1.0
70,bus,20,15.0,40.0,at_station,,1.0
70,bus,21,25.0,60.0,at_station,,-1.0
70,bus,22,40.0,15.0,at_station,,1.0
70,bus,23,50.0,35.0,at_station,,-1.0
71,drone,0,57.06803038083928,76.17800506347321,moving_to_bus_station_finish_pickup,153.87787382951842,
71,drone,1,50.0,35.0,waiting_at_bus_station_for_delivery,288.819660112501,
71,bus,0,35.0,60.0,at_station,,-1.0
71,bus,1,15.0,30.0,at_station,,1.0
71,bus,2,50.0,45.0,at_station,,-1.0
71,bus,3,30.0,15.0,at_station,,1.0
71,bus,4,55.0,60.0,at_station,,-1.0
71,bus,5,15.0,10.0,at_station,,1.0
71,bus,6,50.0,65.0,at_station,,-1.0
71,bus,7,10.0,15.0,at_station,,1.0
71,bus,8,55.0,60.0,at_station,,1.0
71,bus,9,15.0,10.0,at_station,,-1.0
71,bus,10,50.0,65.0,at_station,,1.0
71,bus,11,10.0,15.0,at_station,,-1.0
71,bus,12,35.0,60.0,at_station,,1.0
71,bus,13,15.0,30.0,at_station,,-1.0
71,bus,14,50.0,45.0,at_station,,1.0
71,bus,15,30.0,15.0,at_station,,-1.0
71,bus,16,15.0,60.0,at_station,,1.0
71,bus,17,15.0,50.0,at_station,,-1.0
71,bus,18,50.0,25.0,at_station,,1.0
71,bus,19,50.0,15.0,at_station,,-1.0
71,bus,20,15.0,40.0,at_station,,1.0
71,bus,21,25.0,60.0,at_station,,-1.0
71,bus,22,40.0,15.0,at_station,,1.0
71,bus,23,50.0,35.0,at_station,,-1.0
72,drone,0,52.136060761678564,75.35601012694643,moving_to_bus_station_finish_pickup,148.87787382951842,
72,drone,1,50.0,35.0,waiting_at_bus_station_for_delivery,288.819660112501,
72,bus,0,32.5,60.0,moving,,-1.0
72,bus,1,15.0,32.5,moving,,1.0
72,bus,2,50.0,42.5,moving,,-1.0
72,bus,3,32.5,15.0,moving,,1.0
72,bus,4,52.5,60.0,moving,,-1.0
72,bus,5,15.0,12.5,moving,,1.0
72,bus,6,50.0,62.5,moving,,-1.0
72,bus,7,12.5,15.0,moving,,1.0
72,bus,8,57.5,60.0,moving,,1.0
72,bus,9,15.0,7.5,moving,,-1.0
72,bus,10,50.0,67.5,moving,,1.0
72,bus,11,7.5,15.0,moving,,-1.0
72,bus,12,37.5,60.0,moving,,1.0
72,bus,13,15.0,27.5,moving,,-1.0
72,bus,14,50.0,47.5,moving,,1.0
72,bus,15,27.5,15.0,moving,,-1.0
72,bus,16,17.5,60.0,moving,,1.0
72,bus,17,15.0,47.5,moving,,-1.0
72,bus,18,50.0,27.5,moving,,1.0
72,bus,19,47.5,15.0,moving,,-1.0
72,bus,20,15.0,42.5,moving,,1.0
72,bus,21,22.5,60.0,moving,,-1.0
72,bus,22,42.5,15.0,moving,,1.0
72,bus,23,50.0,32.5,moving,,-1.0
73,drone,0,50.0,75.0,waiting_at_bus_station_for_pickup_bus,146.71234876892197,
73,drone,1,50.0,35.0,waiting_at_bus_station_for_delivery,288.819660112501,
73,bus,0,27.5,60.0,moving,,-1.0
73,bus,1,15.0,37.5,moving,,1.0
73,bus,2,50.0,37.5,moving,,-1.0
73,bus,3,37.5,15.0,moving,,1.0
73,bus,4,47.5,60.0,moving,,-1.0
73,bus,5,15.0,17.5,moving,,1.0
73,bus,6,50.0,57.5,moving,,-1.0
73,bus,7,17.5,15.0,moving,,1.0
73,bus,8,62.5,60.0,moving,,1.0
73,bus,9,15.0,2.5,moving,,-1.0
73,bus,10,50.0,72.5,moving,,1.0
73,bus,11,2.5,15.0,moving,,-1.0
73,bus,12,42.5,60.0,moving,,1.0
73,bus,13,15.0,22.5,moving,,-1.0
73,bus,14,50.0,52.5,moving,,1.0
73,bus,15,22.5,15.0,moving,,-1.0
73,bus,16,22.5,60.0,moving,,1.0
73,bus,17,15.0,42.5,moving,,-1.0
73,bus,18,50.0,32.5,moving,,1.0
73,bus,19,42.5,15.0,moving,,-1.0
73,bus,20,15.0,47.5,moving,,1.0
73,bus,21,17.5,60.0,moving,,-1.0
73,bus,22,47.5,15.0,moving,,1.0
73,bus,23,50.0,27.5,moving,,-1.0
74,drone,0,50.0,75.0,waiting_at_bus_station_for_pickup_bus,146.71234876892197,
74,drone,1,50.0,35.0,waiting_at_bus_station_for_delivery,288.819660112501,
74,bus,0,25.0,60.0,at_station,,-1.0
74,bus,1,15.0,40.0,at_station,,1.0
74,bus,2,50.0,35.0,at_station,,-1.0
74,bus,3,40.0,15.0,at_station,,1.0
74,bus,4,45.0,60.0,at_station,,-1.0
74,bus,5,15.0,20.0,at_station,,1.0
74,bus,6,50.0,55.0,at_station,,-1.0
74,bus,7,20.0,15.0,at_station,,1.0
74,bus,8,65.0,60.0,at_station,,1.0
74,bus,9,15.0,0.0,at_station,,-1.0
74,bus,10,50.0,75.0,at_station,,1.0
74,bus,11,0.0,15.0,at_station,,-1.0
74,bus,12,45.0,60.0,at_station,,1.0
74,bus,13,15.0,20.0,at_station,,-1.0
74,bus,14,50.0,55.0,at_station,,1.0
74,bus,15,20.0,15.0,at_station,,-1.0
74,bus,16,25.0,60.0,at_station,,1.0
74,bus,17,15.0,40.0,at_station,,-1.0
74,bus,18,50.0,35.0,at_station,,1.0
74,bus,19,40.0,15.0,at_station,,-1.0
74,bus,20,15.0,50.0,at_station,,1.0
74,bus,21,15.0,60.0,at_station,,-1.0
74,bus,22,50.0,15.0,at_station,,1.0
74,bus,23,50.0,25.0,at_station,,-1.0
75,drone,0,51.952749234280844,70.39709109062372,direct_transport_to_pickup,141.71234876892197,
75,drone,1,50.0,35.0,waiting_at_bus_station_for_delivery,288.819660112501,
75,bus,0,25.0,60.0,at_station,,-1.0
75,bus,1,15.0,40.0,at_station,,1.0
75,bus,2,50.0,35.0,at_station,,-1.0
75,bus,3,40.0,15.0,at_station,,1.0
75,bus,4,45.0,60.0,at_station,,-1.0
75,bus,5,15.0,20.0,at_station,,1.0
75,bus,6,50.0,55.0,at_station,,-1.0
75,bus,7,20.0,15.0,at_station,,1.0
75,bus,8,65.0,60.0,at_station,,1.0
75,bus,9,15.0,0.0,at_station,,-1.0
75,bus,10,50.0,75.0,at_station,,1.0
75,bus,11,0.0,15.0,at_station,,-1.0
75,bus,12,45.0,60.0,at_station,,1.0
75,bus,13,15.0,20.0,at_station,,-1.0
75,bus,14,50.0,55.0,at_station,,1.0
75,bus,15,20.0,15.0,at_station,,-1.0
75,bus,16,25.0,60.0,at_station,,1.0
75,bus,17,15.0,40.0,at_station,,-1.0
75,bus,18,50.0,35.0,at_station,,1.0
75,bus,19,40.0,15.0,at_station,,-1.0
75,bus,20,15.0,50.0,at_station,,1.0
75,bus,21,15.0,60.0,at_station,,-1.0
75,bus,22,50.0,15.0,at_station,,1.0
75,bus,23,50.0,25.0,at_station,,-1.0
76,drone,0,53.90549846856169,65.79418218124744,direct_transport_to_pickup,136.71234876892197,
76,drone,1,50.0,35.0,waiting_at_bus_station_for_delivery,288.819660112501,
76,bus,0,25.0,60.0,at_station,,-1.0
76,bus,1,15.0,40.0,at_station,,1.0
76,bus,2,50.0,35.0,at_station,,-1.0
76,bus,3,40.0,15.0,at_station,,1.0
76,bus,4,45.0,60.0,at_station,,-1.0
76,bus,5,15.0,20.0,at_station,,1.0
76,bus,6,50.0,55.0,at_station,,-1.0
76,bus,7,20.0,15.0,at_station,,1.0
76,bus,8,65.0,60.0,at_station,,1.0
76,bus,9,15.0,0.0,at_station,,-1.0
76,bus,10,50.0,75.0,at_station,,1.0
76,bus,11,0.0,15.0,at_station,,-1.0
76,bus,12,45.0,60.0,at_station,,1.0
76,bus,13,15.0,20.0,at_station,,-1.0
76,bus,14,50.0,55.0,at_station,,1.0
76,bus,15,20.0,15.0,at_station,,-1.0
76,bus,16,25.0,60.0,at_station,,1.0
76,bus,17,15.0,40.0,at_station,,-1.0
76,bus,18,50.0,35.0,at_station,,1.0
76,bus,19,40.0,15.0,at_station,,-1.0
76,bus,20,15.0,50.0,at_station,,1.0
76,bus,21,15.0,60.0,at_station,,-1.0
76,bus,22,50.0,15.0,at_station,,1.0
76,bus,23,50.0,25.0,at_station,,-1.0
77,drone,0,55.85824770284254,61.191273271871154,direct_transport_to_pickup,131.71234876892197,
77,drone,1,50.0,35.0,waiting_at_bus_station_for_delivery,288.819660112501,
77,bus,0,22.5,60.0,moving,,-1.0
77,bus,1,15.0,42.5,moving,,1.0
77,bus,2,50.0,32.5,moving,,-1.0
77,bus,3,42.5,15.0,moving,,1.0
77,bus,4,42.5,60.0,moving,,-1.0
77,bus,5,15.0,22.5,moving,,1.0
77,bus,6,50.0,52.5,moving,,-1.0
77,bus,7,22.5,15.0,moving,,1.0
77,bus,8,62.5,60.0,moving,,-1.0
77,bus,9,15.0,2.5,moving,,1.0
77,bus,10,50.0,72.5,moving,,-1.0
77,bus,11,2.5,15.0,moving,,1.0
77,bus,12,47.5,60.0,moving,,1.0
77,bus,13,15.0,17.5,moving,,-1.0
77,bus,14,50.0,57.5,moving,,1.0
77,bus,15,17.5,15.0,moving,,-1.0
77,bus,16,27.5,60.0,moving,,1.0
77,bus,17,15.0,37.5,moving,,-1.0
77,bus,18,50.0,37.5,moving,,1.0
77,bus,19,37.5,15.0,moving,,-1.0
77,bus,20,15.0,52.5,moving,,1.0
77,bus,21,15.0,57.5,moving,,-1.0
77,bus,22,50.0,17.5,moving,,1.0
77,bus,23,50.0,22.5,moving,,-1.0
78,drone,0,57.810996937123384,56.58836436249487,direct_transport_to_pickup,126.71234876892197,
78,drone,1,50.0,35.0,waiting_at_bus_station_for_delivery,288.819660112501,
78,bus,0,17.5,60.0,moving,,-1.0
78,bus,1,15.0,47.5,moving,,1.0
78,bus,2,50.0,27.5,moving,,-1.0
78,bus,3,47.5,15.0,moving,,1.0
78,bus,4,37.5,60.0,moving,,-1.0
78,bus,5,15.0,27.5,moving,,1.0
78,bus,6,50.0,47.5,moving,,-1.0
78,bus,7,27.5,15.0,moving,,1.0
78,bus,8,57.5,60.0,moving,,-1.0
78,bus,9,15.0,7.5,moving,,1.0
78,bus,10,50.0,67.5,moving,,-1.0
78,bus,11,7.5,15.0,moving,,1.0
78,bus,12,52.5,60.0,moving,,1.0
78,bus,13,15.0,12.5,moving,,-1.0
78,bus,14,50.0,62.5,moving,,1.0
78,bus,15,12.5,15.0,moving,,-1.0
78,bus,16,32.5,60.0,moving,,1.0
78,bus,17,15.0,32.5,moving,,-1.0
78,bus,18,50.0,42.5,moving,,1.0
78,bus,19,32.5,15.0,moving,,-1.0
78,bus,20,15.0,57.5,moving,,1.0
78,bus,21,15.0,52.5,moving,,-1.0
78,bus,22,50.0,22.5,moving,,1.0
78,bus,23,50.0,17.5,moving,,-1.0
79,drone,0,59.763746171404236,51.98545545311859,direct_transport_to_pickup,121.71234876892197,
79,drone,1,50.0,35.0,waiting_at_bus_station_for_delivery,288.819660112501,
79,bus,0,15.0,60.0,at_station,,-1.0
79,bus,1,15.0,50.0,at_station,,1.0
79,bus,2,50.0,25.0,at_station,,-1.0
79,bus,3,50.0,15.0,at_station,,1.0
79,bus,4,35.0,60.0,at_station,,-1.0
79,bus,5,15.0,30.0,at_station,,1.0
79,bus,6,50.0,45.0,at_station,,-1.0
79,bus,7,30.0,15.0,at_station,,1.0
79,bus,8,55.0,60.0,at_station,,-1.0
79,bus,9,15.0,10.0,at_station,,1.0
79,bus,10,50.0,65.0,at_station,,-1.0
79,bus,11,10.0,15.0,at_station,,1.0
79,bus,12,55.0,60.0,at_station,,1.0
79,bus,13,15.0,10.0,at_station,,-1.0
79,bus,14,50.0,65.0,at_station,,1.0
79,bus,15,10.0,15.0,at_station,,-1.0
79,bus,16,35.0,60.0,at_station,,1.0
79,bus,17,15.0,30.0,at_station,,-1.0
79,bus,18,50.0,45.0,at_station,,1.0
79,bus,19,30.0,15.0,at_station,,-1.0
79,bus,20,15.0,60.0,at_station,,1.0
79,bus,21,15.0,50.0,at_station,,-1.0
79,bus,22,50.0,25.0,at_station,,1.0
79,bus,23,50.0,15.0,at_station,,-1.0
80,drone,0,61.71649540568508,47.38254654374231,direct_transport_to_pickup,116.71234876892197,
80,drone,1,50.0,35.0,waiting_at_bus_station_for_delivery,288.819660112501,
80,bus,0,15.0,60.0,at_station,,-1.0
80,bus,1,15.0,50.0,at_station,,1.0
80,bus,2,50.0,25.0,at_station,,-1.0
80,bus,3,50.0,15.0,at_station,,1.0
80,bus,4,35.0,60.0,at_station,,-1.0
80,bus,5,15.0,30.0,at_station,,1.0
80,bus,6,50.0,45.0,at_station,,-1.0
80,bus,7,30.0,15.0,at_station,,1.0
80,bus,8,55.0,60.0,at_station,,-1.0
80,bus,9,15.0,10.0,at_station,,1.0
80,bus,10,50.0,65.0,at_station,,-1.0
80,bus,11,10.0,15.0,at_station,,1.0
80,bus,12,55.0,60.0,at_station,,1.0
80,bus,13,15.0,10.0,at_station,,-1.0
80,bus,14,50.0,65.0,at_station,,1.0
80,bus,15,10.0,15.0,at_station,,-1.0
80,bus,16,35.0,60.0,at_station,,1.0
80,bus,17,15.0,30.0,at_station,,-1.0
80,bus,18,50.0,45.0,at_station,,1.0
80,bus,19,30.0,15.0,at_station,,-1.0
80,bus,20,15.0,60.0,at_station,,1.0
80,bus,21,15.0,50.0,at_station,,-1.0
80,bus,22,50.0,25.0,at_station,,1.0
80,bus,23,50.0,15.0,at_station,,-1.0
81,drone,0,63.66924463996593,42.779637634366026,direct_transport_to_pickup,111.71234876892197,
81,drone,1,50.0,35.0,waiting_at_bus_station_for_delivery,288.819660112501,
81,bus,0,15.0,60.0,at_station,,-1.0
81,bus,1,15.0,50.0,at_station,,1.0
81,bus,2,50.0,25.0,at_station,,-1.0
81,bus,3,50.0,15.0,at_station,,1.0
81,bus,4,35.0,60.0,at_station,,-1.0
81,bus,5,15.0,30.0,at_station,,1.0
81,bus,6,50.0,45.0,at_station,,-1.0
81,bus,7,30.0,15.0,at_station,,1.0
81,bus,8,55.0,60.0,at_station,,-1.0
81,bus,9,15.0,10.0,at_station,,1.0
81,bus,10,50.0,65.0,at_station,,-1.0
81,bus,11,10.0,15.0,at_station,,1.0
81,bus,12,55.0,60.0,at_station,,1.0
81,bus,13,15.0,10.0,at_station,,-1.0
81,bus,14,50.0,65.0,at_station,,1.0
81,bus,15,10.0,15.0,at_station,,-1.0
81,bus,16,35.0,60.0,at_station,,1.0
81,bus,17,15.0,30.0,at_station,,-1.0
81,bus,18,50.0,45.0,at_station,,1.0
81,bus,19,30.0,15.0,at_station,,-1.0
81,bus,20,15.0,60.0,at_station,,1.0
81,bus,21,15.0,50.0,at_station,,-1.0
81,bus,22,50.0,25.0,at_station,,1.0
81,bus,23,50.0,15.0,at_station,,-1.0
82,drone,0,64.0,42.0,direct_transport_to_delivery,110.86545211105212,
82,drone,1,50.0,35.0,waiting_at_bus_station_for_delivery,288.819660112501,
82,bus,0,15.0,57.5,moving,,-1.0
82,bus,1,15.0,52.5,moving,,1.0
82,bus,2,50.0,22.5,moving,,-1.0
82,bus,3,50.0,17.5,moving,,1.0
82,bus,4,32.5,60.0,moving,,-1.0
82,bus,5,15.0,32.5,moving,,1.0
82,bus,6,50.0,42.5,moving,,-1.0
82,bus,7,32.5,15.0,moving,,1.0
82,bus,8,52.5,60.0,moving,,-1.0
82,bus,9,15.0,12.5,moving,,1.0
82,bus,10,50.0,62.5,moving,,-1.0
82,bus,11,12.5,15.0,moving,,1.0
82,bus,12,57.5,60.0,moving,,1.0
82,bus,13,15.0,7.5,moving,,-1.0
82,bus,14,50.0,67.5,moving,,1.0
82,bus,15,7.5,15.0,moving,,-1.0
82,bus,16,37.5,60.0,moving,,1.0
82,bus,17,15.0,27.5,moving,,-1.0
82,bus,18,50.0,47.5,moving,,1.0
82,bus,19,27.5,15.0,moving,,-1.0
82,bus,20,17.5,60.0,moving,,1.0
82,bus,21,15.0,47.5,moving,,-1.0
82,bus,22,50.0,27.5,moving,,1.0
82,bus,23,47.5,15.0,moving,,-1.0
83,drone,0,60.20371698817352,45.25395686727984,direct_transport_to_delivery,105.86545211105212,
83,drone,1,50.0,35.0,waiting_at_bus_station_for_delivery,288.819660112501,
83,bus,0,15.0,52.5,moving,,-1.0
83,bus,1,15.0,57.5,moving,,1.0
83,bus,2,50.0,17.5,moving,,-1.0
83,bus,3,50.0,22.5,moving,,1.0
83,bus,4,27.5,60.0,moving,,-1.0
83,bus,5,15.0,37.5,moving,,1.0
83,bus,6,50.0,37.5,moving,,-1.0
83,bus,7,37.5,15.0,moving,,1.0
83,bus,8,47.5,60.0,moving,,-1.0
83,bus,9,15.0,17.5,moving,,1.0
83,bus,10,50.0,57.5,moving,,-1.0
83,bus,11,17.5,15.0,moving,,1.0
83,bus,12,62.5,60.0,moving,,1.0
83,bus,13,15.0,2.5,moving,,-1.0
83,bus,14,50.0,72.5,moving,,1.0
83,bus,15,2.5,15.0,moving,,-1.0
83,bus,16,42.5,60.0,moving,,1.0
83,bus,17,15.0,22.5,moving,,-1.0
83,bus,18,50.0,52.5,moving,,1.0
83,bus,19,22.5,15.0,moving,,-1.0
83,bus,20,22.5,60.0,moving,,1.0
83,bus,21,15.0,42.5,moving,,-1.0
83,bus,22,50.0,32.5,moving,,1.0
83,bus,23,42.5,15.0,moving,,-1.0
84,drone,0,57.0,48.0,idle,101.64590765375924,
84,drone,1,50.0,35.0,waiting_at_bus_station_for_delivery,288.819660112501,
84,bus,0,15.0,50.0,at_station,,-1.0
84,bus,1,15.0,60.0,at_station,,1.0
84,bus,2,50.0,15.0,at_station,,-1.0
84,bus,3,50.0,25.0,at_station,,1.0
84,bus,4,25.0,60.0,at_station,,-1.0
84,bus,5,15.0,40.0,at_station,,1.0
84,bus,6,50.0,35.0,at_station,,-1.0
84,bus,7,40.0,15.0,at_station,,1.0
84,bus,8,45.0,60.0,at_station,,-1.0
84,bus,9,15.0,20.0,at_station,,1.0
84,bus,10,50.0,55.0,at_station,,-1.0
84,bus,11,20.0,15.0,at_station,,1.0
84,bus,12,65.0,60.0,at_station,,1.0
84,bus,13,15.0,0.0,at_station,,-1.0
84,bus,14,50.0,75.0,at_station,,1.0
84,bus,15,0.0,15.0,at_station,,-1.0
84,bus,16,45.0,60.0,at_station,,1.0
84,bus,17,15.0,20.0,at_station,,-1.0
84,bus,18,50.0,55.0,at_station,,1.0
84,bus,19,20.0,15.0,at_station,,-1.0
84,bus,20,25.0,60.0,at_station,,1.0
84,bus,21,15.0,40.0,at_station,,-1.0
84,bus,22,50.0,35.0,at_station,,1.0
84,bus,23,40.0,15.0,at_station,,-1.0
85,drone,0,52.11292917280066,46.94333603736231,to_charging_station,96.64590765375924,
85,drone,1,50.0,35.0,waiting_at_bus_station_for_delivery,288.819660112501,
85,bus,0,15.0,50.0,at_station,,-1.0
85,bus,1,15.0,60.0,at_station,,1.0
85,bus,2,50.0,15.0,at_station,,-1.0
85,bus,3,50.0,25.0,at_station,,1.0
85,bus,4,25.0,60.0,at_station,,-1.0
85,bus,5,15.0,40.0,at_station,,1.0
85,bus,6,50.0,35.0,at_station,,-1.0
85,bus,7,40.0,15.0,at_station,,1.0
85,bus,8,45.0,60.0,at_station,,-1.0
85,bus,9,15.0,20.0,at_station,,1.0
85,bus,10,50.0,55.0,at_station,,-1.0
85,bus,11,20.0,15.0,at_station,,1.0
85,bus,12,65.0,60.0,at_station,,1.0
85,bus,13,15.0,0.0,at_station,,-1.0
85,bus,14,50.0,75.0,at_station,,1.0
85,bus,15,0.0,15.0,at_station,,-1.0
85,bus,16,45.0,60.0,at_station,,1.0
85,bus,17,15.0,20.0,at_station,,-1.0
85,bus,18,50.0,55.0,at_station,,1.0
85,bus,19,20.0,15.0,at_station,,-1.0
85,bus,20,25.0,60.0,at_station,,1.0
85,bus,21,15.0,40.0,at_station,,-1.0
85,bus,22,50.0,35.0,at_station,,1.0
85,bus,23,40.0,15.0,at_station,,-1.0
86,drone,0,47.225858345601324,45.886672074724615,to_charging_station,91.64590765375924,
86,drone,1,50.0,35.0,waiting_at_bus_station_for_delivery,288.819660112501,
86,bus,0,15.0,50.0,at_station,,-1.0
86,bus,1,15.0,60.0,at_station,,1.0
86,bus,2,50.0,15.0,at_station,,-1.0
86,bus,3,50.0,25.0,at_station,,1.0
86,bus,4,25.0,60.0,at_station,,-1.0
86,bus,5,15.0,40.0,at_station,,1.0
86,bus,6,50.0,35.0,at_station,,-1.0
86,bus,7,40.0,15.0,at_station,,1.0
86,bus,8,45.0,60.0,at_station,,-1.0
86,bus,9,15.0,20.0,at_station,,1.0
86,bus,10,50.0,55.0,at_station,,-1.0
86,bus,11,20.0,15.0,at_station,,1.0
86,bus,12,65.0,60.0,at_station,,1.0
86,bus,13,15.0,0.0,at_station,,-1.0
86,bus,14,50.0,75.0,at_station,,1.0
86,bus,15,0.0,15.0,at_station,,-1.0
86,bus,16,45.0,60.0,at_station,,1.0
86,bus,17,15.0,20.0,at_station,,-1.0
86,bus,18,50.0,55.0,at_station,,1.0
86,bus,19,20.0,15.0,at_station,,-1.0
86,bus,20,25.0,60.0,at_station,,1.0
86,bus,21,15.0,40.0,at_station,,-1.0
86,bus,22,50.0,35.0,at_station,,1.0
86,bus,23,40.0,15.0,at_station,,-1.0
87,drone,0,42.338787518401986,44.83000811208692,to_charging_station,86.64590765375924,
87,drone,1,50.0,35.0,waiting_at_bus_station_for_delivery,288.819660112501,
87,bus,0,15.0,47.5,moving,,-1.0
87,bus,1,17.5,60.0,moving,,1.0
87,bus,2,47.5,15.0,moving,,-1.0
87,bus,3,50.0,27.5,moving,,1.0
87,bus,4,22.5,60.0,moving,,-1.0
87,bus,5,15.0,42.5,moving,,1.0
87,bus,6,50.0,32.5,moving,,-1.0
87,bus,7,42.5,15.0,moving,,1.0
87,bus,8,42.5,60.0,moving,,-1.0
87,bus,9,15.0,22.5,moving,,1.0
87,bus,10,50.0,52.5,moving,,-1.0
87,bus,11,22.5,15.0,moving,,1.0
87,bus,12,62.5,60.0,moving,,-1.0
87,bus,13,15.0,2.5,moving,,1.0
87,bus,14,50.0,72.5,moving,,-1.0
87,bus,15,2.5,15.0,moving,,1.0
87,bus,16,47.5,60.0,moving,,1.0
87,bus,17,15.0,17.5,moving,,-1.0
87,bus,18,50.0,57.5,moving,,1.0
87,bus,19,17.5,15.0,moving,,-1.0
87,bus,20,27.5,60.0,moving,,1.0
87,bus,21,15.0,37.5,moving,,-1.0
87,bus,22,50.0,37.5,moving,,1.0
87,bus,23,37.5,15.0,moving,,-1.0
88,drone,0,37.45171669120265,43.77334414944923,to_charging_station,81.64590765375924,
88,drone,1,50.0,35.0,waiting_at_bus_station_for_delivery,288.819660112501,
88,bus,0,15.0,42.5,moving,,-1.0
88,bus,1,22.5,60.0,moving,,1.0
88,bus,2,42.5,15.0,moving,,-1.0
88,bus,3,50.0,32.5,moving,,1.0
88,bus,4,17.5,60.0,moving,,-1.0
88,bus,5,15.0,47.5,moving,,1.0
88,bus,6,50.0,27.5,moving,,-1.0
88,bus,7,47.5,15.0,moving,,1.0
88,bus,8,37.5,60.0,moving,,-1.0
88,bus,9,15.0,27.5,moving,,1.0
88,bus,10,50.0,47.5,moving,,-1.0
88,bus,11,27.5,15.0,moving,,1.0
88,bus,12,57.5,60.0,moving,,-1.0
88,bus,13,15.0,7.5,moving,,1.0
88,bus,14,50.0,67.5,moving,,-1.0
88,bus,15,7.5,15.0,moving,,1.0
88,bus,16,52.5,60.0,moving,,1.0
88,bus,17,15.0,12.5,moving,,-1.0
88,bus,18,50.0,62.5,moving,,1.0
88,bus,19,12.5,15.0,moving,,-1.0
88,bus,20,32.5,60.0,moving,,1.0
88,bus,21,15.0,32.5,moving,,-1.0
88,bus,22,50.0,42.5,moving,,1.0
88,bus,23,32.5,15.0,moving,,-1.0
89,drone,0,32.56464586400331,42.71668018681153,to_charging_station,76.64590765375924,
89,drone,1,50.0,35.0,waiting_at_bus_station_for_delivery,288.819660112501,
89,bus,0,15.0,40.0,at_station,,-1.0
89,bus,1,25.0,60.0,at_station,,1.0
89,bus,2,40.0,15.0,at_station,,-1.0
89,bus,3,50.0,35.0,at_station,,1.0
89,bus,4,15.0,60.0,at_station,,-1.0
89,bus,5,15.0,50.0,at_station,,1.0
89,bus,6,50.0,25.0,at_station,,-1.0
89,bus,7,50.0,15.0,at_station,,1.0
89,bus,8,35.0,60.0,at_station,,-1.0
89,bus,9,15.0,30.0,at_station,,1.0
89,bus,10,50.0,45.0,at_station,,-1.0
89,bus,11,30.0,15.0,at_station,,1.0
89,bus,12,55.0,60.0,at_station,,-1.0
89,bus,13,15.0,10.0,at_station,,1.0
89,bus,14,50.0,65.0,at_station,,-1.0
89,bus,15,10.0,15.0,at_station,,1.0
89,bus,16,55.0,60.0,at_station,,1.0
89,bus,17,15.0,10.0,at_station,,-1.0
89,bus,18,50.0,65.0,at_station,,1.0
89,bus,19,10.0,15.0,at_station,,-1.0
89,bus,20,35.0,60.0,at_station,,1.0
89,bus,21,15.0,30.0,at_station,,-1.0
89,bus,22,50.0,45.0,at_station,,1.0
89,bus,23,30.0,15.0,at_station,,-1.0
90,drone,0,27.677575036803972,41.66001622417384,to_charging_station,71.64590765375924,
90,drone,1,50.0,35.0,waiting_at_bus_station_for_delivery,288.819660112501,
90,bus,0,15.0,40.0,at_station,,-1.0
90,bus,1,25.0,60.0,at_station,,1.0
90,bus,2,40.0,15.0,at_station,,-1.0
90,bus,3,50.0,35.0,at_station,,1.0
90,bus,4,15.0,60.0,at_station,,-1.0
90,bus,5,15.0,50.0,at_station,,1.0
90,bus,6,50.0,25.0,at_station,,-1.0
90,bus,7,50.0,15.0,at_station,,1.0
90,bus,8,35.0,60.0,at_station,,-1.0
90,bus,9,15.0,30.0,at_station,,1.0
90,bus,10,50.0,45.0,at_station,,-1.0
90,bus,11,30.0,15.0,at_station,,1.0
90,bus,12,55.0,60.0,at_station,,-1.0
90,bus,13,15.0,10.0,at_station,,1.0
90,bus,14,50.0,65.0,at_station,,-1.0
90,bus,15,10.0,15.0,at_station,,1.0
90,bus,16,55.0,60.0,at_station,,1.0
90,bus,17,15.0,10.0,at_station,,-1.0
90,bus,18,50.0,65.0,at_station,,1.0
90,bus,19,10.0,15.0,at_station,,-1.0
90,bus,20,35.0,60.0,at_station,,1.0
90,bus,21,15.0,30.0,at_station,,-1.0
90,bus,22,50.0,45.0,at_station,,1.0
90,bus,23,30.0,15.0,at_station,,-1.0
91,drone,0,22.790504209604638,40.60335226153614,to_charging_station,66.64590765375924,
91,drone,1,50.0,35.0,waiting_at_bus_station_for_delivery,288.819660112501,
91,bus,0,15.0,40.0,at_station,,-1.0
91,bus,1,25.0,60.0,at_station,,1.0
91,bus,2,40.0,15.0,at_station,,-1.0
91,bus,3,50.0,35.0,at_station,,1.0
91,bus,4,15.0,60.0,at_station,,-1.0
91,bus,5,15.0,50.0,at_station,,1.0
91,bus,6,50.0,25.0,at_station,,-1.0
91,bus,7,50.0,15.0,at_station,,1.0
91,bus,8,35.0,60.0,at_station,,-1.0
91,bus,9,15.0,30.0,at_station,,1.0
91,bus,10,50.0,45.0,at_station,,-1.0
91,bus,11,30.0,15.0,at_station,,1.0
91,bus,12,55.0,60.0,at_station,,-1.0
91,bus,13,15.0,10.0,at_station,,1.0
91,bus,14,50.0,65.0,at_station,,-1.0
91,bus,15,10.0,15.0,at_station,,1.0
91,bus,16,55.0,60.0,at_station,,1.0
91,bus,17,15.0,10.0,at_station,,-1.0
91,bus,18,50.0,65.0,at_station,,1.0
91,bus,19,10.0,15.0,at_station,,-1.0
91,bus,20,35.0,60.0,at_station,,1.0
91,bus,21,15.0,30.0,at_station,,-1.0
91,bus,22,50.0,45.0,at_station,,1.0
91,bus,23,30.0,15.0,at_station,,-1.0
92,drone,0,20.0,40.0,idle,300.0,
92,drone,1,50.0,35.0,waiting_at_bus_station_for_delivery,288.819660112501,
92,bus,0,15.0,37.5,moving,,-1.0
92,bus,1,27.5,60.0,moving,,1.0
92,bus,2,37.5,15.0,moving,,-1.0
92,bus,3,50.0,37.5,moving,,1.0
92,bus,4,15.0,57.5,moving,,-1.0
92,bus,5,15.0,52.5,moving,,1.0
92,bus,6,50.0,22.5,moving,,-1.0
92,bus,7,50.0,17.5,moving,,1.0
92,bus,8,32.5,60.0,moving,,-1.0
92,bus,9,15.0,32.5,moving,,1.0
92,bus,10,50.0,42.5,moving,,-1.0
92,bus,11,32.5,15.0,moving,,1.0
92,bus,12,52.5,60.0,moving,,-1.0
92,bus,13,15.0,12.5,moving,,1.0
92,bus,14,50.0,62.5,moving,,-1.0
92,bus,15,12.5,15.0,moving,,1.0
92,bus,16,57.5,60.0,moving,,1.0
92,bus,17,15.0,7.5,moving,,-1.0
92,bus,18,50.0,67.5,moving,,1.0
92,bus,19,7.5,15.0,moving,,-1.0
92,bus,20,37.5,60.0,moving,,1.0
92,bus,21,15.0,27.5,moving,,-1.0
92,bus,22,50.0,47.5,moving,,1.0
92,bus,23,27.5,15.0,moving,,-1.0
93,drone,0,19.178005063473215,35.06803038083928,direct_transport_to_pickup,295.0,
93,drone,1,50.0,35.0,waiting_at_bus_station_for_delivery,288.819660112501,
93,bus,0,15.0,32.5,moving,,-1.0
93,bus,1,32.5,60.0,moving,,1.0
93,bus,2,32.5,15.0,moving,,-1.0
93,bus,3,50.0,42.5,moving,,1.0
93,bus,4,15.0,52.5,moving,,-1.0
93,bus,5,15.0,57.5,moving,,1.0
93,bus,6,50.0,17.5,moving,,-1.0
93,bus,7,50.0,22.5,moving,,1.0
93,bus,8,27.5,60.0,moving,,-1.0
93,bus,9,15.0,37.5,moving,,1.0
93,bus,10,50.0,37.5,moving,,-1.0
93,bus,11,37.5,15.0,moving,,1.0
93,bus,12,47.5,60.0,moving,,-1.0
93,bus,13,15.0,17.5,moving,,1.0
93,bus,14,50.0,57.5,moving,,-1.0
93,bus,15,17.5,15.0,moving,,1.0
93,bus,16,62.5,60.0,moving,,1.0
93,bus,17,15.0,2.5,moving,,-1.0
93,bus,18,50.0,72.5,moving,,1.0
93,bus,19,2.5,15.0,moving,,-1.0
93,bus,20,42.5,60.0,moving,,1.0
93,bus,21,15.0,22.5,moving,,-1.0
93,bus,22,50.0,52.5,moving,,1.0
93,bus,23,22.5,15.0,moving,,-1.0
94,drone,0,18.35601012694643,30.136060761678564,direct_transport_to_pickup,290.0,
94,drone,1,50.0,35.0,waiting_at_bus_station_for_delivery,288.819660112501,
94,bus,0,15.0,30.0,at_station,,-1.0
94,bus,1,35.0,60.0,at_station,,1.0
94,bus,2,30.0,15.0,at_station,,-1.0
94,bus,3,50.0,45.0,at_station,,1.0
94,bus,4,15.0,50.0,at_station,,-1.0
94,bus,5,15.0,60.0,at_station,,1.0
94,bus,6,50.0,15.0,at_station,,-1.0
94,bus,7,50.0,25.0,at_station,,1.0
94,bus,8,25.0,60.0,at_station,,-1.0
94,bus,9,15.0,40.0,at_station,,1.0
94,bus,10,50.0,35.0,at_station,,-1.0
94,bus,11,40.0,15.0,at_station,,1.0
94,bus,12,45.0,60.0,at_station,,-1.0
94,bus,13,15.0,20.0,at_station,,1.0
94,bus,14,50.0,55.0,at_station,,-1.0
94,bus,15,20.0,15.0,at_station,,1.0
94,bus,16,65.0,60.0,at_station,,1.0
94,bus,17,15.0,0.0,at_station,,-1.0
94,bus,18,50.0,75.0,at_station,,1.0
94,bus,19,0.0,15.0,at_station,,-1.0
94,bus,20,45.0,60.0,at_station,,1.0
94,bus,21,15.0,20.0,at_station,,-1.0
94,bus,22,50.0,55.0,at_station,,1.0
94,bus,23,20.0,15.0,at_station,,-1.0
95,drone,0,17.53401519041964,25.204091142517846,direct_transport_to_pickup,285.0,
95,drone,1,45.11906469908023,36.08465228909328,moving_to_delivery,283.819660112501,
95,bus,0,15.0,30.0,at_station,,-1.0
95,bus,1,35.0,60.0,at_station,,1.0
95,bus,2,30.0,15.0,at_station,,-1.0
95,bus,3,50.0,45.0,at_station,,1.0
95,bus,4,15.0,50.0,at_station,,-1.0
95,bus,5,15.0,60.0,at_station,,1.0
95,bus,6,50.0,15.0,at_station,,-1.0
95,bus,7,50.0,25.0,at_station,,1.0
95,bus,8,25.0,60.0,at_station,,-1.0
95,bus,9,15.0,40.0,at_station,,1.0
95,bus,10,50.0,35.0,at_station,,-1.0
95,bus,11,40.0,15.0,at_station,,1.0
95,bus,12,45.0,60.0,at_station,,-1.0
95,bus,13,15.0,20.0,at_station,,1.0
95,bus,14,50.0,55.0,at_station,,-1.0
95,bus,15,20.0,15.0,at_station,,1.0
95,bus,16,65.0,60.0,at_station,,1.0
95,bus,17,15.0,0.0,at_station,,-1.0
95,bus,18,50.0,75.0,at_station,,1.0
95,bus,19,0.0,15.0,at_station,,-1.0
95,bus,20,45.0,60.0,at_station,,1.0
95,bus,21,15.0,20.0,at_station,,-1.0
95,bus,22,50.0,55.0,at_station,,1.0
95,bus,23,20.0,15.0,at_station,,-1.0
96,drone,0,16.712020253892856,20.27212152335713,direct_transport_to_pickup,280.0,
96,drone,1,41.0,37.0,idle,279.6001156552081,
96,bus,0,15.0,30.0,at_station,,-1.0
96,bus,1,35.0,60.0,at_station,,1.0
96,bus,2,30.0,15.0,at_station,,-1.0
96,bus,3,50.0,45.0,at_station,,1.0
96,bus,4,15.0,50.0,at_station,,-1.0
96,bus,5,15.0,60.0,at_station,,1.0
96,bus,6,50.0,15.0,at_station,,-1.0
96,bus,7,50.0,25.0,at_station,,1.0
96,bus,8,25.0,60.0,at_station,,-1.0
96,bus,9,15.0,40.0,at_station,,1.0
96,bus,10,50.0,35.0,at_station,,-1.0
96,bus,11,40.0,15.0,at_station,,1.0
96,bus,12,45.0,60.0,at_station,,-1.0
96,bus,13,15.0,20.0,at_station,,1.0
96,bus,14,50.0,55.0,at_station,,-1.0
96,bus,15,20.0,15.0,at_station,,1.0
96,bus,16,65.0,60.0,at_station,,1.0
96,bus,17,15.0,0.0,at_station,,-1.0
96,bus,18,50.0,75.0,at_station,,1.0
96,bus,19,0.0,15.0,at_station,,-1.0
96,bus,20,45.0,60.0,at_station,,1.0
96,bus,21,15.0,20.0,at_station,,-1.0
96,bus,22,50.0,55.0,at_station,,1.0
96,bus,23,20.0,15.0,at_station,,-1.0
97,drone,0,15.890025317366069,15.34015190419641,direct_transport_to_pickup,275.0,
97,drone,1,38.99590582990146,41.58078667451095,direct_transport_to_pickup,274.6001156552081,
97,bus,0,15.0,27.5,moving,,-1.0
97,bus,1,37.5,60.0,moving,,1.0
97,bus,2,27.5,15.0,moving,,-1.0
97,bus,3,50.0,47.5,moving,,1.0
97,bus,4,15.0,47.5,moving,,-1.0
97,bus,5,17.5,60.0,moving,,1.0
97,bus,6,47.5,15.0,moving,,-1.0
97,bus,7,50.0,27.5,moving,,1.0
97,bus,8,22.5,60.0,moving,,-1.0
97,bus,9,15.0,42.5,moving,,1.0
97,bus,10,50.0,32.5,moving,,-1.0
97,bus,11,42.5,15.0,moving,,1.0
97,bus,12,42.5,60.0,moving,,-1.0
97,bus,13,15.0,22.5,moving,,1.0
97,bus,14,50.0,52.5,moving,,-1.0
97,bus,15,22.5,15.0,moving,,1.0
97,bus,16,62.5,60.0,moving,,-1.0
97,bus,17,15.0,2.5,moving,,1.0
97,bus,18,50.0,72.5,moving,,-1.0
97,bus,19,2.5,15.0,moving,,1.0
97,bus,20,47.5,60.0,moving,,1.0
97,bus,21,15.0,17.5,moving,,-1.0
97,bus,22,50.0,57.5,moving,,1.0
97,bus,23,17.5,15.0,moving,,-1.0
98,drone,0,15.068030380839282,10.408182285035693,direct_transport_to_pickup,270.0,
98,drone,1,36.99181165980292,46.16157334902189,direct_transport_to_pickup,269.6001156552081,
98,bus,0,15.0,22.5,moving,,-1.0
98,bus,1,42.5,60.0,moving,,1.0
98,bus,2,22.5,15.0,moving,,-1.0
98,bus,3,50.0,52.5,moving,,1.0
98,bus,4,15.0,42.5,moving,,-1.0
98,bus,5,22.5,60.0,moving,,1.0
98,bus,6,42.5,15.0,moving,,-1.0
98,bus,7,50.0,32.5,moving,,1.0
98,bus,8,17.5,60.0,moving,,-1.0
98,bus,9,15.0,47.5,moving,,1.0
98,bus,10,50.0,27.5,moving,,-1.0
98,bus,11,47.5,15.0,moving,,1.0
98,bus,12,37.5,60.0,moving,,-1.0
98,bus,13,15.0,27.5,moving,,1.0
98,bus,14,50.0,47.5,moving,,-1.0
98,bus,15,27.5,15.0,moving,,1.0
98,bus,16,57.5,60.0,moving,,-1.0
98,bus,17,15.0,7.5,moving,,1.0
98,bus,18,50.0,67.5,moving,,-1.0
98,bus,19,7.5,15.0,moving,,1.0
98,bus,20,52.5,60.0,moving,,1.0
98,bus,21,15.0,12.5,moving,,-1.0
98,bus,22,50.0,62.5,moving,,1.0
98,bus,23,12.5,15.0,moving,,-1.0
99,drone,0,15.0,10.0,direct_transport_to_delivery,269.5861873485089,
99,drone,1,34.98771748970438,50.74236002353284,direct_transport_to_pickup,264.6001156552081,
99,bus,0,15.0,20.0,at_station,,-1.0
99,bus,1,45.0,60.0,at_station,,1.0
99,bus,2,20.0,15.0,at_station,,-1.0
99,bus,3,50.0,55.0,at_station,,1.0
99,bus,4,15.0,40.0,at_station,,-1.0
99,bus,5,25.0,60.0,at_station,,1.0
99,bus,6,40.0,15.0,at_station,,-1.0
99,bus,7,50.0,35.0,at_station,,1.0
99,bus,8,15.0,60.0,at_station,,-1.0
99,bus,9,15.0,50.0,at_station,,1.0
99,bus,10,50.0,25.0,at_station,,-1.0
99,bus,11,50.0,15.0,at_station,,1.0
99,bus,12,35.0,60.0,at_station,,-1.0
99,bus,13,15.0,30.0,at_station,,1.0
99,bus,14,50.0,45.0,at_station,,-1.0
99,bus,15,30.0,15.0,at_station,,1.0
99,bus,16,55.0,60.0,at_station,,-1.0
99,bus,17,15.0,10.0,at_station,,1.0
99,bus,18,50.0,65.0,at_station,,-1.0
99,bus,19,10.0,15.0,at_station,,1.0
99,bus,20,55.0,60.0,at_station,,1.0
99,bus,21,15.0,10.0,at_station,,-1.0
99,bus,22,50.0,65.0,at_station,,1.0
99,bus,23,10.0,15.0,at_station,,-1.0
100,drone,0,15.0,15.0,direct_transport_to_delivery,264.5861873485089,
100,drone,1,32.98362331960584,55.323146698043786,direct_transport_to_pickup,259.6001156552081,
100,bus,0,15.0,20.0,at_station,,-1.0
100,bus,1,45.0,60.0,at_station,,1.0
100,bus,2,20.0,15.0,at_station,,-1.0
100,bus,3,50.0,55.0,at_station,,1.0
100,bus,4,15.0,40.0,at_station,,-1.0
100,bus,5,25.0,60.0,at_station,,1.0
100,bus,6,40.0,15.0,at_station,,-1.0
100,bus,7,50.0,35.0,at_station,,1.0
100,bus,8,15.0,60.0,at_station,,-1.0
100,bus,9,15.0,50.0,at_station,,1.0
100,bus,10,50.0,25.0,at_station,,-1.0
100,bus,11,50.0,15.0,at_station,,1.0
100,bus,12,35.0,60.0,at_station,,-1.0
100,bus,13,15.0,30.0,at_station,,1.0
100,bus,14,50.0,45.0,at_station,,-1.0
100,bus,15,30.0,15.0,at_station,,1.0
100,bus,16,55.0,60.0,at_station,,-1.0
100,bus,17,15.0,10.0,at_station,,1.0
100,bus,18,50.0,65.0,at_station,,-1.0
100,bus,19,10.0,15.0,at_station,,1.0
100,bus,20,55.0,60.0,at_station,,1.0
100,bus,21,15.0,10.0,at_station,,-1.0
100,bus,22,50.0,65.0,at_station,,1.0
100,bus,23,10.0,15.0,at_station,,-1.0
101,drone,0,15.0,19.0,idle,260.5861873485089,
101,drone,1,30.979529149507304,59.90393337255473,direct_transport_to_pickup,254.60011565520813,
101,bus,0,15.0,20.0,at_station,,-1.0
101,bus,1,45.0,60.0,at_station,,1.0
101,bus,2,20.0,15.0,at_station,,-1.0
101,bus,3,50.0,55.0,at_station,,1.0
101,bus,4,15.0,40.0,at_station,,-1.0
101,bus,5,25.0,60.0,at_station,,1.0
101,bus,6,40.0,15.0,at_station,,-1.0
101,bus,7,50.0,35.0,at_station,,1.0
101,bus,8,15.0,60.0,at_station,,-1.0
101,bus,9,15.0,50.0,at_station,,1.0
101,bus,10,50.0,25.0,at_station,,-1.0
101,bus,11,50.0,15.0,at_station,,1.0
101,bus,12,35.0,60.0,at_station,,-1.0
101,bus,13,15.0,30.0,at_station,,1.0
101,bus,14,50.0,45.0,at_station,,-1.0
101,bus,15,30.0,15.0,at_station,,1.0
101,bus,16,55.0,60.0,at_station,,-1.0
101,bus,17,15.0,10.0,at_station,,1.0
101,bus,18,50.0,65.0,at_station,,-1.0
101,bus,19,10.0,15.0,at_station,,1.0
101,bus,20,55.0,60.0,at_station,,1.0
101,bus,21,15.0,10.0,at_station,,-1.0
101,bus,22,50.0,65.0,at_station,,1.0
101,bus,23,10.0,15.0,at_station,,-1.0
102,drone,0,15.0,24.0,direct_transport_to_pickup,255.58618734850887,
102,drone,1,28.975434979408764,64.48472004706568,direct_transport_to_pickup,249.60011565520813,
102,bus,0,15.0,17.5,moving,,-1.0
102,bus,1,47.5,60.0,moving,,1.0
102,bus,2,17.5,15.0,moving,,-1.0
102,bus,3,50.0,57.5,moving,,1.0
102,bus,4,15.0,37.5,moving,,-1.0
102,bus,5,27.5,60.0,moving,,1.0
102,bus,6,37.5,15.0,moving,,-1.0
102,bus,7,50.0,37.5,moving,,1.0
102,bus,8,15.0,57.5,moving,,-1.0
102,bus,9,15.0,52.5,moving,,1.0
102,bus,10,50.0,22.5,moving,,-1.0
102,bus,11,50.0,17.5,moving,,1.0
102,bus,12,32.5,60.0,moving,,-1.0
102,bus,13,15.0,32.5,moving,,1.0
102,bus,14,50.0,42.5,moving,,-1.0
102,bus,15,32.5,15.0,moving,,1.0
102,bus,16,52.5,60.0,moving,,-1.0
102,bus,17,15.0,12.5,moving,,1.0
102,bus,18,50.0,62.5,moving,,-1.0
102,bus,19,12.5,15.0,moving,,1.0
102,bus,20,57.5,60.0,moving,,1.0
102,bus,21,15.0,7.5,moving,,-1.0
102,bus,22,50.0,67.5,moving,,1.0
102,bus,23,7.5,15.0,moving,,-1.0
103,drone,0,15.0,29.0,direct_transport_to_pickup,250.58618734850887,
103,drone,1,27.0,69.0,direct_transport_to_delivery,244.67161726206217,
103,bus,0,15.0,12.5,moving,,-1.0
103,bus,1,52.5,60.0,moving,,1.0
103,bus,2,12.5,15.0,moving,,-1.0
103,bus,3,50.0,62.5,moving,,1.0
103,bus,4,15.0,32.5,moving,,-1.0
103,bus,5,32.5,60.0,moving,,1.0
103,bus,6,32.5,15.0,moving,,-1.0
103,bus,7,50.0,42.5,moving,,1.0
103,bus,8,15.0,52.5,moving,,-1.0
103,bus,9,15.0,57.5,moving,,1.0
103,bus,10,50.0,17.5,moving,,-1.0
103,bus,11,50.0,22.5,moving,,1.0
103,bus,12,27.5,60.0,moving,,-1.0
103,bus,13,15.0,37.5,moving,,1.0
103,bus,14,50.0,37.5,moving,,-1.0
103,bus,15,37.5,15.0,moving,,1.0
103,bus,16,47.5,60.0,moving,,-1.0
103,bus,17,15.0,17.5,moving,,1.0
103,bus,18,50.0,57.5,moving,,-1.0
103,bus,19,17.5,15.0,moving,,1.0
103,bus,20,62.5,60.0,moving,,1.0
103,bus,21,15.0,2.5,moving,,-1.0
103,bus,22,50.0,72.5,moving,,1.0
103,bus,23,2.5,15.0,moving,,-1.0
104,drone,0,15.0,34.0,direct_transport_to_pickup,245.58618734850887,
104,drone,1,28.58113883008419,64.25658350974743,direct_transport_to_delivery,239.67161726206217,
104,bus,0,15.0,10.0,at_station,,-1.0
104,bus,1,55.0,60.0,at_station,,1.0
104,bus,2,10.0,15.0,at_station,,-1.0
104,bus,3,50.0,65.0,at_station,,1.0
104,bus,4,15.0,30.0,at_station,,-1.0
104,bus,5,35.0,60.0,at_station,,1.0
104,bus,6,30.0,15.0,at_station,,-1.0
104,bus,7,50.0,45.0,at_station,,1.0
104,bus,8,15.0,50.0,at_station,,-1.0
104,bus,9,15.0,60.0,at_station,,1.0
104,bus,10,50.0,15.0,at_station,,-1.0
104,bus,11,50.0,25.0,at_station,,1.0
104,bus,12,25.0,60.0,at_station,,-1.0
104,bus,13,15.0,40.0,at_station,,1.0
104,bus,14,50.0,35.0,at_station,,-1.0
104,bus,15,40.0,15.0,at_station,,1.0
104,bus,16,45.0,60.0,at_station,,-1.0
104,bus,17,15.0,20.0,at_station,,1.0
104,bus,18,50.0,55.0,at_station,,-1.0
104,bus,19,20.0,15.0,at_station,,1.0
104,bus,20,65.0,60.0,at_station,,1.0
104,bus,21,15.0,0.0,at_station,,-1.0
104,bus,22,50.0,75.0,at_station,,1.0
104,bus,23,0.0,15.0,at_station,,-1.0
105,drone,0,15.0,39.0,direct_transport_to_pickup,240.58618734850887,
105,drone,1,30.0,60.0,idle,235.18478428155703,
105,bus,0,15.0,10.0,at_station,,-1.0
105,bus,1,55.0,60.0,at_station,,1.0
105,bus,2,10.0,15.0,at_station,,-1.0
105,bus,3,50.0,65.0,at_station,,1.0
105,bus,4,15.0,30.0,at_station,,-1.0
105,bus,5,35.0,60.0,at_station,,1.0
105,bus,6,30.0,15.0,at_station,,-1.0
105,bus,7,50.0,45.0,at_station,,1.0
105,bus,8,15.0,50.0,at_station,,-1.0
105,bus,9,15.0,60.0,at_station,,1.0
105,bus,10,50.0,15.0,at_station,,-1.0
105,bus,11,50.0,25.0,at_station,,1.0
105,bus,12,25.0,60.0,at_station,,-1.0
105,bus,13,15.0,40.0,at_station,,1.0
105,bus,14,50.0,35.0,at_station,,-1.0
105,bus,15,40.0,15.0,at_station,,1.0
105,bus,16,45.0,60.0,at_station,,-1.0
105,bus,17,15.0,20.0,at_station,,1.0
105,bus,18,50.0,55.0,at_station,,-1.0
105,bus,19,20.0,15.0,at_station,,1.0
105,bus,20,65.0,60.0,at_station,,1.0
105,bus,21,15.0,0.0,at_station,,-1.0
105,bus,22,50.0,75.0,at_station,,1.0
105,bus,23,0.0,15.0,at_station,,-1.0
106,drone,0,15.0,44.0,direct_transport_to_pickup,235.58618734850887,
106,drone,1,27.76393202250021,55.52786404500042,direct_transport_to_pickup,230.18478428155703,
106,bus,0,15.0,10.0,at_station,,-1.0
106,bus,1,55.0,60.0,at_station,,1.0
106,bus,2,10.0,15.0,at_station,,-1.0
106,bus,3,50.0,65.0,at_station,,1.0
106,bus,4,15.0,30.0,at_station,,-1.0
106,bus,5,35.0,60.0,at_station,,1.0
106,bus,6,30.0,15.0,at_station,,-1.0
106,bus,7,50.0,45.0,at_station,,1.0
106,bus,8,15.0,50.0,at_station,,-1.0
106,bus,9,15.0,60.0,at_station,,1.0
106,bus,10,50.0,15.0,at_station,,-1.0
106,bus,11,50.0,25.0,at_station,,1.0
106,bus,12,25.0,60.0,at_station,,-1.0
106,bus,13,15.0,40.0,at_station,,1.0
106,bus,14,50.0,35.0,at_station,,-1.0
106,bus,15,40.0,15.0,at_station,,1.0
106,bus,16,45.0,60.0,at_station,,-1.0
106,bus,17,15.0,20.0,at_station,,1.0
106,bus,18,50.0,55.0,at_station,,-1.0
106,bus,19,20.0,15.0,at_station,,1.0
106,bus,20,65.0,60.0,at_station,,1.0
106,bus,21,15.0,0.0,at_station,,-1.0
106,bus,22,50.0,75.0,at_station,,1.0
106,bus,23,0.0,15.0,at_station,,-1.0
107,drone,0,15.0,49.0,direct_transport_to_pickup,230.58618734850887,
107,drone,1,25.52786404500042,51.05572809000084,direct_transport_to_pickup,225.18478428155703,
107,bus,0,15.0,7.5,moving,,-1.0
107,bus,1,57.5,60.0,moving,,1.0
107,bus,2,7.5,15.0,moving,,-1.0
107,bus,3,50.0,67.5,moving,,1.0
107,bus,4,15.0,27.5,moving,,-1.0
107,bus,5,37.5,60.0,moving,,1.0
107,bus,6,27.5,15.0,moving,,-1.0
107,bus,7,50.0,47.5,moving,,1.0
107,bus,8,15.0,47.5,moving,,-1.0
107,bus,9,17.5,60.0,moving,,1.0
107,bus,10,47.5,15.0,moving,,-1.0
107,bus,11,50.0,27.5,moving,,1.0
107,bus,12,22.5,60.0,moving,,-1.0
107,bus,13,15.0,42.5,moving,,1.0
107,bus,14,50.0,32.5,moving,,-1.0
107,bus,15,42.5,15.0,moving,,1.0
107,bus,16,42.5,60.0,moving,,-1.0
107,bus,17,15.0,22.5,moving,,1.0
107,bus,18,50.0,52.5,moving,,-1.0
107,bus,19,22.5,15.0,moving,,1.0
107,bus,20,62.5,60.0,moving,,-1.0
107,bus,21,15.0,2.5,moving,,1.0
107,bus,22,50.0,72.5,moving,,-1.0
107,bus,23,2.5,15.0,moving,,1.0
108,drone,0,15.0,54.0,direct_transport_to_pickup,225.58618734850887,
108,drone,1,23.29179606750063,46.58359213500126,direct_transport_to_pickup,220.18478428155703,
108,bus,0,15.0,2.5,moving,,-1.0
108,bus,1,62.5,60.0,moving,,1.0
108,bus,2,2.5,15.0,moving,,-1.0
108,bus,3,50.0,72.5,moving,,1.0
108,bus,4,15.0,22.5,moving,,-1.0
108,bus,5,42.5,60.0,moving,,1.0
108,bus,6,22.5,15.0,moving,,-1.0
108,bus,7,50.0,52.5,moving,,1.0
108,bus,8,15.0,42.5,moving,,-1.0
108,bus,9,22.5,60.0,moving,,1.0
108,bus,10,42.5,15.0,moving,,-1.0
108,bus,11,50.0,32.5,moving,,1.0
108,bus,12,17.5,60.0,moving,,-1.0
108,bus,13,15.0,47.5,moving,,1.0
108,bus,14,50.0,27.5,moving,,-1.0
108,bus,15,47.5,15.0,moving,,1.0
108,bus,16,37.5,60.0,moving,,-1.0
108,bus,17,15.0,27.5,moving,,1.0
108,bus,18,50.0,47.5,moving,,-1.0
108,bus,19,27.5,15.0,moving,,1.0
108,bus,20,57.5,60.0,moving,,-1.0
108,bus,21,15.0,7.5,moving,,1.0
108,bus,22,50.0,67.5,moving,,-1.0
108,bus,23,7.5,15.0,moving,,1.0
109,drone,0,15.0,59.0,direct_transport_to_pickup,220.58618734850887,
109,drone,1,21.05572809000084,42.11145618000168,direct_transport_to_pickup,215.18478428155703,
109,bus,0,15.0,0.0,at_station,,-1.0
109,bus,1,65.0,60.0,at_station,,1.0
109,bus,2,0.0,15.0,at_station,,-1.0
109,bus,3,50.0,75.0,at_station,,1.0
109,bus,4,15.0,20.0,at_station,,-1.0
109,bus,5,45.0,60.0,at_station,,1.0
109,bus,6,20.0,15.0,at_station,,-1.0
109,bus,7,50.0,55.0,at_station,,1.0
109,bus,8,15.0,40.0,at_station,,-1.0
109,bus,9,25.0,60.0,at_station,,1.0
109,bus,10,40.0,15.0,at_station,,-1.0
109,bus,11,50.0,35.0,at_station,,1.0
109,bus,12,15.0,60.0,at_station,,-1.0
109,bus,13,15.0,50.0,at_station,,1.0
109,bus,14,50.0,25.0,at_station,,-1.0
109,bus,15,50.0,15.0,at_station,,1.0
109,bus,16,35.0,60.0,at_station,,-1.0
109,bus,17,15.0,30.0,at_station,,1.0
109,bus,18,50.0,45.0,at_station,,-1.0
109,bus,19,30.0,15.0,at_station,,1.0
109,bus,20,55.0,60.0,at_station,,-1.0
109,bus,21,15.0,10.0,at_station,,1.0
109,bus,22,50.0,65.0,at_station,,-1.0
109,bus,23,10.0,15.0,at_station,,1.0
110,drone,0,15.0,60.0,direct_transport_to_delivery,219.58618734850887,
110,drone,1,18.81966011250105,37.6393202250021,direct_transport_to_pickup,210.18478428155703,
110,bus,0,15.0,0.0,at_station,,-1.0
110,bus,1,65.0,60.0,at_station,,1.0
110,bus,2,0.0,15.0,at_station,,-1.0
110,bus,3,50.0,75.0,at_station,,1.0
110,bus,4,15.0,20.0,at_station,,-1.0
110,bus,5,45.0,60.0,at_station,,1.0
110,bus,6,20.0,15.0,at_station,,-1.0
110,bus,7,50.0,55.0,at_station,,1.0
110,bus,8,15.0,40.0,at_station,,-1.0
110,bus,9,25.0,60.0,at_station,,1.0
110,bus,10,40.0,15.0,at_station,,-1.0
110,bus,11,50.0,35.0,at_station,,1.0
110,bus,12,15.0,60.0,at_station,,-1.0
110,bus,13,15.0,50.0,at_station,,1.0
110,bus,14,50.0,25.0,at_station,,-1.0
110,bus,15,50.0,15.0,at_station,,1.0
110,bus,16,35.0,60.0,at_station,,-1.0
110,bus,17,15.0,30.0,at_station,,1.0
110,bus,18,50.0,45.0,at_station,,-1.0
110,bus,19,30.0,15.0,at_station,,1.0
110,bus,20,55.0,60.0,at_station,,-1.0
110,bus,21,15.0,10.0,at_station,,1.0
110,bus,22,50.0,65.0,at_station,,-1.0
110,bus,23,10.0,15.0,at_station,,1.0
111,drone,0,17.883415987993274,55.91516068367619,direct_transport_to_delivery,214.58618734850887,
111,drone,1,16.58359213500126,33.16718427000252,direct_transport_to_pickup,205.18478428155703,
111,bus,0,15.0,0.0,at_station,,-1.0
111,bus,1,65.0,60.0,at_station,,1.0
111,bus,2,0.0,15.0,at_station,,-1.0
111,bus,3,50.0,75.0,at_station,,1.0
111,bus,4,15.0,20.0,at_station,,-1.0
111,bus,5,45.0,60.0,at_station,,1.0
111,bus,6,20.0,15.0,at_station,,-1.0
111,bus,7,50.0,55.0,at_station,,1.0
111,bus,8,15.0,40.0,at_station,,-1.0
111,bus,9,25.0,60.0,at_station,,1.0
111,bus,10,40.0,15.0,at_station,,-1.0
111,bus,11,50.0,35.0,at_station,,1.0
111,bus,12,15.0,60.0,at_station,,-1.0
111,bus,13,15.0,50.0,at_station,,1.0
111,bus,14,50.0,25.0,at_station,,-1.0
111,bus,15,50.0,15.0,at_station,,1.0
111,bus,16,35.0,60.0,at_station,,-1.0
111,bus,17,15.0,30.0,at_station,,1.0
111,bus,18,50.0,45.0,at_station,,-1.0
111,bus,19,30.0,15.0,at_station,,1.0
111,bus,20,55.0,60.0,at_station,,-1.0
111,bus,21,15.0,10.0,at_station,,1.0
111,bus,22,50.0,65.0,at_station,,-1.0
111,bus,23,10.0,15.0,at_station,,1.0
112,drone,0,20.766831975986552,51.83032136735238,direct_transport_to_delivery,209.58618734850887,
112,drone,1,14.347524157501471,28.695048315002943,direct_transport_to_pickup,200.18478428155703,
112,bus,0,15.0,2.5,moving,,1.0
112,bus,1,62.5,60.0,moving,,-1.0
112,bus,2,2.5,15.0,moving,,1.0
112,bus,3,50.0,72.5,moving,,-1.0
112,bus,4,15.0,17.5,moving,,-1.0
112,bus,5,47.5,60.0,moving,,1.0
112,bus,6,17.5,15.0,moving,,-1.0
112,bus,7,50.0,57.5,moving,,1.0
112,bus,8,15.0,37.5,moving,,-1.0
112,bus,9,27.5,60.0,moving,,1.0
112,bus,10,37.5,15.0,moving,,-1.0
112,bus,11,50.0,37.5,moving,,1.0
112,bus,12,15.0,57.5,moving,,-1.0
112,bus,13,15.0,52.5,moving,,1.0
112,bus,14,50.0,22.5,moving,,-1.0
112,bus,15,50.0,17.5,moving,,1.0
112,bus,16,32.5,60.0,moving,,-1.0
112,bus,17,15.0,32.5,moving,,1.0
112,bus,18,50.0,42.5,moving,,-1.0
112,bus,19,32.5,15.0,moving,,1.0
112,bus,20,52.5,60.0,moving,,-1.0
112,bus,21,15.0,12.5,moving,,1.0
112,bus,22,50.0,62.5,moving,,-1.0
112,bus,23,12.5,15.0,moving,,1.0
113,drone,0,23.65024796397983,47.745482051028574,direct_transport_to_delivery,204.58618734850887,
113,drone,1,12.111456180001682,24.222912360003363,direct_transport_to_pickup,195.18478428155703,
113,bus,0,15.0,7.5,moving,,1.0
113,bus,1,57.5,60.0,moving,,-1.0
113,bus,2,7.5,15.0,moving,,1.0
113,bus,3,50.0,67.5,moving,,-1.0
113,bus,4,15.0,12.5,moving,,-1.0
113,bus,5,52.5,60.0,moving,,1.0
113,bus,6,12.5,15.0,moving,,-1.0
113,bus,7,50.0,62.5,moving,,1.0
113,bus,8,15.0,32.5,moving,,-1.0
113,bus,9,32.5,60.0,moving,,1.0
113,bus,10,32.5,15.0,moving,,-1.0
113,bus,11,50.0,42.5,moving,,1.0
113,bus,12,15.0,52.5,moving,,-1.0
113,bus,13,15.0,57.5,moving,,1.0
113,bus,14,50.0,17.5,moving,,-1.0
113,bus,15,50.0,22.5,moving,,1.0
113,bus,16,27.5,60.0,moving,,-1.0
113,bus,17,15.0,37.5,moving,,1.0
113,bus,18,50.0,37.5,moving,,-1.0
113,bus,19,37.5,15.0,moving,,1.0
113,bus,20,47.5,60.0,moving,,-1.0
113,bus,21,15.0,17.5,moving,,1.0
113,bus,22,50.0,57.5,moving,,-1.0
113,bus,23,17.5,15.0,moving,,1.0
114,drone,0,26.533663951973107,43.660642734704766,direct_transport_to_delivery,199.58618734850887,
114,drone,1,10.0,20.0,direct_transport_to_delivery,190.46342473156125,
114,bus,0,15.0,10.0,at_station,,1.0
114,bus,1,55.0,60.0,at_station,,-1.0
114,bus,2,10.0,15.0,at_station,,1.0
114,bus,3,50.0,65.0,at_station,,-1.0
114,bus,4,15.0,10.0,at_station,,-1.0
114,bus,5,55.0,60.0,at_station,,1.0
114,bus,6,10.0,15.0,at_station,,-1.0
114,bus,7,50.0,65.0,at_station,,1.0
114,bus,8,15.0,30.0,at_station,,-1.0
114,bus,9,35.0,60.0,at_station,,1.0
114,bus,10,30.0,15.0,at_station,,-1.0
114,bus,11,50.0,45.0,at_station,,1.0
114,bus,12,15.0,50.0,at_station,,-1.0
114,bus,13,15.0,60.0,at_station,,1.0
114,bus,14,50.0,15.0,at_station,,-1.0
114,bus,15,50.0,25.0,at_station,,1.0
114,bus,16,25.0,60.0,at_station,,-1.0
114,bus,17,15.0,40.0,at_station,,1.0
114,bus,18,50.0,35.0,at_station,,-1.0
114,bus,19,40.0,15.0,at_station,,1.0
114,bus,20,45.0,60.0,at_station,,-1.0
114,bus,21,15.0,20.0,at_station,,1.0
114,bus,22,50.0,55.0,at_station,,-1.0
114,bus,23,20.0,15.0,at_station,,1.0
115,drone,0,27.0,43.0,idle,198.77753530182406,
115,drone,1,8.418861169915811,15.256583509747431,direct_transport_to_delivery,185.46342473156125,
115,bus,0,15.0,10.0,at_station,,1.0
115,bus,1,55.0,60.0,at_station,,-1.0
115,bus,2,10.0,15.0,at_station,,1.0
115,bus,3,50.0,65.0,at_station,,-1.0
115,bus,4,15.0,10.0,at_station,,-1.0
115,bus,5,55.0,60.0,at_station,,1.0
115,bus,6,10.0,15.0,at_station,,-1.0
115,bus,7,50.0,65.0,at_station,,1.0
115,bus,8,15.0,30.0,at_station,,-1.0
115,bus,9,35.0,60.0,at_station,,1.0
115,bus,10,30.0,15.0,at_station,,-1.0
115,bus,11,50.0,45.0,at_station,,1.0
115,bus,12,15.0,50.0,at_station,,-1.0
115,bus,13,15.0,60.0,at_station,,1.0
115,bus,14,50.0,15.0,at_station,,-1.0
115,bus,15,50.0,25.0,at_station,,1.0
115,bus,16,25.0,60.0,at_station,,-1.0
115,bus,17,15.0,40.0,at_station,,1.0
115,bus,18,50.0,35.0,at_station,,-1.0
115,bus,19,40.0,15.0,at_station,,1.0
115,bus,20,45.0,60.0,at_station,,-1.0
115,bus,21,15.0,20.0,at_station,,1.0
115,bus,22,50.0,55.0,at_station,,-1.0
115,bus,23,20.0,15.0,at_station,,1.0
116,drone,0,27.0,43.0,idle,198.77753530182406,
116,drone,1,6.837722339831621,10.513167019494862,direct_transport_to_delivery,180.46342473156125,
116,bus,0,15.0,10.0,at_station,,1.0
116,bus,1,55.0,60.0,at_station,,-1.0
116,bus,2,10.0,15.0,at_station,,1.0
116,bus,3,50.0,65.0,at_station,,-1.0
116,bus,4,15.0,10.0,at_station,,-1.0
116,bus,5,55.0,60.0,at_station,,1.0
116,bus,6,10.0,15.0,at_station,,-1.0
116,bus,7,50.0,65.0,at_station,,1.0
116,bus,8,15.0,30.0,at_station,,-1.0
116,bus,9,35.0,60.0,at_station,,1.0
116,bus,10,30.0,15.0,at_station,,-1.0
116,bus,11,50.0,45.0,at_station,,1.0
116,bus,12,15.0,50.0,at_station,,-1.0
116,bus,13,15.0,60.0,at_station,,1.0
116,bus,14,50.0,15.0,at_station,,-1.0
116,bus,15,50.0,25.0,at_station,,1.0
116,bus,16,25.0,60.0,at_station,,-1.0
116,bus,17,15.0,40.0,at_station,,1.0
116,bus,18,50.0,35.0,at_station,,-1.0
116,bus,19,40.0,15.0,at_station,,1.0
116,bus,20,45.0,60.0,at_station,,-1.0
116,bus,21,15.0,20.0,at_station,,1.0
116,bus,22,50.0,55.0,at_station,,-1.0
116,bus,23,20.0,15.0,at_station,,1.0
117,drone,0,27.0,43.0,idle,198.77753530182406,
117,drone,1,5.256583509747431,5.769750529242293,direct_transport_to_delivery,175.46342473156125,
117,bus,0,15.0,12.5,moving,,1.0
117,bus,1,52.5,60.0,moving,,-1.0
117,bus,2,12.5,15.0,moving,,1.0
117,bus,3,50.0,62.5,moving,,-1.0
117,bus,4,15.0,7.5,moving,,-1.0
117,bus,5,57.5,60.0,moving,,1.0
117,bus,6,7.5,15.0,moving,,-1.0
117,bus,7,50.0,67.5,moving,,1.0
117,bus,8,15.0,27.5,moving,,-1.0
117,bus,9,37.5,60.0,moving,,1.0
117,bus,10,27.5,15.0,moving,,-1.0
117,bus,11,50.0,47.5,moving,,1.0
117,bus,12,15.0,47.5,moving,,-1.0
117,bus,13,17.5,60.0,moving,,1.0
117,bus,14,47.5,15.0,moving,,-1.0
117,bus,15,50.0,27.5,moving,,1.0
117,bus,16,22.5,60.0,moving,,-1.0
117,bus,17,15.0,42.5,moving,,1.0
117,bus,18,50.0,32.5,moving,,-1.0
117,bus,19,42.5,15.0,moving,,1.0
117,bus,20,42.5,60.0,moving,,-1.0
117,bus,21,15.0,22.5,moving,,1.0
117,bus,22,50.0,52.5,moving,,-1.0
117,bus,23,22.5,15.0,moving,,1.0
118,drone,0,27.0,43.0,idle,198.77753530182406,
118,drone,1,5.0,5.0,idle,174.65203643071936,
118,bus,0,15.0,17.5,moving,,1.0
118,bus,1,47.5,60.0,moving,,-1.0
118,bus,2,17.5,15.0,moving,,1.0
118,bus,3,50.0,57.5,moving,,-1.0
118,bus,4,15.0,2.5,moving,,-1.0
118,bus,5,62.5,60.0,moving,,1.0
118,bus,6,2.5,15.0,moving,,-1.0
118,bus,7,50.0,72.5,moving,,1.0
118,bus,8,15.0,22.5,moving,,-1.0
118,bus,9,42.5,60.0,moving,,1.0
118,bus,10,22.5,15.0,moving,,-1.0
118,bus,11,50.0,52.5,moving,,1.0
118,bus,12,15.0,42.5,moving,,-1.0
118,bus,13,22.5,60.0,moving,,1.0
118,bus,14,42.5,15.0,moving,,-1.0
118,bus,15,50.0,32.5,moving,,1.0
118,bus,16,17.5,60.0,moving,,-1.0
118,bus,17,15.0,47.5,moving,,1.0
118,bus,18,50.0,27.5,moving,,-1.0
118,bus,19,47.5,15.0,moving,,1.0
118,bus,20,37.5,60.0,moving,,-1.0
118,bus,21,15.0,27.5,moving,,1.0
118,bus,22,50.0,47.5,moving,,-1.0
118,bus,23,27.5,15.0,moving,,1.0
119,drone,0,27.0,43.0,idle,198.77753530182406,
119,drone,1,5.0,5.0,idle,174.65203643071936,
119,bus,0,15.0,20.0,at_station,,1.0
119,bus,1,45.0,60.0,at_station,,-1.0
119,bus,2,20.0,15.0,at_station,,1.0
119,bus,3,50.0,55.0,at_station,,-1.0
119,bus,4,15.0,0.0,at_station,,-1.0
119,bus,5,65.0,60.0,at_station,,1.0
119,bus,6,0.0,15.0,at_station,,-1.0
119,bus,7,50.0,75.0,at_station,,1.0
119,bus,8,15.0,20.0,at_station,,-1.0
119,bus,9,45.0,60.0,at_station,,1.0
119,bus,10,20.0,15.0,at_station,,-1.0
119,bus,11,50.0,55.0,at_station,,1.0
119,bus,12,15.0,40.0,at_station,,-1.0
119,bus,13,25.0,60.0,at_station,,1.0
119,bus,14,40.0,15.0,at_station,,-1.0
119,bus,15,50.0,35.0,at_station,,1.0
119,bus,16,15.0,60.0,at_station,,-1.0
119,bus,17,15.0,50.0,at_station,,1.0
119,bus,18,50.0,25.0,at_station,,-1.0
119,bus,19,50.0,15.0,at_station,,1.0
119,bus,20,35.0,60.0,at_station,,-1.0
119,bus,21,15.0,30.0,at_station,,1.0
119,bus,22,50.0,45.0,at_station,,-1.0
119,bus,23,30.0,15.0,at_station,,1.0
120,drone,0,27.0,43.0,idle,198.77753530182406,
120,drone,1,5.0,5.0,idle,174.65203643071936,
120,bus,0,15.0,20.0,at_station,,1.0
120,bus,1,45.0,60.0,at_station,,-1.0
120,bus,2,20.0,15.0,at_station,,1.0
120,bus,3,50.0,55.0,at_station,,-1.0
120,bus,4,15.0,0.0,at_station,,-1.0
120,bus,5,65.0,60.0,at_station,,1.0
120,bus,6,0.0,15.0,at_station,,-1.0
120,bus,7,50.0,75.0,at_station,,1.0
120,bus,8,15.0,20.0,at_station,,-1.0
120,bus,9,45.0,60.0,at_station,,1.0
120,bus,10,20.0,15.0,at_station,,-1.0
120,bus,11,50.0,55.0,at_station,,1.0
120,bus,12,15.0,40.0,at_station,,-1.0
120,bus,13,25.0,60.0,at_station,,1.0
120,bus,14,40.0,15.0,at_station,,-1.0
120,bus,15,50.0,35.0,at_station,,1.0
120,bus,16,15.0,60.0,at_station,,-1.0
120,bus,17,15.0,50.0,at_station,,1.0
120,bus,18,50.0,25.0,at_station,,-1.0
120,bus,19,50.0,15.0,at_station,,1.0
120,bus,20,35.0,60.0,at_station,,-1.0
120,bus,21,15.0,30.0,at_station,,1.0
120,bus,22,50.0,45.0,at_station,,-1.0
120,bus,23,30.0,15.0,at_station,,1.0
121,drone,0,27.0,43.0,idle,198.77753530182406,
121,drone,1,5.0,5.0,idle,174.65203643071936,
121,bus,0,15.0,20.0,at_station,,1.0
121,bus,1,45.0,60.0,at_station,,-1.0
121,bus,2,20.0,15.0,at_station,,1.0
121,bus,3,50.0,55.0,at_station,,-1.0
121,bus,4,15.0,0.0,at_station,,-1.0
121,bus,5,65.0,60.0,at_station,,1.0
121,bus,6,0.0,15.0,at_station,,-1.0
121,bus,7,50.0,75.0,at_station,,1.0
121,bus,8,15.0,20.0,at_station,,-1.0
121,bus,9,45.0,60.0,at_station,,1.0
121,bus,10,20.0,15.0,at_station,,-1.0
121,bus,11,50.0,55.0,at_station,,1.0
121,bus,12,15.0,40.0,at_station,,-1.0
121,bus,13,25.0,60.0,at_station,,1.0
121,bus,14,40.0,15.0,at_station,,-1.0
121,bus,15,50.0,35.0,at_station,,1.0
121,bus,16,15.0,60.0,at_station,,-1.0
121,bus,17,15.0,50.0,at_station,,1.0
121,bus,18,50.0,25.0,at_station,,-1.0
121,bus,19,50.0,15.0,at_station,,1.0
121,bus,20,35.0,60.0,at_station,,-1.0
121,bus,21,15.0,30.0,at_station,,1.0
121,bus,22,50.0,45.0,at_station,,-1.0
121,bus,23,30.0,15.0,at_station,,1.0
122,drone,0,27.0,43.0,idle,198.77753530182406,
122,drone,1,5.0,5.0,idle,174.65203643071936,
122,bus,0,15.0,22.5,moving,,1.0
122,bus,1,42.5,60.0,moving,,-1.0
122,bus,2,22.5,15.0,moving,,1.0
122,bus,3,50.0,52.5,moving,,-1.0
122,bus,4,15.0,2.5,moving,,1.0
122,bus,5,62.5,60.0,moving,,-1.0
122,bus,6,2.5,15.0,moving,,1.0
122,bus,7,50.0,72.5,moving,,-1.0
122,bus,8,15.0,17.5,moving,,-1.0
122,bus,9,47.5,60.0,moving,,1.0
122,bus,10,17.5,15.0,moving,,-1.0
122,bus,11,50.0,57.5,moving,,1.0
122,bus,12,15.0,37.5,moving,,-1.0
122,bus,13,27.5,60.0,moving,,1.0
122,bus,14,37.5,15.0,moving,,-1.0
122,bus,15,50.0,37.5,moving,,1.0
122,bus,16,15.0,57.5,moving,,-1.0
122,bus,17,15.0,52.5,moving,,1.0
122,bus,18,50.0,22.5,moving,,-1.0
122,bus,19,50.0,17.5,moving,,1.0
122,bus,20,32.5,60.0,moving,,-1.0
122,bus,21,15.0,32.5,moving,,1.0
122,bus,22,50.0,42.5,moving,,-1.0
122,bus,23,32.5,15.0,moving,,1.0
123,drone,0,27.0,43.0,idle,198.77753530182406,
123,drone,1,5.0,5.0,idle,174.65203643071936,
123,bus,0,15.0,27.5,moving,,1.0
123,bus,1,37.5,60.0,moving,,-1.0
123,bus,2,27.5,15.0,moving,,1.0
123,bus,3,50.0,47.5,moving,,-1.0
123,bus,4,15.0,7.5,moving,,1.0
123,bus,5,57.5,60.0,moving,,-1.0
123,bus,6,7.5,15.0,moving,,1.0
123,bus,7,50.0,67.5,moving,,-1.0
123,bus,8,15.0,12.5,moving,,-1.0
123,bus,9,52.5,60.0,moving,,1.0
123,bus,10,12.5,15.0,moving,,-1.0
123,bus,11,50.0,62.5,moving,,1.0
123,bus,12,15.0,32.5,moving,,-1.0
123,bus,13,32.5,60.0,moving,,1.0
123,bus,14,32.5,15.0,moving,,-1.0
123,bus,15,50.0,42.5,moving,,1.0
123,bus,16,15.0,52.5,moving,,-1.0
123,bus,17,15.0,57.5,moving,,1.0
123,bus,18,50.0,17.5,moving,,-1.0
123,bus,19,50.0,22.5,moving,,1.0
123,bus,20,27.5,60.0,moving,,-1.0
123,bus,21,15.0,37.5,moving,,1.0
123,bus,22,50.0,37.5,moving,,-1.0
123,bus,23,37.5,15.0,moving,,1.0
124,drone,0,27.0,43.0,idle,198.77753530182406,
124,drone,1,5.0,5.0,idle,174.65203643071936,
124,bus,0,15.0,30.0,at_station,,1.0
124,bus,1,35.0,60.0,at_station,,-1.0
124,bus,2,30.0,15.0,at_station,,1.0
124,bus,3,50.0,45.0,at_station,,-1.0
124,bus,4,15.0,10.0,at_station,,1.0
124,bus,5,55.0,60.0,at_station,,-1.0
124,bus,6,10.0,15.0,at_station,,1.0
124,bus,7,50.0,65.0,at_station,,-1.0
124,bus,8,15.0,10.0,at_station,,-1.0
124,bus,9,55.0,60.0,at_station,,1.0
124,bus,10,10.0,15.0,at_station,,-1.0
124,bus,11,50.0,65.0,at_station,,1.0
124,bus,12,15.0,30.0,at_station,,-1.0
124,bus,13,35.0,60.0,at_station,,1.0
124,bus,14,30.0,15.0,at_station,,-1.0
124,bus,15,50.0,45.0,at_station,,1.0
124,bus,16,15.0,50.0,at_station,,-1.0
124,bus,17,15.0,60.0,at_station,,1.0
124,bus,18,50.0,15.0,at_station,,-1.0
124,bus,19,50.0,25.0,at_station,,1.0
124,bus,20,25.0,60.0,at_station,,-1.0
124,bus,21,15.0,40.0,at_station,,1.0
124,bus,22,50.0,35.0,at_station,,-1.0
124,bus,23,40.0,15.0,at_station,,1.0
125,drone,0,27.0,43.0,idle,198.77753530182406,
125,drone,1,5.0,5.0,idle,174.65203643071936,
125,bus,0,15.0,30.0,at_station,,1.0
125,bus,1,35.0,60.0,at_station,,-1.0
125,bus,2,30.0,15.0,at_station,,1.0
125,bus,3,50.0,45.0,at_station,,-1.0
125,bus,4,15.0,10.0,at_station,,1.0
125,bus,5,55.0,60.0,at_station,,-1.0
125,bus,6,10.0,15.0,at_station,,1.0
125,bus,7,50.0,65.0,at_station,,-1.0
125,bus,8,15.0,10.0,at_station,,-1.0
125,bus,9,55.0,60.0,at_station,,1.0
125,bus,10,10.0,15.0,at_station,,-1.0
125,bus,11,50.0,65.0,at_station,,1.0
125,bus,12,15.0,30.0,at_station,,-1.0
125,bus,13,35.0,60.0,at_station,,1.0
125,bus,14,30.0,15.0,at_station,,-1.0
125,bus,15,50.0,45.0,at_station,,1.0
125,bus,16,15.0,50.0,at_station,,-1.0
125,bus,17,15.0,60.0,at_station,,1.0
125,bus,18,50.0,15.0,at_station,,-1.0
125,bus,19,50.0,25.0,at_station,,1.0
125,bus,20,25.0,60.0,at_station,,-1.0
125,bus,21,15.0,40.0,at_station,,1.0
125,bus,22,50.0,35.0,at_station,,-1.0
125,bus,23,40.0,15.0,at_station,,1.0
126,drone,0,23.901778557104898,39.07558617233287,moving_to_pickup,193.77753530182406,
126,drone,1,7.394260653402867,9.389477864571923,moving_to_bus_station_for_delivery,169.65203643071936,
126,bus,0,15.0,30.0,at_station,,1.0
126,bus,1,35.0,60.0,at_station,,-1.0
126,bus,2,30.0,15.0,at_station,,1.0
126,bus,3,50.0,45.0,at_station,,-1.0
126,bus,4,15.0,10.0,at_station,,1.0
126,bus,5,55.0,60.0,at_station,,-1.0
126,bus,6,10.0,15.0,at_station,,1.0
126,bus,7,50.0,65.0,at_station,,-1.0
126,bus,8,15.0,10.0,at_station,,-1.0
126,bus,9,55.0,60.0,at_station,,1.0
126,bus,10,10.0,15.0,at_station,,-1.0
126,bus,11,50.0,65.0,at_station,,1.0
126,bus,12,15.0,30.0,at_station,,-1.0
126,bus,13,35.0,60.0,at_station,,1.0
126,bus,14,30.0,15.0,at_station,,-1.0
126,bus,15,50.0,45.0,at_station,,1.0
126,bus,16,15.0,50.0,at_station,,-1.0
126,bus,17,15.0,60.0,at_station,,1.0
126,bus,18,50.0,15.0,at_station,,-1.0
126,bus,19,50.0,25.0,at_station,,1.0
126,bus,20,25.0,60.0,at_station,,-1.0
126,bus,21,15.0,40.0,at_station,,1.0
126,bus,22,50.0,35.0,at_station,,-1.0
126,bus,23,40.0,15.0,at_station,,1.0
127,drone,0,20.803557114209795,35.15117234466574,moving_to_pickup,188.77753530182406,
127,drone,1,9.788521306805734,13.778955729143846,moving_to_bus_station_for_delivery,164.65203643071936,
127,bus,0,15.0,32.5,moving,,1.0
127,bus,1,32.5,60.0,moving,,-1.0
127,bus,2,32.5,15.0,moving,,1.0
127,bus,3,50.0,42.5,moving,,-1.0
127,bus,4,15.0,12.5,moving,,1.0
127,bus,5,52.5,60.0,moving,,-1.0
127,bus,6,12.5,15.0,moving,,1.0
127,bus,7,50.0,62.5,moving,,-1.0
127,bus,8,15.0,7.5,moving,,-1.0
127,bus,9,57.5,60.0,moving,,1.0
127,bus,10,7.5,15.0,moving,,-1.0
127,bus,11,50.0,67.5,moving,,1.0
127,bus,12,15.0,27.5,moving,,-1.0
127,bus,13,37.5,60.0,moving,,1.0
127,bus,14,27.5,15.0,moving,,-1.0
127,bus,15,50.0,47.5,moving,,1.0
127,bus,16,15.0,47.5,moving,,-1.0
127,bus,17,17.5,60.0,moving,,1.0
127,bus,18,47.5,15.0,moving,,-1.0
127,bus,19,50.0,27.5,moving,,1.0
127,bus,20,22.5,60.0,moving,,-1.0
127,bus,21,15.0,42.5,moving,,1.0
127,bus,22,50.0,32.5,moving,,-1.0
127,bus,23,42.5,15.0,moving,,1.0
128,drone,0,17.705335671314693,31.226758516998608,moving_to_pickup,183.77753530182406,
128,drone,1,12.182781960208601,18.16843359371577,moving_to_bus_station_for_delivery,159.65203643071936,
128,bus,0,15.0,37.5,moving,,1.0
128,bus,1,27.5,60.0,moving,,-1.0
128,bus,2,37.5,15.0,moving,,1.0
128,bus,3,50.0,37.5,moving,,-1.0
128,bus,4,15.0,17.5,moving,,1.0
128,bus,5,47.5,60.0,moving,,-1.0
128,bus,6,17.5,15.0,moving,,1.0
128,bus,7,50.0,57.5,moving,,-1.0
128,bus,8,15.0,2.5,moving,,-1.0
128,bus,9,62.5,60.0,moving,,1.0
128,bus,10,2.5,15.0,moving,,-1.0
128,bus,11,50.0,72.5,moving,,1.0
128,bus,12,15.0,22.5,moving,,-1.0
128,bus,13,42.5,60.0,moving,,1.0
128,bus,14,22.5,15.0,moving,,-1.0
128,bus,15,50.0,52.5,moving,,1.0
128,bus,16,15.0,42.5,moving,,-1.0
128,bus,17,22.5,60.0,moving,,1.0
128,bus,18,42.5,15.0,moving,,-1.0
128,bus,19,50.0,32.5,moving,,1.0
128,bus,20,17.5,60.0,moving,,-1.0
128,bus,21,15.0,47.5,moving,,1.0
128,bus,22,50.0,27.5,moving,,-1.0
128,bus,23,47.5,15.0,moving,,1.0
129,drone,0,14.607114228419588,27.302344689331477,moving_to_pickup,178.77753530182406,
129,drone,1,14.577042613611468,22.55791145828769,moving_to_bus_station_for_delivery,154.65203643071936,
129,bus,0,15.0,40.0,at_station,,1.0
129,bus,1,25.0,60.0,at_station,,-1.0
129,bus,2,40.0,15.0,at_station,,1.0
129,bus,3,50.0,35.0,at_station,,-1.0
129,bus,4,15.0,20.0,at_station,,1.0
129,bus,5,45.0,60.0,at_station,,-1.0
129,bus,6,20.0,15.0,at_station,,1.0
129,bus,7,50.0,55.0,at_station,,-1.0
129,bus,8,15.0,0.0,at_station,,-1.0
129,bus,9,65.0,60.0,at_station,,1.0
129,bus,10,0.0,15.0,at_station,,-1.0
129,bus,11,50.0,75.0,at_station,,1.0
129,bus,12,15.0,20.0,at_station,,-1.0
129,bus,13,45.0,60.0,at_station,,1.0
129,bus,14,20.0,15.0,at_station,,-1.0
129,bus,15,50.0,55.0,at_station,,1.0
129,bus,16,15.0,40.0,at_station,,-1.0
129,bus,17,25.0,60.0,at_station,,1.0
129,bus,18,40.0,15.0,at_station,,-1.0
129,bus,19,50.0,35.0,at_station,,1.0
129,bus,20,15.0,60.0,at_station,,-1.0
129,bus,21,15.0,50.0,at_station,,1.0
129,bus,22,50.0,25.0,at_station,,-1.0
129,bus,23,50.0,15.0,at_station,,1.0
130,drone,0,12.0,24.0,moving_to_bus_station_finish_pickup,174.57009842800366,
130,drone,1,16.971303267014335,26.947389322859614,moving_to_bus_station_for_delivery,149.65203643071936,
130,bus,0,15.0,40.0,at_station,,1.0
130,bus,1,25.0,60.0,at_station,,-1.0
130,bus,2,40.0,15.0,at_station,,1.0
130,bus,3,50.0,35.0,at_station,,-1.0
130,bus,4,15.0,20.0,at_station,,1.0
130,bus,5,45.0,60.0,at_station,,-1.0
130,bus,6,20.0,15.0,at_station,,1.0
130,bus,7,50.0,55.0,at_station,,-1.0
130,bus,8,15.0,0.0,at_station,,-1.0
130,bus,9,65.0,60.0,at_station,,1.0
130,bus,10,0.0,15.0,at_station,,-1.0
130,bus,11,50.0,75.0,at_station,,1.0
130,bus,12,15.0,20.0,at_station,,-1.0
130,bus,13,45.0,60.0,at_station,,1.0
130,bus,14,20.0,15.0,at_station,,-1.0
130,bus,15,50.0,55.0,at_station,,1.0
130,bus,16,15.0,40.0,at_station,,-1.0
130,bus,17,25.0,60.0,at_station,,1.0
130,bus,18,40.0,15.0,at_station,,-1.0
130,bus,19,50.0,35.0,at_station,,1.0
130,bus,20,15.0,60.0,at_station,,-1.0
130,bus,21,15.0,50.0,at_station,,1.0
130,bus,22,50.0,25.0,at_station,,-1.0
130,bus,23,50.0,15.0,at_station,,1.0
131,drone,0,15.0,20.0,waiting_at_bus_station_for_pickup_bus,169.57009842800366,
131,drone,1,19.365563920417202,31.336867187431537,moving_to_bus_station_for_delivery,144.65203643071936,
131,bus,0,15.0,40.0,at_station,,1.0
131,bus,1,25.0,60.0,at_station,,-1.0
131,bus,2,40.0,15.0,at_station,,1.0
131,bus,3,50.0,35.0,at_station,,-1.0
131,bus,4,15.0,20.0,at_station,,1.0
131,bus,5,45.0,60.0,at_station,,-1.0
131,bus,6,20.0,15.0,at_station,,1.0
131,bus,7,50.0,55.0,at_station,,-1.0
131,bus,8,15.0,0.0,at_station,,-1.0
131,bus,9,65.0,60.0,at_station,,1.0
131,bus,10,0.0,15.0,at_station,,-1.0
131,bus,11,50.0,75.0,at_station,,1.0
131,bus,12,15.0,20.0,at_station,,-1.0
131,bus,13,45.0,60.0,at_station,,1.0
131,bus,14,20.0,15.0,at_station,,-1.0
131,bus,15,50.0,55.0,at_station,,1.0
131,bus,16,15.0,40.0,at_station,,-1.0
131,bus,17,25.0,60.0,at_station,,1.0
131,bus,18,40.0,15.0,at_station,,-1.0
131,bus,19,50.0,35.0,at_station,,1.0
131,bus,20,15.0,60.0,at_station,,-1.0
131,bus,21,15.0,50.0,at_station,,1.0
131,bus,22,50.0,25.0,at_station,,-1.0
131,bus,23,50.0,15.0,at_station,,1.0
132,drone,0,15.0,20.0,idle,169.57009842800366,
132,drone,1,21.75982457382007,35.72634505200346,moving_to_bus_station_for_delivery,139.65203643071936,
132,bus,0,15.0,42.5,moving,,1.0
132,bus,1,22.5,60.0,moving,,-1.0
132,bus,2,42.5,15.0,moving,,1.0
132,bus,3,50.0,32.5,moving,,-1.0
132,bus,4,15.0,22.5,moving,,1.0
132,bus,5,42.5,60.0,moving,,-1.0
132,bus,6,22.5,15.0,moving,,1.0
132,bus,7,50.0,52.5,moving,,-1.0
132,bus,8,15.0,2.5,moving,,1.0
132,bus,9,62.5,60.0,moving,,-1.0
132,bus,10,2.5,15.0,moving,,1.0
132,bus,11,50.0,72.5,moving,,-1.0
132,bus,12,15.0,17.5,moving,,-1.0
132,bus,13,47.5,60.0,moving,,1.0
132,bus,14,17.5,15.0,moving,,-1.0
132,bus,15,50.0,57.5,moving,,1.0
132,bus,16,15.0,37.5,moving,,-1.0
132,bus,17,27.5,60.0,moving,,1.0
132,bus,18,37.5,15.0,moving,,-1.0
132,bus,19,50.0,37.5,moving,,1.0
132,bus,20,15.0,57.5,moving,,-1.0
132,bus,21,15.0,52.5,moving,,1.0
132,bus,22,50.0,22.5,moving,,-1.0
132,bus,23,50.0,17.5,moving,,1.0
133,drone,0,15.0,20.0,idle,169.57009842800366,
133,drone,1,24.154085227222936,40.11582291657538,moving_to_bus_station_for_delivery,134.65203643071936,
133,bus,0,15.0,47.5,moving,,1.0
133,bus,1,17.5,60.0,moving,,-1.0
133,bus,2,47.5,15.0,moving,,1.0
133,bus,3,50.0,27.5,moving,,-1.0
133,bus,4,15.0,27.5,moving,,1.0
133,bus,5,37.5,60.0,moving,,-1.0
133,bus,6,27.5,15.0,moving,,1.0
133,bus,7,50.0,47.5,moving,,-1.0
133,bus,8,15.0,7.5,moving,,1.0
133,bus,9,57.5,60.0,moving,,-1.0
133,bus,10,7.5,15.0,moving,,1.0
133,bus,11,50.0,67.5,moving,,-1.0
133,bus,12,15.0,12.5,moving,,-1.0
133,bus,13,52.5,60.0,moving,,1.0
133,bus,14,12.5,15.0,moving,,-1.0
133,bus,15,50.0,62.5,moving,,1.0
133,bus,16,15.0,32.5,moving,,-1.0
133,bus,17,32.5,60.0,moving,,1.0
133,bus,18,32.5,15.0,moving,,-1.0
133,bus,19,50.0,42.5,moving,,1.0
133,bus,20,15.0,52.5,moving,,-1.0
133,bus,21,15.0,57.5,moving,,1.0
133,bus,22,50.0,17.5,moving,,-1.0
133,bus,23,50.0,22.5,moving,,1.0
134,drone,0,15.0,20.0,idle,169.57009842800366,
134,drone,1,26.548345880625803,44.505300781147305,moving_to_bus_station_for_delivery,129.65203643071936,
134,bus,0,15.0,50.0,at_station,,1.0
134,bus,1,15.0,60.0,at_station,,-1.0
134,bus,2,50.0,15.0,at_station,,1.0
134,bus,3,50.0,25.0,at_station,,-1.0
134,bus,4,15.0,30.0,at_station,,1.0
134,bus,5,35.0,60.0,at_station,,-1.0
134,bus,6,30.0,15.0,at_station,,1.0
134,bus,7,50.0,45.0,at_station,,-1.0
134,bus,8,15.0,10.0,at_station,,1.0
134,bus,9,55.0,60.0,at_station,,-1.0
134,bus,10,10.0,15.0,at_station,,1.0
134,bus,11,50.0,65.0,at_station,,-1.0
134,bus,12,15.0,10.0,at_station,,-1.0
134,bus,13,55.0,60.0,at_station,,1.0
134,bus,14,10.0,15.0,at_station,,-1.0
134,bus,15,50.0,65.0,at_station,,1.0
134,bus,16,15.0,30.0,at_station,,-1.0
134,bus,17,35.0,60.0,at_station,,1.0
134,bus,18,30.0,15.0,at_station,,-1.0
134,bus,19,50.0,45.0,at_station,,1.0
134,bus,20,15.0,50.0,at_station,,-1.0
134,bus,21,15.0,60.0,at_station,,1.0
134,bus,22,50.0,15.0,at_station,,-1.0
134,bus,23,50.0,25.0,at_station,,1.0
135,drone,0,15.0,20.0,idle,169.57009842800366,
135,drone,1,28.94260653402867,48.89477864571923,moving_to_bus_station_for_delivery,124.65203643071936,
135,bus,0,15.0,50.0,at_station,,1.0
135,bus,1,15.0,60.0,at_station,,-1.0
135,bus,2,50.0,15.0,at_station,,1.0
135,bus,3,50.0,25.0,at_station,,-1.0
135,bus,4,15.0,30.0,at_station,,1.0
135,bus,5,35.0,60.0,at_station,,-1.0
135,bus,6,30.0,15.0,at_station,,1.0
135,bus,7,50.0,45.0,at_station,,-1.0
135,bus,8,15.0,10.0,at_station,,1.0
135,bus,9,55.0,60.0,at_station,,-1.0
135,bus,10,10.0,15.0,at_station,,1.0
135,bus,11,50.0,65.0,at_station,,-1.0
135,bus,12,15.0,10.0,at_station,,-1.0
135,bus,13,55.0,60.0,at_station,,1.0
135,bus,14,10.0,15.0,at_station,,-1.0
135,bus,15,50.0,65.0,at_station,,1.0
135,bus,16,15.0,30.0,at_station,,-1.0
135,bus,17,35.0,60.0,at_station,,1.0
135,bus,18,30.0,15.0,at_station,,-1.0
135,bus,19,50.0,45.0,at_station,,1.0
135,bus,20,15.0,50.0,at_station,,-1.0
135,bus,21,15.0,60.0,at_station,,1.0
135,bus,22,50.0,15.0,at_station,,-1.0
135,bus,23,50.0,25.0,at_station,,1.0
136,drone,0,15.0,20.0,idle,169.57009842800366,
136,drone,1,31.336867187431537,53.28425651029115,moving_to_bus_station_for_delivery,119.65203643071936,
136,bus,0,15.0,50.0,at_station,,1.0
136,bus,1,15.0,60.0,at_station,,-1.0
136,bus,2,50.0,15.0,at_station,,1.0
136,bus,3,50.0,25.0,at_station,,-1.0
136,bus,4,15.0,30.0,at_station,,1.0
136,bus,5,35.0,60.0,at_station,,-1.0
136,bus,6,30.0,15.0,at_station,,1.0
136,bus,7,50.0,45.0,at_station,,-1.0
136,bus,8,15.0,10.0,at_station,,1.0
136,bus,9,55.0,60.0,at_station,,-1.0
136,bus,10,10.0,15.0,at_station,,1.0
136,bus,11,50.0,65.0,at_station,,-1.0
136,bus,12,15.0,10.0,at_station,,-1.0
136,bus,13,55.0,60.0,at_station,,1.0
136,bus,14,10.0,15.0,at_station,,-1.0
136,bus,15,50.0,65.0,at_station,,1.0
136,bus,16,15.0,30.0,at_station,,-1.0
136,bus,17,35.0,60.0,at_station,,1.0
136,bus,18,30.0,15.0,at_station,,-1.0
136,bus,19,50.0,45.0,at_station,,1.0
136,bus,20,15.0,50.0,at_station,,-1.0
136,bus,21,15.0,60.0,at_station,,1.0
136,bus,22,50.0,15.0,at_station,,-1.0
136,bus,23,50.0,25.0,at_station,,1.0
137,drone,0,15.0,20.0,idle,169.57009842800366,
137,drone,1,33.731127840834404,57.67373437486307,moving_to_bus_station_for_delivery,114.65203643071936,
137,bus,0,15.0,52.5,moving,,1.0
137,bus,1,15.0,57.5,moving,,-1.0
137,bus,2,50.0,17.5,moving,,1.0
137,bus,3,50.0,22.5,moving,,-1.0
137,bus,4,15.0,32.5,moving,,1.0
137,bus,5,32.5,60.0,moving,,-1.0
137,bus,6,32.5,15.0,moving,,1.0
137,bus,7,50.0,42.5,moving,,-1.0
137,bus,8,15.0,12.5,moving,,1.0
137,bus,9,52.5,60.0,moving,,-1.0
137,bus,10,12.5,15.0,moving,,1.0
137,bus,11,50.0,62.5,moving,,-1.0
137,bus,12,15.0,7.5,moving,,-1.0
137,bus,13,57.5,60.0,moving,,1.0
137,bus,14,7.5,15.0,moving,,-1.0
137,bus,15,50.0,67.5,moving,,1.0
137,bus,16,15.0,27.5,moving,,-1.0
137,bus,17,37.5,60.0,moving,,1.0
137,bus,18,27.5,15.0,moving,,-1.0
137,bus,19,50.0,47.5,moving,,1.0
137,bus,20,15.0,47.5,moving,,-1.0
137,bus,21,17.5,60.0,moving,,1.0
137,bus,22,47.5,15.0,moving,,-1.0
137,bus,23,50.0,27.5,moving,,1.0
138,drone,0,15.0,20.0,idle,169.57009842800366,
138,drone,1,35.0,60.0,waiting_at_bus_station_for_delivery,112.00221600001103,
138,bus,0,15.0,57.5,moving,,1.0
138,bus,1,15.0,52.5,moving,,-1.0
138,bus,2,50.0,22.5,moving,,1.0
138,bus,3,50.0,17.5,moving,,-1.0
138,bus,4,15.0,37.5,moving,,1.0
138,bus,5,27.5,60.0,moving,,-1.0
138,bus,6,37.5,15.0,moving,,1.0
138,bus,7,50.0,37.5,moving,,-1.0
138,bus,8,15.0,17.5,moving,,1.0
138,bus,9,47.5,60.0,moving,,-1.0
138,bus,10,17.5,15.0,moving,,1.0
138,bus,11,50.0,57.5,moving,,-1.0
138,bus,12,15.0,2.5,moving,,-1.0
138,bus,13,62.5,60.0,moving,,1.0
138,bus,14,2.5,15.0,moving,,-1.0
138,bus,15,50.0,72.5,moving,,1.0
138,bus,16,15.0,22.5,moving,,-1.0
138,bus,17,42.5,60.0,moving,,1.0
138,bus,18,22.5,15.0,moving,,-1.0
138,bus,19,50.0,52.5,moving,,1.0
138,bus,20,15.0,42.5,moving,,-1.0
138,bus,21,22.5,60.0,moving,,1.0
138,bus,22,42.5,15.0,moving,,-1.0
138,bus,23,50.0,32.5,moving,,1.0
139,drone,0,15.0,20.0,idle,169.57009842800366,
139,drone,1,35.0,60.0,waiting_at_bus_station_for_delivery,112.00221600001103,
139,bus,0,15.0,60.0,at_station,,1.0
139,bus,1,15.0,50.0,at_station,,-1.0
139,bus,2,50.0,25.0,at_station,,1.0
139,bus,3,50.0,15.0,at_station,,-1.0
139,bus,4,15.0,40.0,at_station,,1.0
139,bus,5,25.0,60.0,at_station,,-1.0
139,bus,6,40.0,15.0,at_station,,1.0
139,bus,7,50.0,35.0,at_station,,-1.0
139,bus,8,15.0,20.0,at_station,,1.0
139,bus,9,45.0,60.0,at_station,,-1.0
139,bus,10,20.0,15.0,at_station,,1.0
139,bus,11,50.0,55.0,at_station,,-1.0
139,bus,12,15.0,0.0,at_station,,-1.0
139,bus,13,65.0,60.0,at_station,,1.0
139,bus,14,0.0,15.0,at_station,,-1.0
139,bus,15,50.0,75.0,at_station,,1.0
139,bus,16,15.0,20.0,at_station,,-1.0
139,bus,17,45.0,60.0,at_station,,1.0
139,bus,18,20.0,15.0,at_station,,-1.0
139,bus,19,50.0,55.0,at_station,,1.0
139,bus,20,15.0,40.0,at_station,,-1.0
139,bus,21,25.0,60.0,at_station,,1.0
139,bus,22,40.0,15.0,at_station,,-1.0
139,bus,23,50.0,35.0,at_station,,1.0
140,drone,0,15.0,20.0,idle,169.57009842800366,
140,drone,1,35.0,60.0,waiting_at_bus_station_for_delivery,112.00221600001103,
140,bus,0,15.0,60.0,at_station,,1.0
140,bus,1,15.0,50.0,at_station,,-1.0
140,bus,2,50.0,25.0,at_station,,1.0
140,bus,3,50.0,15.0,at_station,,-1.0
140,bus,4,15.0,40.0,at_station,,1.0
140,bus,5,25.0,60.0,at_station,,-1.0
140,bus,6,40.0,15.0,at_station,,1.0
140,bus,7,50.0,35.0,at_station,,-1.0
140,bus,8,15.0,20.0,at_station,,1.0
140,bus,9,45.0,60.0,at_station,,-1.0
140,bus,10,20.0,15.0,at_station,,1.0
140,bus,11,50.0,55.0,at_station,,-1.0
140,bus,12,15.0,0.0,at_station,,-1.0
140,bus,13,65.0,60.0,at_station,,1.0
140,bus,14,0.0,15.0,at_station,,-1.0
140,bus,15,50.0,75.0,at_station,,1.0
140,bus,16,15.0,20.0,at_station,,-1.0
140,bus,17,45.0,60.0,at_station,,1.0
140,bus,18,20.0,15.0,at_station,,-1.0
140,bus,19,50.0,55.0,at_station,,1.0
140,bus,20,15.0,40.0,at_station,,-1.0
140,bus,21,25.0,60.0,at_station,,1.0
140,bus,22,40.0,15.0,at_station,,-1.0
140,bus,23,50.0,35.0,at_station,,1.0
141,drone,0,15.0,20.0,idle,169.57009842800366,
141,drone,1,35.0,60.0,waiting_at_bus_station_for_delivery,112.00221600001103,
141,bus,0,15.0,60.0,at_station,,1.0
141,bus,1,15.0,50.0,at_station,,-1.0
141,bus,2,50.0,25.0,at_station,,1.0
141,bus,3,50.0,15.0,at_station,,-1.0
141,bus,4,15.0,40.0,at_station,,1.0
141,bus,5,25.0,60.0,at_station,,-1.0
141,bus,6,40.0,15.0,at_station,,1.0
141,bus,7,50.0,35.0,at_station,,-1.0
141,bus,8,15.0,20.0,at_station,,1.0
141,bus,9,45.0,60.0,at_station,,-1.0
141,bus,10,20.0,15.0,at_station,,1.0
141,bus,11,50.0,55.0,at_station,,-1.0
141,bus,12,15.0,0.0,at_station,,-1.0
141,bus,13,65.0,60.0,at_station,,1.0
141,bus,14,0.0,15.0,at_station,,-1.0
141,bus,15,50.0,75.0,at_station,,1.0
141,bus,16,15.0,20.0,at_station,,-1.0
141,bus,17,45.0,60.0,at_station,,1.0
141,bus,18,20.0,15.0,at_station,,-1.0
141,bus,19,50.0,55.0,at_station,,1.0
141,bus,20,15.0,40.0,at_station,,-1.0
141,bus,21,25.0,60.0,at_station,,1.0
141,bus,22,40.0,15.0,at_station,,-1.0
141,bus,23,50.0,35.0,at_station,,1.0
142,drone,0,15.0,20.0,idle,169.57009842800366,
142,drone,1,35.0,60.0,waiting_at_bus_station_for_delivery,112.00221600001103,
142,bus,0,17.5,60.0,moving,,1.0
142,bus,1,15.0,47.5,moving,,-1.0
142,bus,2,50.0,27.5,moving,,1.0
142,bus,3,47.5,15.0,moving,,-1.0
142,bus,4,15.0,42.5,moving,,1.0
142,bus,5,22.5,60.0,moving,,-1.0
142,bus,6,42.5,15.0,moving,,1.0
142,bus,7,50.0,32.5,moving,,-1.0
142,bus,8,15.0,22.5,moving,,1.0
142,bus,9,42.5,60.0,moving,,-1.0
142,bus,10,22.5,15.0,moving,,1.0
142,bus,11,50.0,52.5,moving,,-1.0
142,bus,12,15.0,2.5,moving,,1.0
142,bus,13,62.5,60.0,moving,,-1.0
142,bus,14,2.5,15.0,moving,,1.0
142,bus,15,50.0,72.5,moving,,-1.0
142,bus,16,15.0,17.5,moving,,-1.0
142,bus,17,47.5,60.0,moving,,1.0
142,bus,18,17.5,15.0,moving,,-1.0
142,bus,19,50.0,57.5,moving,,1.0
142,bus,20,15.0,37.5,moving,,-1.0
142,bus,21,27.5,60.0,moving,,1.0
142,bus,22,37.5,15.0,moving,,-1.0
142,bus,23,50.0,37.5,moving,,1.0
143,drone,0,15.0,20.0,idle,169.57009842800366,
143,drone,1,35.0,60.0,waiting_at_bus_station_for_delivery,112.00221600001103,
143,bus,0,22.5,60.0,moving,,1.0
143,bus,1,15.0,42.5,moving,,-1.0
143,bus,2,50.0,32.5,moving,,1.0
143,bus,3,42.5,15.0,moving,,-1.0
143,bus,4,15.0,47.5,moving,,1.0
143,bus,5,17.5,60.0,moving,,-1.0
143,bus,6,47.5,15.0,moving,,1.0
143,bus,7,50.0,27.5,moving,,-1.0
143,bus,8,15.0,27.5,moving,,1.0
143,bus,9,37.5,60.0,moving,,-1.0
143,bus,10,27.5,15.0,moving,,1.0
143,bus,11,50.0,47.5,moving,,-1.0
143,bus,12,15.0,7.5,moving,,1.0
143,bus,13,57.5,60.0,moving,,-1.0
143,bus,14,7.5,15.0,moving,,1.0
143,bus,15,50.0,67.5,moving,,-1.0
143,bus,16,15.0,12.5,moving,,-1.0
143,bus,17,52.5,60.0,moving,,1.0
143,bus,18,12.5,15.0,moving,,-1.0
143,bus,19,50.0,62.5,moving,,1.0
143,bus,20,15.0,32.5,moving,,-1.0
143,bus,21,32.5,60.0,moving,,1.0
143,bus,22,32.5,15.0,moving,,-1.0
143,bus,23,50.0,42.5,moving,,1.0
144,drone,0,15.0,20.0,idle,169.57009842800366,
144,drone,1,35.0,60.0,waiting_at_bus_station_for_delivery,112.00221600001103,
144,bus,0,25.0,60.0,at_station,,1.0
144,bus,1,15.0,40.0,at_station,,-1.0
144,bus,2,50.0,35.0,at_station,,1.0
144,bus,3,40.0,15.0,at_station,,-1.0
144,bus,4,15.0,50.0,at_station,,1.0
144,bus,5,15.0,60.0,at_station,,-1.0
144,bus,6,50.0,15.0,at_station,,1.0
144,bus,7,50.0,25.0,at_station,,-1.0
144,bus,8,15.0,30.0,at_station,,1.0
144,bus,9,35.0,60.0,at_station,,-1.0
144,bus,10,30.0,15.0,at_station,,1.0
144,bus,11,50.0,45.0,at_station,,-1.0
144,bus,12,15.0,10.0,at_station,,1.0
144,bus,13,55.0,60.0,at_station,,-1.0
144,bus,14,10.0,15.0,at_station,,1.0
144,bus,15,50.0,65.0,at_station,,-1.0
144,bus,16,15.0,10.0,at_station,,-1.0
144,bus,17,55.0,60.0,at_station,,1.0
144,bus,18,10.0,15.0,at_station,,-1.0
144,bus,19,50.0,65.0,at_station,,1.0
144,bus,20,15.0,30.0,at_station,,-1.0
144,bus,21,35.0,60.0,at_station,,1.0
144,bus,22,30.0,15.0,at_station,,-1.0
144,bus,23,50.0,45.0,at_station,,1.0
145,drone,0,15.0,20.0,idle,169.57009842800366,
145,drone,1,35.0,60.0,waiting_at_bus_station_for_delivery,112.00221600001103,
145,bus,0,25.0,60.0,at_station,,1.0
145,bus,1,15.0,40.0,at_station,,-1.0
145,bus,2,50.0,35.0,at_station,,1.0
145,bus,3,40.0,15.0,at_station,,-1.0
145,bus,4,15.0,50.0,at_station,,1.0
145,bus,5,15.0,60.0,at_station,,-1.0
145,bus,6,50.0,15.0,at_station,,1.0
145,bus,7,50.0,25.0,at_station,,-1.0
145,bus,8,15.0,30.0,at_station,,1.0
145,bus,9,35.0,60.0,at_station,,-1.0
145,bus,10,30.0,15.0,at_station,,1.0
145,bus,11,50.0,45.0,at_station,,-1.0
145,bus,12,15.0,10.0,at_station,,1.0
145,bus,13,55.0,60.0,at_station,,-1.0
145,bus,14,10.0,15.0,at_station,,1.0
145,bus,15,50.0,65.0,at_station,,-1.0
145,bus,16,15.0,10.0,at_station,,-1.0
145,bus,17,55.0,60.0,at_station,,1.0
145,bus,18,10.0,15.0,at_station,,-1.0
145,bus,19,50.0,65.0,at_station,,1.0
145,bus,20,15.0,30.0,at_station,,-1.0
145,bus,21,35.0,60.0,at_station,,1.0
145,bus,22,30.0,15.0,at_station,,-1.0
145,bus,23,50.0,45.0,at_station,,1.0
146,drone,0,15.0,20.0,idle,169.57009842800366,
146,drone,1,35.0,60.0,waiting_at_bus_station_for_delivery,112.00221600001103,
146,bus,0,25.0,60.0,at_station,,1.0
146,bus,1,15.0,40.0,at_station,,-1.0
146,bus,2,50.0,35.0,at_station,,1.0
146,bus,3,40.0,15.0,at_station,,-1.0
146,bus,4,15.0,50.0,at_station,,1.0
146,bus,5,15.0,60.0,at_station,,-1.0
146,bus,6,50.0,15.0,at_station,,1.0
146,bus,7,50.0,25.0,at_station,,-1.0
146,bus,8,15.0,30.0,at_station,,1.0
146,bus,9,35.0,60.0,at_station,,-1.0
146,bus,10,30.0,15.0,at_station,,1.0
146,bus,11,50.0,45.0,at_station,,-1.0
146,bus,12,15.0,10.0,at_station,,1.0
146,bus,13,55.0,60.0,at_station,,-1.0
146,bus,14,10.0,15.0,at_station,,1.0
146,bus,15,50.0,65.0,at_station,,-1.0
146,bus,16,15.0,10.0,at_station,,-1.0
146,bus,17,55.0,60.0,at_station,,1.0
146,bus,18,10.0,15.0,at_station,,-1.0
146,bus,19,50.0,65.0,at_station,,1.0
146,bus,20,15.0,30.0,at_station,,-1.0
146,bus,21,35.0,60.0,at_station,,1.0
146,bus,22,30.0,15.0,at_station,,-1.0
146,bus,23,50.0,45.0,at_station,,1.0
147,drone,0,15.0,20.0,idle,169.57009842800366,
147,drone,1,35.0,60.0,waiting_at_bus_station_for_delivery,112.00221600001103,
147,bus,0,27.5,60.0,moving,,1.0
147,bus,1,15.0,37.5,moving,,-1.0
147,bus,2,50.0,37.5,moving,,1.0
147,bus,3,37.5,15.0,moving,,-1.0
147,bus,4,15.0,52.5,moving,,1.0
147,bus,5,15.0,57.5,moving,,-1.0
147,bus,6,50.0,17.5,moving,,1.0
147,bus,7,50.0,22.5,moving,,-1.0
147,bus,8,15.0,32.5,moving,,1.0
147,bus,9,32.5,60.0,moving,,-1.0
147,bus,10,32.5,15.0,moving,,1.0
147,bus,11,50.0,42.5,moving,,-1.0
147,bus,12,15.0,12.5,moving,,1.0
147,bus,13,52.5,60.0,moving,,-1.0
147,bus,14,12.5,15.0,moving,,1.0
147,bus,15,50.0,62.5,moving,,-1.0
147,bus,16,15.0,7.5,moving,,-1.0
147,bus,17,57.5,60.0,moving,,1.0
147,bus,18,7.5,15.0,moving,,-1.0
147,bus,19,50.0,67.5,moving,,1.0
147,bus,20,15.0,27.5,moving,,-1.0
147,bus,21,37.5,60.0,moving,,1.0
147,bus,22,27.5,15.0,moving,,-1.0
147,bus,23,50.0,47.5,moving,,1.0
148,drone,0,15.0,20.0,idle,169.57009842800366,
148,drone,1,35.0,60.0,waiting_at_bus_station_for_delivery,112.00221600001103,
148,bus,0,32.5,60.0,moving,,1.0
148,bus,1,15.0,32.5,moving,,-1.0
148,bus,2,50.0,42.5,moving,,1.0
148,bus,3,32.5,15.0,moving,,-1.0
148,bus,4,15.0,57.5,moving,,1.0
148,bus,5,15.0,52.5,moving,,-1.0
148,bus,6,50.0,22.5,moving,,1.0
148,bus,7,50.0,17.5,moving,,-1.0
148,bus,8,15.0,37.5,moving,,1.0
148,bus,9,27.5,60.0,moving,,-1.0
148,bus,10,37.5,15.0,moving,,1.0
148,bus,11,50.0,37.5,moving,,-1.0
148,bus,12,15.0,17.5,moving,,1.0
148,bus,13,47.5,60.0,moving,,-1.0
148,bus,14,17.5,15.0,moving,,1.0
148,bus,15,50.0,57.5,moving,,-1.0
148,bus,16,15.0,2.5,moving,,-1.0
148,bus,17,62.5,60.0,moving,,1.0
148,bus,18,2.5,15.0,moving,,-1.0
148,bus,19,50.0,72.5,moving,,1.0
148,bus,20,15.0,22.5,moving,,-1.0
148,bus,21,42.5,60.0,moving,,1.0
148,bus,22,22.5,15.0,moving,,-1.0
148,bus,23,50.0,52.5,moving,,1.0
149,drone,0,15.0,20.0,idle,169.57009842800366,
149,drone,1,35.0,60.0,waiting_at_bus_station_for_delivery,112.00221600001103,
149,bus,0,35.0,60.0,at_station,,1.0
149,bus,1,15.0,30.0,at_station,,-1.0
149,bus,2,50.0,45.0,at_station,,1.0
149,bus,3,30.0,15.0,at_station,,-1.0
149,bus,4,15.0,60.0,at_station,,1.0
149,bus,5,15.0,50.0,at_station,,-1.0
149,bus,6,50.0,25.0,at_station,,1.0
149,bus,7,50.0,15.0,at_station,,-1.0
149,bus,8,15.0,40.0,at_station,,1.0
149,bus,9,25.0,60.0,at_station,,-1.0
149,bus,10,40.0,15.0,at_station,,1.0
149,bus,11,50.0,35.0,at_station,,-1.0
149,bus,12,15.0,20.0,at_station,,1.0
149,bus,13,45.0,60.0,at_station,,-1.0
149,bus,14,20.0,15.0,at_station,,1.0
149,bus,15,50.0,55.0,at_station,,-1.0
149,bus,16,15.0,0.0,at_station,,-1.0
149,bus,17,65.0,60.0,at_station,,1.0
149,bus,18,0.0,15.0,at_station,,-1.0
149,bus,19,50.0,75.0,at_station,,1.0
149,bus,20,15.0,20.0,at_station,,-1.0
149,bus,21,45.0,60.0,at_station,,1.0
149,bus,22,20.0,15.0,at_station,,-1.0
149,bus,23,50.0,55.0,at_station,,1.0
150,drone,0,15.0,20.0,idle,169.57009842800366,
150,drone,1,35.0,60.0,waiting_at_bus_station_for_delivery,112.00221600001103,
150,bus,0,35.0,60.0,at_station,,1.0
150,bus,1,15.0,30.0,at_station,,-1.0
150,bus,2,50.0,45.0,at_station,,1.0
150,bus,3,30.0,15.0,at_station,,-1.0
150,bus,4,15.0,60.0,at_station,,1.0
150,bus,5,15.0,50.0,at_station,,-1.0
150,bus,6,50.0,25.0,at_station,,1.0
150,bus,7,50.0,15.0,at_station,,-1.0
150,bus,8,15.0,40.0,at_station,,1.0
150,bus,9,25.0,60.0,at_station,,-1.0
150,bus,10,40.0,15.0,at_station,,1.0
150,bus,11,50.0,35.0,at_station,,-1.0
150,bus,12,15.0,20.0,at_station,,1.0
150,bus,13,45.0,60.0,at_station,,-1.0
150,bus,14,20.0,15.0,at_station,,1.0
150,bus,15,50.0,55.0,at_station,,-1.0
150,bus,16,15.0,0.0,at_station,,-1.0
150,bus,17,65.0,60.0,at_station,,1.0
150,bus,18,0.0,15.0,at_station,,-1.0
150,bus,19,50.0,75.0,at_station,,1.0
150,bus,20,15.0,20.0,at_station,,-1.0
150,bus,21,45.0,60.0,at_station,,1.0
150,bus,22,20.0,15.0,at_station,,-1.0
150,bus,23,50.0,55.0,at_station,,1.0
151,drone,0,15.0,20.0,idle,169.57009842800366,
151,drone,1,35.0,60.0,waiting_at_bus_station_for_delivery,112.00221600001103,
151,bus,0,35.0,60.0,at_station,,1.0
151,bus,1,15.0,30.0,at_station,,-1.0
151,bus,2,50.0,45.0,at_station,,1.0
151,bus,3,30.0,15.0,at_station,,-1.0
151,bus,4,15.0,60.0,at_station,,1.0
151,bus,5,15.0,50.0,at_station,,-1.0
151,bus,6,50.0,25.0,at_station,,1.0
151,bus,7,50.0,15.0,at_station,,-1.0
151,bus,8,15.0,40.0,at_station,,1.0
151,bus,9,25.0,60.0,at_station,,-1.0
151,bus,10,40.0,15.0,at_station,,1.0
151,bus,11,50.0,35.0,at_station,,-1.0
151,bus,12,15.0,20.0,at_station,,1.0
151,bus,13,45.0,60.0,at_station,,-1.0
151,bus,14,20.0,15.0,at_station,,1.0
151,bus,15,50.0,55.0,at_station,,-1.0
151,bus,16,15.0,0.0,at_station,,-1.0
151,bus,17,65.0,60.0,at_station,,1.0
151,bus,18,0.0,15.0,at_station,,-1.0
151,bus,19,50.0,75.0,at_station,,1.0
151,bus,20,15.0,20.0,at_station,,-1.0
151,bus,21,45.0,60.0,at_station,,1.0
151,bus,22,20.0,15.0,at_station,,-1.0
151,bus,23,50.0,55.0,at_station,,1.0
152,drone,0,15.0,20.0,idle,169.57009842800366,
152,drone,1,35.0,60.0,waiting_at_bus_station_for_delivery,112.00221600001103,
152,bus,0,37.5,60.0,moving,,1.0
152,bus,1,15.0,27.5,moving,,-1.0
152,bus,2,50.0,47.5,moving,,1.0
152,bus,3,27.5,15.0,moving,,-1.0
152,bus,4,17.5,60.0,moving,,1.0
152,bus,5,15.0,47.5,moving,,-1.0
152,bus,6,50.0,27.5,moving,,1.0
152,bus,7,47.5,15.0,moving,,-1.0
152,bus,8,15.0,42.5,moving,,1.0
152,bus,9,22.5,60.0,moving,,-1.0
152,bus,10,42.5,15.0,moving,,1.0
152,bus,11,50.0,32.5,moving,,-1.0
152,bus,12,15.0,22.5,moving,,1.0
152,bus,13,42.5,60.0,moving,,-1.0
152,bus,14,22.5,15.0,moving,,1.0
152,bus,15,50.0,52.5,moving,,-1.0
152,bus,16,15.0,2.5,moving,,1.0
152,bus,17,62.5,60.0,moving,,-1.0
152,bus,18,2.5,15.0,moving,,1.0
152,bus,19,50.0,72.5,moving,,-1.0
152,bus,20,15.0,17.5,moving,,-1.0
152,bus,21,47.5,60.0,moving,,1.0
152,bus,22,17.5,15.0,moving,,-1.0
152,bus,23,50.0,57.5,moving,,1.0
153,drone,0,15.0,20.0,idle,169.57009842800366,
153,drone,1,35.0,60.0,waiting_at_bus_station_for_delivery,112.00221600001103,
153,bus,0,42.5,60.0,moving,,1.0
153,bus,1,15.0,22.5,moving,,-1.0
153,bus,2,50.0,52.5,moving,,1.0
153,bus,3,22.5,15.0,moving,,-1.0
153,bus,4,22.5,60.0,moving,,1.0
153,bus,5,15.0,42.5,moving,,-1.0
153,bus,6,50.0,32.5,moving,,1.0
153,bus,7,42.5,15.0,moving,,-1.0
153,bus,8,15.0,47.5,moving,,1.0
153,bus,9,17.5,60.0,moving,,-1.0
153,bus,10,47.5,15.0,moving,,1.0
153,bus,11,50.0,27.5,moving,,-1.0
153,bus,12,15.0,27.5,moving,,1.0
153,bus,13,37.5,60.0,moving,,-1.0
153,bus,14,27.5,15.0,moving,,1.0
153,bus,15,50.0,47.5,moving,,-1.0
153,bus,16,15.0,7.5,moving,,1.0
153,bus,17,57.5,60.0,moving,,-1.0
153,bus,18,7.5,15.0,moving,,1.0
153,bus,19,50.0,67.5,moving,,-1.0
153,bus,20,15.0,12.5,moving,,-1.0
153,bus,21,52.5,60.0,moving,,1.0
153,bus,22,12.5,15.0,moving,,-1.0
153,bus,23,50.0,62.5,moving,,1.0
154,drone,0,15.0,20.0,idle,169.57009842800366,
154,drone,1,35.0,60.0,waiting_at_bus_station_for_delivery,112.00221600001103,
154,bus,0,45.0,60.0,at_station,,1.0
154,bus,1,15.0,20.0,at_station,,-1.0
154,bus,2,50.0,55.0,at_station,,1.0
154,bus,3,20.0,15.0,at_station,,-1.0
154,bus,4,25.0,60.0,at_station,,1.0
154,bus,5,15.0,40.0,at_station,,-1.0
154,bus,6,50.0,35.0,at_station,,1.0
154,bus,7,40.0,15.0,at_station,,-1.0
154,bus,8,15.0,50.0,at_station,,1.0
154,bus,9,15.0,60.0,at_station,,-1.0
154,bus,10,50.0,15.0,at_station,,1.0
154,bus,11,50.0,25.0,at_station,,-1.0
154,bus,12,15.0,30.0,at_station,,1.0
154,bus,13,35.0,60.0,at_station,,-1.0
154,bus,14,30.0,15.0,at_station,,1.0
154,bus,15,50.0,45.0,at_station,,-1.0
154,bus,16,15.0,10.0,at_station,,1.0
154,bus,17,55.0,60.0,at_station,,-1.0
154,bus,18,10.0,15.0,at_station,,1.0
154,bus,19,50.0,65.0,at_station,,-1.0
154,bus,20,15.0,10.0,at_station,,-1.0
154,bus,21,55.0,60.0,at_station,,1.0
154,bus,22,10.0,15.0,at_station,,-1.0
154,bus,23,50.0,65.0,at_station,,1.0
155,drone,0,15.0,20.0,idle,169.57009842800366,
155,drone,1,35.0,60.0,waiting_at_bus_station_for_delivery,112.00221600001103,
155,bus,0,45.0,60.0,at_station,,1.0
155,bus,1,15.0,20.0,at_station,,-1.0
155,bus,2,50.0,55.0,at_station,,1.0
155,bus,3,20.0,15.0,at_station,,-1.0
155,bus,4,25.0,60.0,at_station,,1.0
155,bus,5,15.0,40.0,at_station,,-1.0
155,bus,6,50.0,35.0,at_station,,1.0
155,bus,7,40.0,15.0,at_station,,-1.0
155,bus,8,15.0,50.0,at_station,,1.0
155,bus,9,15.0,60.0,at_station,,-1.0
155,bus,10,50.0,15.0,at_station,,1.0
155,bus,11,50.0,25.0,at_station,,-1.0
155,bus,12,15.0,30.0,at_station,,1.0
155,bus,13,35.0,60.0,at_station,,-1.0
155,bus,14,30.0,15.0,at_station,,1.0
155,bus,15,50.0,45.0,at_station,,-1.0
155,bus,16,15.0,10.0,at_station,,1.0
155,bus,17,55.0,60.0,at_station,,-1.0
155,bus,18,10.0,15.0,at_station,,1.0
155,bus,19,50.0,65.0,at_station,,-1.0
155,bus,20,15.0,10.0,at_station,,-1.0
155,bus,21,55.0,60.0,at_station,,1.0
155,bus,22,10.0,15.0,at_station,,-1.0
155,bus,23,50.0,65.0,at_station,,1.0
156,drone,0,15.0,20.0,idle,169.57009842800366,
156,drone,1,35.0,60.0,waiting_at_bus_station_for_delivery,112.00221600001103,
156,bus,0,45.0,60.0,at_station,,1.0
156,bus,1,15.0,20.0,at_station,,-1.0
156,bus,2,50.0,55.0,at_station,,1.0
156,bus,3,20.0,15.0,at_station,,-1.0
156,bus,4,25.0,60.0,at_station,,1.0
156,bus,5,15.0,40.0,at_station,,-1.0
156,bus,6,50.0,35.0,at_station,,1.0
156,bus,7,40.0,15.0,at_station,,-1.0
156,bus,8,15.0,50.0,at_station,,1.0
156,bus,9,15.0,60.0,at_station,,-1.0
156,bus,10,50.0,15.0,at_station,,1.0
156,bus,11,50.0,25.0,at_station,,-1.0
156,bus,12,15.0,30.0,at_station,,1.0
156,bus,13,35.0,60.0,at_station,,-1.0
156,bus,14,30.0,15.0,at_station,,1.0
156,bus,15,50.0,45.0,at_station,,-1.0
156,bus,16,15.0,10.0,at_station,,1.0
156,bus,17,55.0,60.0,at_station,,-1.0
156,bus,18,10.0,15.0,at_station,,1.0
156,bus,19,50.0,65.0,at_station,,-1.0
156,bus,20,15.0,10.0,at_station,,-1.0
156,bus,21,55.0,60.0,at_station,,1.0
156,bus,22,10.0,15.0,at_station,,-1.0
156,bus,23,50.0,65.0,at_station,,1.0
157,drone,0,15.0,20.0,idle,169.57009842800366,
157,drone,1,35.0,60.0,waiting_at_bus_station_for_delivery,112.00221600001103,
157,bus,0,47.5,60.0,moving,,1.0
157,bus,1,15.0,17.5,moving,,-1.0
157,bus,2,50.0,57.5,moving,,1.0
157,bus,3,17.5,15.0,moving,,-1.0
157,bus,4,27.5,60.0,moving,,1.0
157,bus,5,15.0,37.5,moving,,-1.0
157,bus,6,50.0,37.5,moving,,1.0
157,bus,7,37.5,15.0,moving,,-1.0
157,bus,8,15.0,52.5,moving,,1.0
157,bus,9,15.0,57.5,moving,,-1.0
157,bus,10,50.0,17.5,moving,,1.0
157,bus,11,50.0,22.5,moving,,-1.0
157,bus,12,15.0,32.5,moving,,1.0
157,bus,13,32.5,60.0,moving,,-1.0
157,bus,14,32.5,15.0,moving,,1.0
157,bus,15,50.0,42.5,moving,,-1.0
157,bus,16,15.0,12.5,moving,,1.0
157,bus,17,52.5,60.0,moving,,-1.0
157,bus,18,12.5,15.0,moving,,1.0
157,bus,19,50.0,62.5,moving,,-1.0
157,bus,20,15.0,7.5,moving,,-1.0
157,bus,21,57.5,60.0,moving,,1.0
157,bus,22,7.5,15.0,moving,,-1.0
157,bus,23,50.0,67.5,moving,,1.0
158,drone,0,15.0,20.0,idle,169.57009842800366,
158,drone,1,35.0,60.0,waiting_at_bus_station_for_delivery,112.00221600001103,
158,bus,0,52.5,60.0,moving,,1.0
158,bus,1,15.0,12.5,moving,,-1.0
158,bus,2,50.0,62.5,moving,,1.0
158,bus,3,12.5,15.0,moving,,-1.0
158,bus,4,32.5,60.0,moving,,1.0
158,bus,5,15.0,32.5,moving,,-1.0
158,bus,6,50.0,42.5,moving,,1.0
158,bus,7,32.5,15.0,moving,,-1.0
158,bus,8,15.0,57.5,moving,,1.0
158,bus,9,15.0,52.5,moving,,-1.0
158,bus,10,50.0,22.5,moving,,1.0
158,bus,11,50.0,17.5,moving,,-1.0
158,bus,12,15.0,37.5,moving,,1.0
158,bus,13,27.5,60.0,moving,,-1.0
158,bus,14,37.5,15.0,moving,,1.0
158,bus,15,50.0,37.5,moving,,-1.0
158,bus,16,15.0,17.5,moving,,1.0
158,bus,17,47.5,60.0,moving,,-1.0
158,bus,18,17.5,15.0,moving,,1.0
158,bus,19,50.0,57.5,moving,,-1.0
158,bus,20,15.0,2.5,moving,,-1.0
158,bus,21,62.5,60.0,moving,,1.0
158,bus,22,2.5,15.0,moving,,-1.0
158,bus,23,50.0,72.5,moving,,1.0
159,drone,0,15.0,20.0,idle,169.57009842800366,
159,drone,1,35.0,60.0,waiting_at_bus_station_for_delivery,112.00221600001103,
159,bus,0,55.0,60.0,at_station,,1.0
159,bus,1,15.0,10.0,at_station,,-1.0
159,bus,2,50.0,65.0,at_station,,1.0
159,bus,3,10.0,15.0,at_station,,-1.0
159,bus,4,35.0,60.0,at_station,,1.0
159,bus,5,15.0,30.0,at_station,,-1.0
159,bus,6,50.0,45.0,at_station,,1.0
159,bus,7,30.0,15.0,at_station,,-1.0
159,bus,8,15.0,60.0,at_station,,1.0
159,bus,9,15.0,50.0,at_station,,-1.0
159,bus,10,50.0,25.0,at_station,,1.0
159,bus,11,50.0,15.0,at_station,,-1.0
159,bus,12,15.0,40.0,at_station,,1.0
159,bus,13,25.0,60.0,at_station,,-1.0
159,bus,14,40.0,15.0,at_station,,1.0
159,bus,15,50.0,35.0,at_station,,-1.0
159,bus,16,15.0,20.0,at_station,,1.0
159,bus,17,45.0,60.0,at_station,,-1.0
159,bus,18,20.0,15.0,at_station,,1.0
159,bus,19,50.0,55.0,at_station,,-1.0
159,bus,20,15.0,0.0,at_station,,-1.0
159,bus,21,65.0,60.0,at_station,,1.0
159,bus,22,0.0,15.0,at_station,,-1.0
159,bus,23,50.0,75.0,at_station,,1.0
160,drone,0,15.0,20.0,idle,169.57009842800366,
160,drone,1,32.763932022500214,55.52786404500042,moving_to_delivery,107.00221600001103,
160,bus,0,55.0,60.0,at_station,,1.0
160,bus,1,15.0,10.0,at_station,,-1.0
160,bus,2,50.0,65.0,at_station,,1.0
160,bus,3,10.0,15.0,at_station,,-1.0
160,bus,4,35.0,60.0,at_station,,1.0
160,bus,5,15.0,30.0,at_station,,-1.0
160,bus,6,50.0,45.0,at_station,,1.0
160,bus,7,30.0,15.0,at_station,,-1.0
160,bus,8,15.0,60.0,at_station,,1.0
160,bus,9,15.0,50.0,at_station,,-1.0
160,bus,10,50.0,25.0,at_station,,1.0
160,bus,11,50.0,15.0,at_station,,-1.0
160,bus,12,15.0,40.0,at_station,,1.0
160,bus,13,25.0,60.0,at_station,,-1.0
160,bus,14,40.0,15.0,at_station,,1.0
160,bus,15,50.0,35.0,at_station,,-1.0
160,bus,16,15.0,20.0,at_station,,1.0
160,bus,17,45.0,60.0,at_station,,-1.0
160,bus,18,20.0,15.0,at_station,,1.0
160,bus,19,50.0,55.0,at_station,,-1.0
160,bus,20,15.0,0.0,at_station,,-1.0
160,bus,21,65.0,60.0,at_station,,1.0
160,bus,22,0.0,15.0,at_station,,-1.0
160,bus,23,50.0,75.0,at_station,,1.0
161,drone,0,15.0,20.0,idle,169.57009842800366,
161,drone,1,31.0,52.0,idle,103.05794409001187,
161,bus,0,55.0,60.0,at_station,,1.0
161,bus,1,15.0,10.0,at_station,,-1.0
161,bus,2,50.0,65.0,at_station,,1.0
161,bus,3,10.0,15.0,at_station,,-1.0
161,bus,4,35.0,60.0,at_station,,1.0
161,bus,5,15.0,30.0,at_station,,-1.0
161,bus,6,50.0,45.0,at_station,,1.0
161,bus,7,30.0,15.0,at_station,,-1.0
161,bus,8,15.0,60.0,at_station,,1.0
161,bus,9,15.0,50.0,at_station,,-1.0
161,bus,10,50.0,25.0,at_station,,1.0
161,bus,11,50.0,15.0,at_station,,-1.0
161,bus,12,15.0,40.0,at_station,,1.0
161,bus,13,25.0,60.0,at_station,,-1.0
161,bus,14,40.0,15.0,at_station,,1.0
161,bus,15,50.0,35.0,at_station,,-1.0
161,bus,16,15.0,20.0,at_station,,1.0
161,bus,17,45.0,60.0,at_station,,-1.0
161,bus,18,20.0,15.0,at_station,,1.0
161,bus,19,50.0,55.0,at_station,,-1.0
161,bus,20,15.0,0.0,at_station,,-1.0
161,bus,21,65.0,60.0,at_station,,1.0
161,bus,22,0.0,15.0,at_station,,-1.0
161,bus,23,50.0,75.0,at_station,,1.0
162,drone,0,15.0,20.0,idle,169.57009842800366,
162,drone,1,35.62008416210946,50.0882410363685,to_charging_station,98.05794409001187,
162,bus,0,57.5,60.0,moving,,1.0
162,bus,1,15.0,7.5,moving,,-1.0
162,bus,2,50.0,67.5,moving,,1.0
162,bus,3,7.5,15.0,moving,,-1.0
162,bus,4,37.5,60.0,moving,,1.0
162,bus,5,15.0,27.5,moving,,-1.0
162,bus,6,50.0,47.5,moving,,1.0
162,bus,7,27.5,15.0,moving,,-1.0
162,bus,8,17.5,60.0,moving,,1.0
162,bus,9,15.0,47.5,moving,,-1.0
162,bus,10,50.0,27.5,moving,,1.0
162,bus,11,47.5,15.0,moving,,-1.0
162,bus,12,15.0,42.5,moving,,1.0
162,bus,13,22.5,60.0,moving,,-1.0
162,bus,14,42.5,15.0,moving,,1.0
162,bus,15,50.0,32.5,moving,,-1.0
162,bus,16,15.0,22.5,moving,,1.0
162,bus,17,42.5,60.0,moving,,-1.0
162,bus,18,22.5,15.0,moving,,1.0
162,bus,19,50.0,52.5,moving,,-1.0
162,bus,20,15.0,2.5,moving,,1.0
162,bus,21,62.5,60.0,moving,,-1.0
162,bus,22,2.5,15.0,moving,,1.0
162,bus,23,50.0,72.5,moving,,-1.0
163,drone,0,15.0,20.0,idle,169.57009842800366,
163,drone,1,40.240168324218914,48.176482072737,to_charging_station,93.05794409001187,
163,bus,0,62.5,60.0,moving,,1.0
163,bus,1,15.0,2.5,moving,,-1.0
163,bus,2,50.0,72.5,moving,,1.0
163,bus,3,2.5,15.0,moving,,-1.0
163,bus,4,42.5,60.0,moving,,1.0
163,bus,5,15.0,22.5,moving,,-1.0
163,bus,6,50.0,52.5,moving,,1.0
163,bus,7,22.5,15.0,moving,,-1.0
163,bus,8,22.5,60.0,moving,,1.0
163,bus,9,15.0,42.5,moving,,-1.0
163,bus,10,50.0,32.5,moving,,1.0
163,bus,11,42.5,15.0,moving,,-1.0
163,bus,12,15.0,47.5,moving,,1.0
163,bus,13,17.5,60.0,moving,,-1.0
163,bus,14,47.5,15.0,moving,,1.0
163,bus,15,50.0,27.5,moving,,-1.0
163,bus,16,15.0,27.5,moving,,1.0
163,bus,17,37.5,60.0,moving,,-1.0
163,bus,18,27.5,15.0,moving,,1.0
163,bus,19,50.0,47.5,moving,,-1.0
163,bus,20,15.0,7.5,moving,,1.0
163,bus,21,57.5,60.0,moving,,-1.0
163,bus,22,7.5,15.0,moving,,1.0
163,bus,23,50.0,67.5,moving,,-1.0
164,drone,0,15.0,20.0,idle,169.57009842800366,
164,drone,1,44.86025248632837,46.2647231091055,to_charging_station,88.05794409001187,
164,bus,0,65.0,60.0,at_station,,1.0
164,bus,1,15.0,0.0,at_station,,-1.0
164,bus,2,50.0,75.0,at_station,,1.0
164,bus,3,0.0,15.0,at_station,,-1.0
164,bus,4,45.0,60.0,at_station,,1.0
164,bus,5,15.0,20.0,at_station,,-1.0
164,bus,6,50.0,55.0,at_station,,1.0
164,bus,7,20.0,15.0,at_station,,-1.0
164,bus,8,25.0,60.0,at_station,,1.0
164,bus,9,15.0,40.0,at_station,,-1.0
164,bus,10,50.0,35.0,at_station,,1.0
164,bus,11,40.0,15.0,at_station,,-1.0
164,bus,12,15.0,50.0,at_station,,1.0
164,bus,13,15.0,60.0,at_station,,-1.0
164,bus,14,50.0,15.0,at_station,,1.0
164,bus,15,50.0,25.0,at_station,,-1.0
164,bus,16,15.0,30.0,at_station,,1.0
164,bus,17,35.0,60.0,at_station,,-1.0
164,bus,18,30.0,15.0,at_station,,1.0
164,bus,19,50.0,45.0,at_station,,-1.0
164,bus,20,15.0,10.0,at_station,,1.0
164,bus,21,55.0,60.0,at_station,,-1.0
164,bus,22,10.0,15.0,at_station,,1.0
164,bus,23,50.0,65.0,at_station,,-1.0
165,drone,0,15.0,20.0,idle,169.57009842800366,
165,drone,1,49.48033664843783,44.352964145474004,to_charging_station,83.05794409001187,
165,bus,0,65.0,60.0,at_station,,1.0
165,bus,1,15.0,0.0,at_station,,-1.0
165,bus,2,50.0,75.0,at_station,,1.0
165,bus,3,0.0,15.0,at_station,,-1.0
165,bus,4,45.0,60.0,at_station,,1.0
165,bus,5,15.0,20.0,at_station,,-1.0
165,bus,6,50.0,55.0,at_station,,1.0
165,bus,7,20.0,15.0,at_station,,-1.0
165,bus,8,25.0,60.0,at_station,,1.0
165,bus,9,15.0,40.0,at_station,,-1.0
165,bus,10,50.0,35.0,at_station,,1.0
165,bus,11,40.0,15.0,at_station,,-1.0
165,bus,12,15.0,50.0,at_station,,1.0
165,bus,13,15.0,60.0,at_station,,-1.0
165,bus,14,50.0,15.0,at_station,,1.0
165,bus,15,50.0,25.0,at_station,,-1.0
165,bus,16,15.0,30.0,at_station,,1.0
165,bus,17,35.0,60.0,at_station,,-1.0
165,bus,18,30.0,15.0,at_station,,1.0
165,bus,19,50.0,45.0,at_station,,-1.0
165,bus,20,15.0,10.0,at_station,,1.0
165,bus,21,55.0,60.0,at_station,,-1.0
165,bus,22,10.0,15.0,at_station,,1.0
165,bus,23,50.0,65.0,at_station,,-1.0
166,drone,0,15.0,20.0,idle,169.57009842800366,
166,drone,1,54.100420810547284,42.441205181842506,to_charging_station,78.05794409001187,
166,bus,0,65.0,60.0,at_station,,1.0
166,bus,1,15.0,0.0,at_station,,-1.0
166,bus,2,50.0,75.0,at_station,,1.0
166,bus,3,0.0,15.0,at_station,,-1.0
166,bus,4,45.0,60.0,at_station,,1.0
166,bus,5,15.0,20.0,at_station,,-1.0
166,bus,6,50.0,55.0,at_station,,1.0
166,bus,7,20.0,15.0,at_station,,-1.0
166,bus,8,25.0,60.0,at_station,,1.0
166,bus,9,15.0,40.0,at_station,,-1.0
166,bus,10,50.0,35.0,at_station,,1.0
166,bus,11,40.0,15.0,at_station,,-1.0
166,bus,12,15.0,50.0,at_station,,1.0
166,bus,13,15.0,60.0,at_station,,-1.0
166,bus,14,50.0,15.0,at_station,,1.0
166,bus,15,50.0,25.0,at_station,,-1.0
166,bus,16,15.0,30.0,at_station,,1.0
166,bus,17,35.0,60.0,at_station,,-1.0
166,bus,18,30.0,15.0,at_station,,1.0
166,bus,19,50.0,45.0,at_station,,-1.0
166,bus,20,15.0,10.0,at_station,,1.0
166,bus,21,55.0,60.0,at_station,,-1.0
166,bus,22,10.0,15.0,at_station,,1.0
166,bus,23,50.0,65.0,at_station,,-1.0
167,drone,0,15.0,20.0,idle,169.57009842800366,
167,drone,1,58.72050497265674,40.52944621821101,to_charging_station,73.05794409001187,
167,bus,0,62.5,60.0,moving,,-1.0
167,bus,1,15.0,2.5,moving,,1.0
167,bus,2,50.0,72.5,moving,,-1.0
167,bus,3,2.5,15.0,moving,,1.0
167,bus,4,47.5,60.0,moving,,1.0
167,bus,5,15.0,17.5,moving,,-1.0
167,bus,6,50.0,57.5,moving,,1.0
167,bus,7,17.5,15.0,moving,,-1.0
167,bus,8,27.5,60.0,moving,,1.0
167,bus,9,15.0,37.5,moving,,-1.0
167,bus,10,50.0,37.5,moving,,1.0
167,bus,11,37.5,15.0,moving,,-1.0
167,bus,12,15.0,52.5,moving,,1.0
167,bus,13,15.0,57.5,moving,,-1.0
167,bus,14,50.0,17.5,moving,,1.0
167,bus,15,50.0,22.5,moving,,-1.0
167,bus,16,15.0,32.5,moving,,1.0
167,bus,17,32.5,60.0,moving,,-1.0
167,bus,18,32.5,15.0,moving,,1.0
167,bus,19,50.0,42.5,moving,,-1.0
167,bus,20,15.0,12.5,moving,,1.0
167,bus,21,52.5,60.0,moving,,-1.0
167,bus,22,12.5,15.0,moving,,1.0
167,bus,23,50.0,62.5,moving,,-1.0
168,drone,0,15.0,20.0,idle,169.57009842800366,
168,drone,1,60.0,40.0,idle,300.0,
168,bus,0,57.5,60.0,moving,,-1.0
168,bus,1,15.0,7.5,moving,,1.0
168,bus,2,50.0,67.5,moving,,-1.0
168,bus,3,7.5,15.0,moving,,1.0
168,bus,4,52.5,60.0,moving,,1.0
168,bus,5,15.0,12.5,moving,,-1.0
168,bus,6,50.0,62.5,moving,,1.0
168,bus,7,12.5,15.0,moving,,-1.0
168,bus,8,32.5,60.0,moving,,1.0
168,bus,9,15.0,32.5,moving,,-1.0
168,bus,10,50.0,42.5,moving,,1.0
168,bus,11,32.5,15.0,moving,,-1.0
168,bus,12,15.0,57.5,moving,,1.0
168,bus,13,15.0,52.5,moving,,-1.0
168,bus,14,50.0,22.5,moving,,1.0
168,bus,15,50.0,17.5,moving,,-1.0
168,bus,16,15.0,37.5,moving,,1.0
168,bus,17,27.5,60.0,moving,,-1.0
168,bus,18,37.5,15.0,moving,,1.0
168,bus,19,50.0,37.5,moving,,-1.0
168,bus,20,15.0,17.5,moving,,1.0
168,bus,21,47.5,60.0,moving,,-1.0
168,bus,22,17.5,15.0,moving,,1.0
168,bus,23,50.0,57.5,moving,,-1.0
169,drone,0,15.0,20.0,idle,169.57009842800366,
169,drone,1,57.144677559007,35.89547399107256,direct_transport_to_pickup,295.0,
169,bus,0,55.0,60.0,at_station,,-1.0
169,bus,1,15.0,10.0,at_station,,1.0
169,bus,2,50.0,65.0,at_station,,-1.0
169,bus,3,10.0,15.0,at_station,,1.0
169,bus,4,55.0,60.0,at_station,,1.0
169,bus,5,15.0,10.0,at_station,,-1.0
169,bus,6,50.0,65.0,at_station,,1.0
169,bus,7,10.0,15.0,at_station,,-1.0
169,bus,8,35.0,60.0,at_station,,1.0
169,bus,9,15.0,30.0,at_station,,-1.0
169,bus,10,50.0,45.0,at_station,,1.0
169,bus,11,30.0,15.0,at_station,,-1.0
169,bus,12,15.0,60.0,at_station,,1.0
169,bus,13,15.0,50.0,at_station,,-1.0
169,bus,14,50.0,25.0,at_station,,1.0
169,bus,15,50.0,15.0,at_station,,-1.0
169,bus,16,15.0,40.0,at_station,,1.0
169,bus,17,25.0,60.0,at_station,,-1.0
169,bus,18,40.0,15.0,at_station,,1.0
169,bus,19,50.0,35.0,at_station,,-1.0
169,bus,20,15.0,20.0,at_station,,1.0
169,bus,21,45.0,60.0,at_station,,-1.0
169,bus,22,20.0,15.0,at_station,,1.0
169,bus,23,50.0,55.0,at_station,,-1.0
170,drone,0,15.0,20.0,idle,169.57009842800366,
170,drone,1,54.289355118014,31.790947982145127,direct_transport_to_pickup,290.0,
170,bus,0,55.0,60.0,at_station,,-1.0
170,bus,1,15.0,10.0,at_station,,1.0
170,bus,2,50.0,65.0,at_station,,-1.0
170,bus,3,10.0,15.0,at_station,,1.0
170,bus,4,55.0,60.0,at_station,,1.0
170,bus,5,15.0,10.0,at_station,,-1.0
170,bus,6,50.0,65.0,at_station,,1.0
170,bus,7,10.0,15.0,at_station,,-1.0
170,bus,8,35.0,60.0,at_station,,1.0
170,bus,9,15.0,30.0,at_station,,-1.0
170,bus,10,50.0,45.0,at_station,,1.0
170,bus,11,30.0,15.0,at_station,,-1.0
170,bus,12,15.0,60.0,at_station,,1.0
170,bus,13,15.0,50.0,at_station,,-1.0
170,bus,14,50.0,25.0,at_station,,1.0
170,bus,15,50.0,15.0,at_station,,-1.0
170,bus,16,15.0,40.0,at_station,,1.0
170,bus,17,25.0,60.0,at_station,,-1.0
170,bus,18,40.0,15.0,at_station,,1.0
170,bus,19,50.0,35.0,at_station,,-1.0
170,bus,20,15.0,20.0,at_station,,1.0
170,bus,21,45.0,60.0,at_station,,-1.0
170,bus,22,20.0,15.0,at_station,,1.0
170,bus,23,50.0,55.0,at_station,,-1.0
171,drone,0,15.0,20.0,idle,169.57009842800366,
171,drone,1,51.434032677021,27.68642197321769,direct_transport_to_pickup,285.0,
171,bus,0,55.0,60.0,at_station,,-1.0
171,bus,1,15.0,10.0,at_station,,1.0
171,bus,2,50.0,65.0,at_station,,-1.0
171,bus,3,10.0,15.0,at_station,,1.0
171,bus,4,55.0,60.0,at_station,,1.0
171,bus,5,15.0,10.0,at_station,,-1.0
171,bus,6,50.0,65.0,at_station,,1.0
171,bus,7,10.0,15.0,at_station,,-1.0
171,bus,8,35.0,60.0,at_station,,1.0
171,bus,9,15.0,30.0,at_station,,-1.0
171,bus,10,50.0,45.0,at_station,,1.0
171,bus,11,30.0,15.0,at_station,,-1.0
171,bus,12,15.0,60.0,at_station,,1.0
171,bus,13,15.0,50.0,at_station,,-1.0
171,bus,14,50.0,25.0,at_station,,1.0
171,bus,15,50.0,15.0,at_station,,-1.0
171,bus,16,15.0,40.0,at_station,,1.0
171,bus,17,25.0,60.0,at_station,,-1.0
171,bus,18,40.0,15.0,at_station,,1.0
171,bus,19,50.0,35.0,at_station,,-1.0
171,bus,20,15.0,20.0,at_station,,1.0
171,bus,21,45.0,60.0,at_station,,-1.0
171,bus,22,20.0,15.0,at_station,,1.0
171,bus,23,50.0,55.0,at_station,,-1.0
172,drone,0,15.0,20.0,idle,169.57009842800366,
172,drone,1,48.578710236028,23.581895964290254,direct_transport_to_pickup,280.0,
172,bus,0,52.5,60.0,moving,,-1.0
172,bus,1,15.0,12.5,moving,,1.0
172,bus,2,50.0,62.5,moving,,-1.0
172,bus,3,12.5,15.0,moving,,1.0
172,bus,4,57.5,60.0,moving,,1.0
172,bus,5,15.0,7.5,moving,,-1.0
172,bus,6,50.0,67.5,moving,,1.0
172,bus,7,7.5,15.0,moving,,-1.0
172,bus,8,37.5,60.0,moving,,1.0
172,bus,9,15.0,27.5,moving,,-1.0
172,bus,10,50.0,47.5,moving,,1.0
172,bus,11,27.5,15.0,moving,,-1.0
172,bus,12,17.5,60.0,moving,,1.0
172,bus,13,15.0,47.5,moving,,-1.0
172,bus,14,50.0,27.5,moving,,1.0
172,bus,15,47.5,15.0,moving,,-1.0
172,bus,16,15.0,42.5,moving,,1.0
172,bus,17,22.5,60.0,moving,,-1.0
172,bus,18,42.5,15.0,moving,,1.0
172,bus,19,50.0,32.5,moving,,-1.0
172,bus,20,15.0,22.5,moving,,1.0
172,bus,21,42.5,60.0,moving,,-1.0
172,bus,22,22.5,15.0,moving,,1.0
172,bus,23,50.0,52.5,moving,,-1.0
173,drone,0,15.0,20.0,idle,169.57009842800366,
173,drone,1,45.723387795035,19.477369955362818,direct_transport_to_pickup,275.0,
173,bus,0,47.5,60.0,moving,,-1.0
173,bus,1,15.0,17.5,moving,,1.0
173,bus,2,50.0,57.5,moving,,-1.0
173,bus,3,17.5,15.0,moving,,1.0
173,bus,4,62.5,60.0,moving,,1.0
173,bus,5,15.0,2.5,moving,,-1.0
173,bus,6,50.0,72.5,moving,,1.0
173,bus,7,2.5,15.0,moving,,-1.0
173,bus,8,42.5,60.0,moving,,1.0
173,bus,9,15.0,22.5,moving,,-1.0
173,bus,10,50.0,52.5,moving,,1.0
173,bus,11,22.5,15.0,moving,,-1.0
173,bus,12,22.5,60.0,moving,,1.0
173,bus,13,15.0,42.5,moving,,-1.0
173,bus,14,50.0,32.5,moving,,1.0
173,bus,15,42.5,15.0,moving,,-1.0
173,bus,16,15.0,47.5,moving,,1.0
173,bus,17,17.5,60.0,moving,,-1.0
173,bus,18,47.5,15.0,moving,,1.0
173,bus,19,50.0,27.5,moving,,-1.0
173,bus,20,15.0,27.5,moving,,1.0
173,bus,21,37.5,60.0,moving,,-1.0
173,bus,22,27.5,15.0,moving,,1.0
173,bus,23,50.0,47.5,moving,,-1.0
174,drone,0,15.0,20.0,idle,169.57009842800366,
174,drone,1,44.0,17.0,direct_transport_to_delivery,271.9821485477562,
174,bus,0,45.0,60.0,at_station,,-1.0
174,bus,1,15.0,20.0,at_station,,1.0
174,bus,2,50.0,55.0,at_station,,-1.0
174,bus,3,20.0,15.0,at_station,,1.0
174,bus,4,65.0,60.0,at_station,,1.0
174,bus,5,15.0,0.0,at_station,,-1.0
174,bus,6,50.0,75.0,at_station,,1.0
174,bus,7,0.0,15.0,at_station,,-1.0
174,bus,8,45.0,60.0,at_station,,1.0
174,bus,9,15.0,20.0,at_station,,-1.0
174,bus,10,50.0,55.0,at_station,,1.0
174,bus,11,20.0,15.0,at_station,,-1.0
174,bus,12,25.0,60.0,at_station,,1.0
174,bus,13,15.0,40.0,at_station,,-1.0
174,bus,14,50.0,35.0,at_station,,1.0
174,bus,15,40.0,15.0,at_station,,-1.0
174,bus,16,15.0,50.0,at_station,,1.0
174,bus,17,15.0,60.0,at_station,,-1.0
174,bus,18,50.0,15.0,at_station,,1.0
174,bus,19,50.0,25.0,at_station,,-1.0
174,bus,20,15.0,30.0,at_station,,1.0
174,bus,21,35.0,60.0,at_station,,-1.0
174,bus,22,30.0,15.0,at_station,,1.0
174,bus,23,50.0,45.0,at_station,,-1.0
175,drone,0,15.0,20.0,idle,169.57009842800366,
175,drone,1,39.00973710758556,17.3118914307759,direct_transport_to_delivery,266.9821485477562,
175,bus,0,45.0,60.0,at_station,,-1.0
175,bus,1,15.0,20.0,at_station,,1.0
175,bus,2,50.0,55.0,at_station,,-1.0
175,bus,3,20.0,15.0,at_station,,1.0
175,bus,4,65.0,60.0,at_station,,1.0
175,bus,5,15.0,0.0,at_station,,-1.0
175,bus,6,50.0,75.0,at_station,,1.0
175,bus,7,0.0,15.0,at_station,,-1.0
175,bus,8,45.0,60.0,at_station,,1.0
175,bus,9,15.0,20.0,at_station,,-1.0
175,bus,10,50.0,55.0,at_station,,1.0
175,bus,11,20.0,15.0,at_station,,-1.0
175,bus,12,25.0,60.0,at_station,,1.0
175,bus,13,15.0,40.0,at_station,,-1.0
175,bus,14,50.0,35.0,at_station,,1.0
175,bus,15,40.0,15.0,at_station,,-1.0
175,bus,16,15.0,50.0,at_station,,1.0
175,bus,17,15.0,60.0,at_station,,-1.0
175,bus,18,50.0,15.0,at_station,,1.0
175,bus,19,50.0,25.0,at_station,,-1.0
175,bus,20,15.0,30.0,at_station,,1.0
175,bus,21,35.0,60.0,at_station,,-1.0
175,bus,22,30.0,15.0,at_station,,1.0
175,bus,23,50.0,45.0,at_station,,-1.0
176,drone,0,15.0,20.0,idle,169.57009842800366,
176,drone,1,34.019474215171115,17.623782861551806,direct_transport_to_delivery,261.9821485477562,
176,bus,0,45.0,60.0,at_station,,-1.0
176,bus,1,15.0,20.0,at_station,,1.0
176,bus,2,50.0,55.0,at_station,,-1.0
176,bus,3,20.0,15.0,at_station,,1.0
176,bus,4,65.0,60.0,at_station,,1.0
176,bus,5,15.0,0.0,at_station,,-1.0
176,bus,6,50.0,75.0,at_station,,1.0
176,bus,7,0.0,15.0,at_station,,-1.0
176,bus,8,45.0,60.0,at_station,,1.0
176,bus,9,15.0,20.0,at_station,,-1.0
176,bus,10,50.0,55.0,at_station,,1.0
176,bus,11,20.0,15.0,at_station,,-1.0
176,bus,12,25.0,60.0,at_station,,1.0
176,bus,13,15.0,40.0,at_station,,-1.0
176,bus,14,50.0,35.0,at_station,,1.0
176,bus,15,40.0,15.0,at_station,,-1.0
176,bus,16,15.0,50.0,at_station,,1.0
176,bus,17,15.0,60.0,at_station,,-1.0
176,bus,18,50.0,15.0,at_station,,1.0
176,bus,19,50.0,25.0,at_station,,-1.0
176,bus,20,15.0,30.0,at_station,,1.0
176,bus,21,35.0,60.0,at_station,,-1.0
176,bus,22,30.0,15.0,at_station,,1.0
176,bus,23,50.0,45.0,at_station,,-1.0
177,drone,0,15.0,20.0,idle,169.57009842800366,
177,drone,1,29.029211322756673,17.935674292327707,direct_transport_to_delivery,256.9821485477562,
177,bus,0,42.5,60.0,moving,,-1.0
177,bus,1,15.0,22.5,moving,,1.0
177,bus,2,50.0,52.5,moving,,-1.0
177,bus,3,22.5,15.0,moving,,1.0
177,bus,4,62.5,60.0,moving,,-1.0
177,bus,5,15.0,2.5,moving,,1.0
177,bus,6,50.0,72.5,moving,,-1.0
177,bus,7,2.5,15.0,moving,,1.0
177,bus,8,47.5,60.0,moving,,1.0
177,bus,9,15.0,17.5,moving,,-1.0
177,bus,10,50.0,57.5,moving,,1.0
177,bus,11,17.5,15.0,moving,,-1.0
177,bus,12,27.5,60.0,moving,,1.0
177,bus,13,15.0,37.5,moving,,-1.0
177,bus,14,50.0,37.5,moving,,1.0
177,bus,15,37.5,15.0,moving,,-1.0
177,bus,16,15.0,52.5,moving,,1.0
177,bus,17,15.0,57.5,moving,,-1.0
177,bus,18,50.0,17.5,moving,,1.0
177,bus,19,50.0,22.5,moving,,-1.0
177,bus,20,15.0,32.5,moving,,1.0
177,bus,21,32.5,60.0,moving,,-1.0
177,bus,22,32.5,15.0,moving,,1.0
177,bus,23,50.0,42.5,moving,,-1.0
178,drone,0,15.0,20.0,idle,169.57009842800366,
178,drone,1,28.0,18.0,idle,255.9509290058748,
178,bus,0,37.5,60.0,moving,,-1.0
178,bus,1,15.0,27.5,moving,,1.0
178,bus,2,50.0,47.5,moving,,-1.0
178,bus,3,27.5,15.0,moving,,1.0
178,bus,4,57.5,60.0,moving,,-1.0
178,bus,5,15.0,7.5,moving,,1.0
178,bus,6,50.0,67.5,moving,,-1.0
178,bus,7,7.5,15.0,moving,,1.0
178,bus,8,52.5,60.0,moving,,1.0
178,bus,9,15.0,12.5,moving,,-1.0
178,bus,10,50.0,62.5,moving,,1.0
178,bus,11,12.5,15.0,moving,,-1.0
178,bus,12,32.5,60.0,moving,,1.0
178,bus,13,15.0,32.5,moving,,-1.0
178,bus,14,50.0,42.5,moving,,1.0
178,bus,15,32.5,15.0,moving,,-1.0
178,bus,16,15.0,57.5,moving,,1.0
178,bus,17,15.0,52.5,moving,,-1.0
178,bus,18,50.0,22.5,moving,,1.0
178,bus,19,50.0,17.5,moving,,-1.0
178,bus,20,15.0,37.5,moving,,1.0
178,bus,21,27.5,60.0,moving,,-1.0
178,bus,22,37.5,15.0,moving,,1.0
178,bus,23,50.0,37.5,moving,,-1.0
179,drone,0,15.0,20.0,idle,169.57009842800366,
179,drone,1,28.0,18.0,idle,255.9509290058748,
179,bus,0,35.0,60.0,at_station,,-1.0
179,bus,1,15.0,30.0,at_station,,1.0
179,bus,2,50.0,45.0,at_station,,-1.0
179,bus,3,30.0,15.0,at_station,,1.0
179,bus,4,55.0,60.0,at_station,,-1.0
179,bus,5,15.0,10.0,at_station,,1.0
179,bus,6,50.0,65.0,at_station,,-1.0
179,bus,7,10.0,15.0,at_station,,1.0
179,bus,8,55.0,60.0,at_station,,1.0
179,bus,9,15.0,10.0,at_station,,-1.0
179,bus,10,50.0,65.0,at_station,,1.0
179,bus,11,10.0,15.0,at_station,,-1.0
179,bus,12,35.0,60.0,at_station,,1.0
179,bus,13,15.0,30.0,at_station,,-1.0
179,bus,14,50.0,45.0,at_station,,1.0
179,bus,15,30.0,15.0,at_station,,-1.0
179,bus,16,15.0,60.0,at_station,,1.0
179,bus,17,15.0,50.0,at_station,,-1.0
179,bus,18,50.0,25.0,at_station,,1.0
179,bus,19,50.0,15.0,at_station,,-1.0
179,bus,20,15.0,40.0,at_station,,1.0
179,bus,21,25.0,60.0,at_station,,-1.0
179,bus,22,40.0,15.0,at_station,,1.0
179,bus,23,50.0,35.0,at_station,,-1.0
180,drone,0,15.0,20.0,idle,169.57009842800366,
180,drone,1,28.0,18.0,idle,255.9509290058748,
180,bus,0,35.0,60.0,at_station,,-1.0
180,bus,1,15.0,30.0,at_station,,1.0
180,bus,2,50.0,45.0,at_station,,-1.0
180,bus,3,30.0,15.0,at_station,,1.0
180,bus,4,55.0,60.0,at_station,,-1.0
180,bus,5,15.0,10.0,at_station,,1.0
180,bus,6,50.0,65.0,at_station,,-1.0
180,bus,7,10.0,15.0,at_station,,1.0
180,bus,8,55.0,60.0,at_station,,1.0
180,bus,9,15.0,10.0,at_station,,-1.0
180,bus,10,50.0,65.0,at_station,,1.0
180,bus,11,10.0,15.0,at_station,,-1.0
180,bus,12,35.0,60.0,at_station,,1.0
180,bus,13,15.0,30.0,at_station,,-1.0
180,bus,14,50.0,45.0,at_station,,1.0
180,bus,15,30.0,15.0,at_station,,-1.0
180,bus,16,15.0,60.0,at_station,,1.0
180,bus,17,15.0,50.0,at_station,,-1.0
180,bus,18,50.0,25.0,at_station,,1.0
180,bus,19,50.0,15.0,at_station,,-1.0
180,bus,20,15.0,40.0,at_station,,1.0
180,bus,21,25.0,60.0,at_station,,-1.0
180,bus,22,40.0,15.0,at_station,,1.0
180,bus,23,50.0,35.0,at_station,,-1.0
181,drone,0,15.0,20.0,idle,169.57009842800366,
181,drone,1,28.0,18.0,idle,255.9509290058748,
181,bus,0,35.0,60.0,at_station,,-1.0
181,bus,1,15.0,30.0,at_station,,1.0
181,bus,2,50.0,45.0,at_station,,-1.0
181,bus,3,30.0,15.0,at_station,,1.0
181,bus,4,55.0,60.0,at_station,,-1.0
181,bus,5,15.0,10.0,at_station,,1.0
181,bus,6,50.0,65.0,at_station,,-1.0
181,bus,7,10.0,15.0,at_station,,1.0
181,bus,8,55.0,60.0,at_station,,1.0
181,bus,9,15.0,10.0,at_station,,-1.0
181,bus,10,50.0,65.0,at_station,,1.0
181,bus,11,10.0,15.0,at_station,,-1.0
181,bus,12,35.0,60.0,at_station,,1.0
181,bus,13,15.0,30.0,at_station,,-1.0
181,bus,14,50.0,45.0,at_station,,1.0
181,bus,15,30.0,15.0,at_station,,-1.0
181,bus,16,15.0,60.0,at_station,,1.0
181,bus,17,15.0,50.0,at_station,,-1.0
181,bus,18,50.0,25.0,at_station,,1.0
181,bus,19,50.0,15.0,at_station,,-1.0
181,bus,20,15.0,40.0,at_station,,1.0
181,bus,21,25.0,60.0,at_station,,-1.0
181,bus,22,40.0,15.0,at_station,,1.0
181,bus,23,50.0,35.0,at_station,,-1.0
182,drone,0,15.0,20.0,idle,169.57009842800366,
182,drone,1,28.0,18.0,idle,255.9509290058748,
182,bus,0,32.5,60.0,moving,,-1.0
182,bus,1,15.0,32.5,moving,,1.0
182,bus,2,50.0,42.5,moving,,-1.0
182,bus,3,32.5,15.0,moving,,1.0
182,bus,4,52.5,60.0,moving,,-1.0
182,bus,5,15.0,12.5,moving,,1.0
182,bus,6,50.0,62.5,moving,,-1.0
182,bus,7,12.5,15.0,moving,,1.0
182,bus,8,57.5,60.0,moving,,1.0
182,bus,9,15.0,7.5,moving,,-1.0
182,bus,10,50.0,67.5,moving,,1.0
182,bus,11,7.5,15.0,moving,,-1.0
182,bus,12,37.5,60.0,moving,,1.0
182,bus,13,15.0,27.5,moving,,-1.0
182,bus,14,50.0,47.5,moving,,1.0
182,bus,15,27.5,15.0,moving,,-1.0
182,bus,16,17.5,60.0,moving,,1.0
182,bus,17,15.0,47.5,moving,,-1.0
182,bus,18,50.0,27.5,moving,,1.0
182,bus,19,47.5,15.0,moving,,-1.0
182,bus,20,15.0,42.5,moving,,1.0
182,bus,21,22.5,60.0,moving,,-1.0
182,bus,22,42.5,15.0,moving,,1.0
182,bus,23,50.0,32.5,moving,,-1.0
183,drone,0,15.0,20.0,idle,169.57009842800366,
183,drone,1,28.0,18.0,idle,255.9509290058748,
183,bus,0,27.5,60.0,moving,,-1.0
183,bus,1,15.0,37.5,moving,,1.0
183,bus,2,50.0,37.5,moving,,-1.0
183,bus,3,37.5,15.0,moving,,1.0
183,bus,4,47.5,60.0,moving,,-1.0
183,bus,5,15.0,17.5,moving,,1.0
183,bus,6,50.0,57.5,moving,,-1.0
183,bus,7,17.5,15.0,moving,,1.0
183,bus,8,62.5,60.0,moving,,1.0
183,bus,9,15.0,2.5,moving,,-1.0
183,bus,10,50.0,72.5,moving,,1.0
183,bus,11,2.5,15.0,moving,,-1.0
183,bus,12,42.5,60.0,moving,,1.0
183,bus,13,15.0,22.5,moving,,-1.0
183,bus,14,50.0,52.5,moving,,1.0
183,bus,15,22.5,15.0,moving,,-1.0
183,bus,16,22.5,60.0,moving,,1.0
183,bus,17,15.0,42.5,moving,,-1.0
183,bus,18,50.0,32.5,moving,,1.0
183,bus,19,42.5,15.0,moving,,-1.0
183,bus,20,15.0,47.5,moving,,1.0
183,bus,21,17.5,60.0,moving,,-1.0
183,bus,22,47.5,15.0,moving,,1.0
183,bus,23,50.0,27.5,moving,,-1.0
184,drone,0,15.0,20.0,idle,169.57009842800366,
184,drone,1,28.0,18.0,idle,255.9509290058748,
184,bus,0,25.0,60.0,at_station,,-1.0
184,bus,1,15.0,40.0,at_station,,1.0
184,bus,2,50.0,35.0,at_station,,-1.0
184,bus,3,40.0,15.0,at_station,,1.0
184,bus,4,45.0,60.0,at_station,,-1.0
184,bus,5,15.0,20.0,at_station,,1.0
184,bus,6,50.0,55.0,at_station,,-1.0
184,bus,7,20.0,15.0,at_station,,1.0
184,bus,8,65.0,60.0,at_station,,1.0
184,bus,9,15.0,0.0,at_station,,-1.0
184,bus,10,50.0,75.0,at_station,,1.0
184,bus,11,0.0,15.0,at_station,,-1.0
184,bus,12,45.0,60.0,at_station,,1.0
184,bus,13,15.0,20.0,at_station,,-1.0
184,bus,14,50.0,55.0,at_station,,1.0
184,bus,15,20.0,15.0,at_station,,-1.0
184,bus,16,25.0,60.0,at_station,,1.0
184,bus,17,15.0,40.0,at_station,,-1.0
184,bus,18,50.0,35.0,at_station,,1.0
184,bus,19,40.0,15.0,at_station,,-1.0
184,bus,20,15.0,50.0,at_station,,1.0
184,bus,21,15.0,60.0,at_station,,-1.0
184,bus,22,50.0,15.0,at_station,,1.0
184,bus,23,50.0,25.0,at_station,,-1.0
185,drone,0,15.0,20.0,idle,169.57009842800366,
185,drone,1,28.0,18.0,idle,255.9509290058748,
185,bus,0,25.0,60.0,at_station,,-1.0
185,bus,1,15.0,40.0,at_station,,1.0
185,bus,2,50.0,35.0,at_station,,-1.0
185,bus,3,40.0,15.0,at_station,,1.0
185,bus,4,45.0,60.0,at_station,,-1.0
185,bus,5,15.0,20.0,at_station,,1.0
185,bus,6,50.0,55.0,at_station,,-1.0
185,bus,7,20.0,15.0,at_station,,1.0
185,bus,8,65.0,60.0,at_station,,1.0
185,bus,9,15.0,0.0,at_station,,-1.0
185,bus,10,50.0,75.0,at_station,,1.0
185,bus,11,0.0,15.0,at_station,,-1.0
185,bus,12,45.0,60.0,at_station,,1.0
185,bus,13,15.0,20.0,at_station,,-1.0
185,bus,14,50.0,55.0,at_station,,1.0
185,bus,15,20.0,15.0,at_station,,-1.0
185,bus,16,25.0,60.0,at_station,,1.0
185,bus,17,15.0,40.0,at_station,,-1.0
185,bus,18,50.0,35.0,at_station,,1.0
185,bus,19,40.0,15.0,at_station,,-1.0
185,bus,20,15.0,50.0,at_station,,1.0
185,bus,21,15.0,60.0,at_station,,-1.0
185,bus,22,50.0,15.0,at_station,,1.0
185,bus,23,50.0,25.0,at_station,,-1.0
186,drone,0,15.0,20.0,idle,169.57009842800366,
186,drone,1,28.0,18.0,idle,255.9509290058748,
186,bus,0,25.0,60.0,at_station,,-1.0
186,bus,1,15.0,40.0,at_station,,1.0
186,bus,2,50.0,35.0,at_station,,-1.0
186,bus,3,40.0,15.0,at_station,,1.0
186,bus,4,45.0,60.0,at_station,,-1.0
186,bus,5,15.0,20.0,at_station,,1.0
186,bus,6,50.0,55.0,at_station,,-1.0
186,bus,7,20.0,15.0,at_station,,1.0
186,bus,8,65.0,60.0,at_station,,1.0
186,bus,9,15.0,0.0,at_station,,-1.0
186,bus,10,50.0,75.0,at_station,,1.0
186,bus,11,0.0,15.0,at_station,,-1.0
186,bus,12,45.0,60.0,at_station,,1.0
186,bus,13,15.0,20.0,at_station,,-1.0
186,bus,14,50.0,55.0,at_station,,1.0
186,bus,15,20.0,15.0,at_station,,-1.0
186,bus,16,25.0,60.0,at_station,,1.0
186,bus,17,15.0,40.0,at_station,,-1.0
186,bus,18,50.0,35.0,at_station,,1.0
186,bus,19,40.0,15.0,at_station,,-1.0
186,bus,20,15.0,50.0,at_station,,1.0
186,bus,21,15.0,60.0,at_station,,-1.0
186,bus,22,50.0,15.0,at_station,,1.0
186,bus,23,50.0,25.0,at_station,,-1.0
187,drone,0,15.0,20.0,idle,169.57009842800366,
187,drone,1,28.0,18.0,idle,255.9509290058748,
187,bus,0,22.5,60.0,moving,,-1.0
187,bus,1,15.0,42.5,moving,,1.0
187,bus,2,50.0,32.5,moving,,-1.0
187,bus,3,42.5,15.0,moving,,1.0
187,bus,4,42.5,60.0,moving,,-1.0
187,bus,5,15.0,22.5,moving,,1.0
187,bus,6,50.0,52.5,moving,,-1.0
187,bus,7,22.5,15.0,moving,,1.0
187,bus,8,62.5,60.0,moving,,-1.0
187,bus,9,15.0,2.5,moving,,1.0
187,bus,10,50.0,72.5,moving,,-1.0
187,bus,11,2.5,15.0,moving,,1.0
187,bus,12,47.5,60.0,moving,,1.0
187,bus,13,15.0,17.5,moving,,-1.0
187,bus,14,50.0,57.5,moving,,1.0
187,bus,15,17.5,15.0,moving,,-1.0
187,bus,16,27.5,60.0,moving,,1.0
187,bus,17,15.0,37.5,moving,,-1.0
187,bus,18,50.0,37.5,moving,,1.0
187,bus,19,37.5,15.0,moving,,-1.0
187,bus,20,15.0,52.5,moving,,1.0
187,bus,21,15.0,57.5,moving,,-1.0
187,bus,22,50.0,17.5,moving,,1.0
187,bus,23,50.0,22.5,moving,,-1.0
188,drone,0,15.0,20.0,idle,169.57009842800366,
188,drone,1,28.0,18.0,idle,255.9509290058748,
188,bus,0,17.5,60.0,moving,,-1.0
188,bus,1,15.0,47.5,moving,,1.0
188,bus,2,50.0,27.5,moving,,-1.0
188,bus,3,47.5,15.0,moving,,1.0
188,bus,4,37.5,60.0,moving,,-1.0
188,bus,5,15.0,27.5,moving,,1.0
188,bus,6,50.0,47.5,moving,,-1.0
188,bus,7,27.5,15.0,moving,,1.0
188,bus,8,57.5,60.0,moving,,-1.0
188,bus,9,15.0,7.5,moving,,1.0
188,bus,10,50.0,67.5,moving,,-1.0
188,bus,11,7.5,15.0,moving,,1.0
188,bus,12,52.5,60.0,moving,,1.0
188,bus,13,15.0,12.5,moving,,-1.0
188,bus,14,50.0,62.5,moving,,1.0
188,bus,15,12.5,15.0,moving,,-1.0
188,bus,16,32.5,60.0,moving,,1.0
188,bus,17,15.0,32.5,moving,,-1.0
188,bus,18,50.0,42.5,moving,,1.0
188,bus,19,32.5,15.0,moving,,-1.0
188,bus,20,15.0,57.5,moving,,1.0
188,bus,21,15.0,52.5,moving,,-1.0
188,bus,22,50.0,22.5,moving,,1.0
188,bus,23,50.0,17.5,moving,,-1.0
189,drone,0,15.0,20.0,idle,169.57009842800366,
189,drone,1,28.0,18.0,idle,255.9509290058748,
189,bus,0,15.0,60.0,at_station,,-1.0
189,bus,1,15.0,50.0,at_station,,1.0
189,bus,2,50.0,25.0,at_station,,-1.0
189,bus,3,50.0,15.0,at_station,,1.0
189,bus,4,35.0,60.0,at_station,,-1.0
189,bus,5,15.0,30.0,at_station,,1.0
189,bus,6,50.0,45.0,at_station,,-1.0
189,bus,7,30.0,15.0,at_station,,1.0
189,bus,8,55.0,60.0,at_station,,-1.0
189,bus,9,15.0,10.0,at_station,,1.0
189,bus,10,50.0,65.0,at_station,,-1.0
189,bus,11,10.0,15.0,at_station,,1.0
189,bus,12,55.0,60.0,at_station,,1.0
189,bus,13,15.0,10.0,at_station,,-1.0
189,bus,14,50.0,65.0,at_station,,1.0
189,bus,15,10.0,15.0,at_station,,-1.0
189,bus,16,35.0,60.0,at_station,,1.0
189,bus,17,15.0,30.0,at_station,,-1.0
189,bus,18,50.0,45.0,at_station,,1.0
189,bus,19,30.0,15.0,at_station,,-1.0
189,bus,20,15.0,60.0,at_station,,1.0
189,bus,21,15.0,50.0,at_station,,-1.0
189,bus,22,50.0,25.0,at_station,,1.0
189,bus,23,50.0,15.0,at_station,,-1.0
190,drone,0,19.21830743866054,22.6843774609658,direct_transport_to_pickup,164.57009842800366,
190,drone,1,28.0,18.0,idle,255.9509290058748,
190,bus,0,15.0,60.0,at_station,,-1.0
190,bus,1,15.0,50.0,at_station,,1.0
190,bus,2,50.0,25.0,at_station,,-1.0
190,bus,3,50.0,15.0,at_station,,1.0
190,bus,4,35.0,60.0,at_station,,-1.0
190,bus,5,15.0,30.0,at_station,,1.0
190,bus,6,50.0,45.0,at_station,,-1.0
190,bus,7,30.0,15.0,at_station,,1.0
190,bus,8,55.0,60.0,at_station,,-1.0
190,bus,9,15.0,10.0,at_station,,1.0
190,bus,10,50.0,65.0,at_station,,-1.0
190,bus,11,10.0,15.0,at_station,,1.0
190,bus,12,55.0,60.0,at_station,,1.0
190,bus,13,15.0,10.0,at_station,,-1.0
190,bus,14,50.0,65.0,at_station,,1.0
190,bus,15,10.0,15.0,at_station,,-1.0
190,bus,16,35.0,60.0,at_station,,1.0
190,bus,17,15.0,30.0,at_station,,-1.0
190,bus,18,50.0,45.0,at_station,,1.0
190,bus,19,30.0,15.0,at_station,,-1.0
190,bus,20,15.0,60.0,at_station,,1.0
190,bus,21,15.0,50.0,at_station,,-1.0
190,bus,22,50.0,25.0,at_station,,1.0
190,bus,23,50.0,15.0,at_station,,-1.0
191,drone,0,23.436614877321077,25.368754921931593,direct_transport_to_pickup,159.57009842800366,
191,drone,1,28.0,18.0,idle,255.9509290058748,
191,bus,0,15.0,60.0,at_station,,-1.0
191,bus,1,15.0,50.0,at_station,,1.0
191,bus,2,50.0,25.0,at_station,,-1.0
191,bus,3,50.0,15.0,at_station,,1.0
191,bus,4,35.0,60.0,at_station,,-1.0
191,bus,5,15.0,30.0,at_station,,1.0
191,bus,6,50.0,45.0,at_station,,-1.0
191,bus,7,30.0,15.0,at_station,,1.0
191,bus,8,55.0,60.0,at_station,,-1.0
191,bus,9,15.0,10.0,at_station,,1.0
191,bus,10,50.0,65.0,at_station,,-1.0
191,bus,11,10.0,15.0,at_station,,1.0
191,bus,12,55.0,60.0,at_station,,1.0
191,bus,13,15.0,10.0,at_station,,-1.0
191,bus,14,50.0,65.0,at_station,,1.0
191,bus,15,10.0,15.0,at_station,,-1.0
191,bus,16,35.0,60.0,at_station,,1.0
191,bus,17,15.0,30.0,at_station,,-1.0
191,bus,18,50.0,45.0,at_station,,1.0
191,bus,19,30.0,15.0,at_station,,-1.0
191,bus,20,15.0,60.0,at_station,,1.0
191,bus,21,15.0,50.0,at_station,,-1.0
191,bus,22,50.0,25.0,at_station,,1.0
191,bus,23,50.0,15.0,at_station,,-1.0
192,drone,0,26.0,27.0,direct_transport_to_delivery,156.53169361759836,
192,drone,1,28.0,18.0,idle,255.9509290058748,
192,bus,0,15.0,57.5,moving,,-1.0
192,bus,1,15.0,52.5,moving,,1.0
192,bus,2,50.0,22.5,moving,,-1.0
192,bus,3,50.0,17.5,moving,,1.0
192,bus,4,32.5,60.0,moving,,-1.0
192,bus,5,15.0,32.5,moving,,1.0
192,bus,6,50.0,42.5,moving,,-1.0
192,bus,7,32.5,15.0,moving,,1.0
192,bus,8,52.5,60.0,moving,,-1.0
192,bus,9,15.0,12.5,moving,,1.0
192,bus,10,50.0,62.5,moving,,-1.0
192,bus,11,12.5,15.0,moving,,1.0
192,bus,12,57.5,60.0,moving,,1.0
192,bus,13,15.0,7.5,moving,,-1.0
192,bus,14,50.0,67.5,moving,,1.0
192,bus,15,7.5,15.0,moving,,-1.0
192,bus,16,37.5,60.0,moving,,1.0
192,bus,17,15.0,27.5,moving,,-1.0
192,bus,18,50.0,47.5,moving,,1.0
192,bus,19,27.5,15.0,moving,,-1.0
192,bus,20,17.5,60.0,moving,,1.0
192,bus,21,15.0,47.5,moving,,-1.0
192,bus,22,50.0,27.5,moving,,1.0
192,bus,23,47.5,15.0,moving,,-1.0
193,drone,0,21.71253537143728,24.427521222862367,direct_transport_to_delivery,151.53169361759836,
193,drone,1,28.0,18.0,idle,255.9509290058748,
193,bus,0,15.0,52.5,moving,,-1.0
193,bus,1,15.0,57.5,moving,,1.0
193,bus,2,50.0,17.5,moving,,-1.0
193,bus,3,50.0,22.5,moving,,1.0
193,bus,4,27.5,60.0,moving,,-1.0
193,bus,5,15.0,37.5,moving,,1.0
193,bus,6,50.0,37.5,moving,,-1.0
193,bus,7,37.5,15.0,moving,,1.0
193,bus,8,47.5,60.0,moving,,-1.0
193,bus,9,15.0,17.5,moving,,1.0
193,bus,10,50.0,57.5,moving,,-1.0
193,bus,11,17.5,15.0,moving,,1.0
193,bus,12,62.5,60.0,moving,,1.0
193,bus,13,15.0,2.5,moving,,-1.0
193,bus,14,50.0,72.5,moving,,1.0
193,bus,15,2.5,15.0,moving,,-1.0
193,bus,16,42.5,60.0,moving,,1.0
193,bus,17,15.0,22.5,moving,,-1.0
193,bus,18,50.0,52.5,moving,,1.0
193,bus,19,22.5,15.0,moving,,-1.0
193,bus,20,22.5,60.0,moving,,1.0
193,bus,21,15.0,42.5,moving,,-1.0
193,bus,22,50.0,32.5,moving,,1.0
193,bus,23,42.5,15.0,moving,,-1.0
194,drone,0,21.0,24.0,idle,150.70074172275307,
194,drone,1,28.0,18.0,idle,255.9509290058748,
194,bus,0,15.0,50.0,at_station,,-1.0
194,bus,1,15.0,60.0,at_station,,1.0
194,bus,2,50.0,15.0,at_station,,-1.0
194,bus,3,50.0,25.0,at_station,,1.0
194,bus,4,25.0,60.0,at_station,,-1.0
194,bus,5,15.0,40.0,at_station,,1.0
194,bus,6,50.0,35.0,at_station,,-1.0
194,bus,7,40.0,15.0,at_station,,1.0
194,bus,8,45.0,60.0,at_station,,-1.0
194,bus,9,15.0,20.0,at_station,,1.0
194,bus,10,50.0,55.0,at_station,,-1.0
194,bus,11,20.0,15.0,at_station,,1.0
194,bus,12,65.0,60.0,at_station,,1.0
194,bus,13,15.0,0.0,at_station,,-1.0
194,bus,14,50.0,75.0,at_station,,1.0
194,bus,15,0.0,15.0,at_station,,-1.0
194,bus,16,45.0,60.0,at_station,,1.0
194,bus,17,15.0,20.0,at_station,,-1.0
194,bus,18,50.0,55.0,at_station,,1.0
194,bus,19,20.0,15.0,at_station,,-1.0
194,bus,20,25.0,60.0,at_station,,1.0
194,bus,21,15.0,40.0,at_station,,-1.0
194,bus,22,50.0,35.0,at_station,,1.0
194,bus,23,40.0,15.0,at_station,,-1.0
195,drone,0,21.0,24.0,idle,150.70074172275307,
195,drone,1,28.0,18.0,idle,255.9509290058748,
195,bus,0,15.0,50.0,at_station,,-1.0
195,bus,1,15.0,60.0,at_station,,1.0
195,bus,2,50.0,15.0,at_station,,-1.0
195,bus,3,50.0,25.0,at_station,,1.0
195,bus,4,25.0,60.0,at_station,,-1.0
195,bus,5,15.0,40.0,at_station,,1.0
195,bus,6,50.0,35.0,at_station,,-1.0
195,bus,7,40.0,15.0,at_station,,1.0
195,bus,8,45.0,60.0,at_station,,-1.0
195,bus,9,15.0,20.0,at_station,,1.0
195,bus,10,50.0,55.0,at_station,,-1.0
195,bus,11,20.0,15.0,at_station,,1.0
195,bus,12,65.0,60.0,at_station,,1.0
195,bus,13,15.0,0.0,at_station,,-1.0
195,bus,14,50.0,75.0,at_station,,1.0
195,bus,15,0.0,15.0,at_station,,-1.0
195,bus,16,45.0,60.0,at_station,,1.0
195,bus,17,15.0,20.0,at_station,,-1.0
195,bus,18,50.0,55.0,at_station,,1.0
195,bus,19,20.0,15.0,at_station,,-1.0
195,bus,20,25.0,60.0,at_station,,1.0
195,bus,21,15.0,40.0,at_station,,-1.0
195,bus,22,50.0,35.0,at_station,,1.0
195,bus,23,40.0,15.0,at_station,,-1.0
196,drone,0,21.0,24.0,idle,150.70074172275307,
196,drone,1,28.0,18.0,idle,255.9509290058748,
196,bus,0,15.0,50.0,at_station,,-1.0
196,bus,1,15.0,60.0,at_station,,1.0
196,bus,2,50.0,15.0,at_station,,-1.0
196,bus,3,50.0,25.0,at_station,,1.0
196,bus,4,25.0,60.0,at_station,,-1.0
196,bus,5,15.0,40.0,at_station,,1.0
196,bus,6,50.0,35.0,at_station,,-1.0
196,bus,7,40.0,15.0,at_station,,1.0
196,bus,8,45.0,60.0,at_station,,-1.0
196,bus,9,15.0,20.0,at_station,,1.0
196,bus,10,50.0,55.0,at_station,,-1.0
196,bus,11,20.0,15.0,at_station,,1.0
196,bus,12,65.0,60.0,at_station,,1.0
196,bus,13,15.0,0.0,at_station,,-1.0
196,bus,14,50.0,75.0,at_station,,1.0
196,bus,15,0.0,15.0,at_station,,-1.0
196,bus,16,45.0,60.0,at_station,,1.0
196,bus,17,15.0,20.0,at_station,,-1.0
196,bus,18,50.0,55.0,at_station,,1.0
196,bus,19,20.0,15.0,at_station,,-1.0
196,bus,20,25.0,60.0,at_station,,1.0
196,bus,21,15.0,40.0,at_station,,-1.0
196,bus,22,50.0,35.0,at_station,,1.0
196,bus,23,40.0,15.0,at_station,,-1.0
197,drone,0,21.0,24.0,idle,150.70074172275307,
197,drone,1,28.0,18.0,idle,255.9509290058748,
197,bus,0,15.0,47.5,moving,,-1.0
197,bus,1,17.5,60.0,moving,,1.0
197,bus,2,47.5,15.0,moving,,-1.0
197,bus,3,50.0,27.5,moving,,1.0
197,bus,4,22.5,60.0,moving,,-1.0
197,bus,5,15.0,42.5,moving,,1.0
197,bus,6,50.0,32.5,moving,,-1.0
197,bus,7,42.5,15.0,moving,,1.0
197,bus,8,42.5,60.0,moving,,-1.0
197,bus,9,15.0,22.5,moving,,1.0
197,bus,10,50.0,52.5,moving,,-1.0
197,bus,11,22.5,15.0,moving,,1.0
197,bus,12,62.5,60.0,moving,,-1.0
197,bus,13,15.0,2.5,moving,,1.0
197,bus,14,50.0,72.5,moving,,-1.0
197,bus,15,2.5,15.0,moving,,1.0
197,bus,16,47.5,60.0,moving,,1.0
197,bus,17,15.0,17.5,moving,,-1.0
197,bus,18,50.0,57.5,moving,,1.0
197,bus,19,17.5,15.0,moving,,-1.0
197,bus,20,27.5,60.0,moving,,1.0
197,bus,21,15.0,37.5,moving,,-1.0
197,bus,22,50.0,37.5,moving,,1.0
197,bus,23,37.5,15.0,moving,,-1.0
198,drone,0,21.0,24.0,idle,150.70074172275307,
198,drone,1,28.0,18.0,idle,255.9509290058748,
198,bus,0,15.0,42.5,moving,,-1.0
198,bus,1,22.5,60.0,moving,,1.0
198,bus,2,42.5,15.0,moving,,-1.0
198,bus,3,50.0,32.5,moving,,1.0
198,bus,4,17.5,60.0,moving,,-1.0
198,bus,5,15.0,47.5,moving,,1.0
198,bus,6,50.0,27.5,moving,,-1.0
198,bus,7,47.5,15.0,moving,,1.0
198,bus,8,37.5,60.0,moving,,-1.0
198,bus,9,15.0,27.5,moving,,1.0
198,bus,10,50.0,47.5,moving,,-1.0
198,bus,11,27.5,15.0,moving,,1.0
198,bus,12,57.5,60.0,moving,,-1.0
198,bus,13,15.0,7.5,moving,,1.0
198,bus,14,50.0,67.5,moving,,-1.0
198,bus,15,7.5,15.0,moving,,1.0
198,bus,16,52.5,60.0,moving,,1.0
198,bus,17,15.0,12.5,moving,,-1.0
198,bus,18,50.0,62.5,moving,,1.0
198,bus,19,12.5,15.0,moving,,-1.0
198,bus,20,32.5,60.0,moving,,1.0
198,bus,21,15.0,32.5,moving,,-1.0
198,bus,22,50.0,42.5,moving,,1.0
198,bus,23,32.5,15.0,moving,,-1.0
199,drone,0,21.0,24.0,idle,150.70074172275307,
199,drone,1,28.0,18.0,idle,255.9509290058748,
199,bus,0,15.0,40.0,at_station,,-1.0
199,bus,1,25.0,60.0,at_station,,1.0
199,bus,2,40.0,15.0,at_station,,-1.0
199,bus,3,50.0,35.0,at_station,,1.0
199,bus,4,15.0,60.0,at_station,,-1.0
199,bus,5,15.0,50.0,at_station,,1.0
199,bus,6,50.0,25.0,at_station,,-1.0
199,bus,7,50.0,15.0,at_station,,1.0
199,bus,8,35.0,60.0,at_station,,-1.0
199,bus,9,15.0,30.0,at_station,,1.0
199,bus,10,50.0,45.0,at_station,,-1.0
199,bus,11,30.0,15.0,at_station,,1.0
199,bus,12,55.0,60.0,at_station,,-1.0
199,bus,13,15.0,10.0,at_station,,1.0
199,bus,14,50.0,65.0,at_station,,-1.0
199,bus,15,10.0,15.0,at_station,,1.0
199,bus,16,55.0,60.0,at_station,,1.0
199,bus,17,15.0,10.0,at_station,,-1.0
199,bus,18,50.0,65.0,at_station,,1.0
199,bus,19,10.0,15.0,at_station,,-1.0
199,bus,20,35.0,60.0,at_station,,1.0
199,bus,21,15.0,30.0,at_station,,-1.0
199,bus,22,50.0,45.0,at_station,,1.0
199,bus,23,30.0,15.0,at_station,,-1.0
200,drone,0,19.62639436051311,28.807619738204117,direct_transport_to_pickup,145.70074172275307,
200,drone,1,28.0,18.0,idle,255.9509290058748,
200,bus,0,15.0,40.0,at_station,,-1.0
200,bus,1,25.0,60.0,at_station,,1.0
200,bus,2,40.0,15.0,at_station,,-1.0
200,bus,3,50.0,35.0,at_station,,1.0
200,bus,4,15.0,60.0,at_station,,-1.0
200,bus,5,15.0,50.0,at_station,,1.0
200,bus,6,50.0,25.0,at_station,,-1.0
200,bus,7,50.0,15.0,at_station,,1.0
200,bus,8,35.0,60.0,at_station,,-1.0
200,bus,9,15.0,30.0,at_station,,1.0
200,bus,10,50.0,45.0,at_station,,-1.0
200,bus,11,30.0,15.0,at_station,,1.0
200,bus,12,55.0,60.0,at_station,,-1.0
200,bus,13,15.0,10.0,at_station,,1.0
200,bus,14,50.0,65.0,at_station,,-1.0
200,bus,15,10.0,15.0,at_station,,1.0
200,bus,16,55.0,60.0,at_station,,1.0
200,bus,17,15.0,10.0,at_station,,-1.0
200,bus,18,50.0,65.0,at_station,,1.0
200,bus,19,10.0,15.0,at_station,,-1.0
200,bus,20,35.0,60.0,at_station,,1.0
200,bus,21,15.0,30.0,at_station,,-1.0
200,bus,22,50.0,45.0,at_station,,1.0
200,bus,23,30.0,15.0,at_station,,-1.0
201,drone,0,18.25278872102622,33.615239476408235,direct_transport_to_pickup,140.70074172275307,
201,drone,1,28.0,18.0,idle,255.9509290058748,
201,bus,0,15.0,40.0,at_station,,-1.0
201,bus,1,25.0,60.0,at_station,,1.0
201,bus,2,40.0,15.0,at_station,,-1.0
201,bus,3,50.0,35.0,at_station,,1.0
201,bus,4,15.0,60.0,at_station,,-1.0
201,bus,5,15.0,50.0,at_station,,1.0
201,bus,6,50.0,25.0,at_station,,-1.0
201,bus,7,50.0,15.0,at_station,,1.0
201,bus,8,35.0,60.0,at_station,,-1.0
201,bus,9,15.0,30.0,at_station,,1.0
201,bus,10,50.0,45.0,at_station,,-1.0
201,bus,11,30.0,15.0,at_station,,1.0
201,bus,12,55.0,60.0,at_station,,-1.0
201,bus,13,15.0,10.0,at_station,,1.0
201,bus,14,50.0,65.0,at_station,,-1.0
201,bus,15,10.0,15.0,at_station,,1.0
201,bus,16,55.0,60.0,at_station,,1.0
201,bus,17,15.0,10.0,at_station,,-1.0
201,bus,18,50.0,65.0,at_station,,1.0
201,bus,19,10.0,15.0,at_station,,-1.0
201,bus,20,35.0,60.0,at_station,,1.0
201,bus,21,15.0,30.0,at_station,,-1.0
201,bus,22,50.0,45.0,at_station,,1.0
201,bus,23,30.0,15.0,at_station,,-1.0
202,drone,0,16.87918308153933,38.42285921461235,direct_transport_to_pickup,135.70074172275307,
202,drone,1,28.0,18.0,idle,255.9509290058748,
202,bus,0,15.0,37.5,moving,,-1.0
202,bus,1,27.5,60.0,moving,,1.0
202,bus,2,37.5,15.0,moving,,-1.0
202,bus,3,50.0,37.5,moving,,1.0
202,bus,4,15.0,57.5,moving,,-1.0
202,bus,5,15.0,52.5,moving,,1.0
202,bus,6,50.0,22.5,moving,,-1.0
202,bus,7,50.0,17.5,moving,,1.0
202,bus,8,32.5,60.0,moving,,-1.0
202,bus,9,15.0,32.5,moving,,1.0
202,bus,10,50.0,42.5,moving,,-1.0
202,bus,11,32.5,15.0,moving,,1.0
202,bus,12,52.5,60.0,moving,,-1.0
202,bus,13,15.0,12.5,moving,,1.0
202,bus,14,50.0,62.5,moving,,-1.0
202,bus,15,12.5,15.0,moving,,1.0
202,bus,16,57.5,60.0,moving,,1.0
202,bus,17,15.0,7.5,moving,,-1.0
202,bus,18,50.0,67.5,moving,,1.0
202,bus,19,7.5,15.0,moving,,-1.0
202,bus,20,37.5,60.0,moving,,1.0
202,bus,21,15.0,27.5,moving,,-1.0
202,bus,22,50.0,47.5,moving,,1.0
202,bus,23,27.5,15.0,moving,,-1.0
203,drone,0,15.50557744205244,43.23047895281647,direct_transport_to_pickup,130.70074172275307,
203,drone,1,28.0,18.0,idle,255.9509290058748,
203,bus,0,15.0,32.5,moving,,-1.0
203,bus,1,32.5,60.0,moving,,1.0
203,bus,2,32.5,15.0,moving,,-1.0
203,bus,3,50.0,42.5,moving,,1.0
203,bus,4,15.0,52.5,moving,,-1.0
203,bus,5,15.0,57.5,moving,,1.0
203,bus,6,50.0,17.5,moving,,-1.0
203,bus,7,50.0,22.5,moving,,1.0
203,bus,8,27.5,60.0,moving,,-1.0
203,bus,9,15.0,37.5,moving,,1.0
203,bus,10,50.0,37.5,moving,,-1.0
203,bus,11,37.5,15.0,moving,,1.0
203,bus,12,47.5,60.0,moving,,-1.0
203,bus,13,15.0,17.5,moving,,1.0
203,bus,14,50.0,57.5,moving,,-1.0
203,bus,15,17.5,15.0,moving,,1.0
203,bus,16,62.5,60.0,moving,,1.0
203,bus,17,15.0,2.5,moving,,-1.0
203,bus,18,50.0,72.5,moving,,1.0
203,bus,19,2.5,15.0,moving,,-1.0
203,bus,20,42.5,60.0,moving,,1.0
203,bus,21,15.0,22.5,moving,,-1.0
203,bus,22,50.0,52.5,moving,,1.0
203,bus,23,22.5,15.0,moving,,-1.0
204,drone,0,14.131971802565548,48.038098691020586,direct_transport_to_pickup,125.70074172275307,
204,drone,1,28.0,18.0,idle,255.9509290058748,
204,bus,0,15.0,30.0,at_station,,-1.0
204,bus,1,35.0,60.0,at_station,,1.0
204,bus,2,30.0,15.0,at_station,,-1.0
204,bus,3,50.0,45.0,at_station,,1.0
204,bus,4,15.0,50.0,at_station,,-1.0
204,bus,5,15.0,60.0,at_station,,1.0
204,bus,6,50.0,15.0,at_station,,-1.0
204,bus,7,50.0,25.0,at_station,,1.0
204,bus,8,25.0,60.0,at_station,,-1.0
204,bus,9,15.0,40.0,at_station,,1.0
204,bus,10,50.0,35.0,at_station,,-1.0
204,bus,11,40.0,15.0,at_station,,1.0
204,bus,12,45.0,60.0,at_station,,-1.0
204,bus,13,15.0,20.0,at_station,,1.0
204,bus,14,50.0,55.0,at_station,,-1.0
204,bus,15,20.0,15.0,at_station,,1.0
204,bus,16,65.0,60.0,at_station,,1.0
204,bus,17,15.0,0.0,at_station,,-1.0
204,bus,18,50.0,75.0,at_station,,1.0
204,bus,19,0.0,15.0,at_station,,-1.0
204,bus,20,45.0,60.0,at_station,,1.0
204,bus,21,15.0,20.0,at_station,,-1.0
204,bus,22,50.0,55.0,at_station,,1.0
204,bus,23,20.0,15.0,at_station,,-1.0
205,drone,0,13.0,52.0,direct_transport_to_delivery,121.580302165631,
205,drone,1,28.0,18.0,idle,255.9509290058748,
205,bus,0,15.0,30.0,at_station,,-1.0
205,bus,1,35.0,60.0,at_station,,1.0
205,bus,2,30.0,15.0,at_station,,-1.0
205,bus,3,50.0,45.0,at_station,,1.0
205,bus,4,15.0,50.0,at_station,,-1.0
205,bus,5,15.0,60.0,at_station,,1.0
205,bus,6,50.0,15.0,at_station,,-1.0
205,bus,7,50.0,25.0,at_station,,1.0
205,bus,8,25.0,60.0,at_station,,-1.0
205,bus,9,15.0,40.0,at_station,,1.0
205,bus,10,50.0,35.0,at_station,,-1.0
205,bus,11,40.0,15.0,at_station,,1.0
205,bus,12,45.0,60.0,at_station,,-1.0
205,bus,13,15.0,20.0,at_station,,1.0
205,bus,14,50.0,55.0,at_station,,-1.0
205,bus,15,20.0,15.0,at_station,,1.0
205,bus,16,65.0,60.0,at_station,,1.0
205,bus,17,15.0,0.0,at_station,,-1.0
205,bus,18,50.0,75.0,at_station,,1.0
205,bus,19,0.0,15.0,at_station,,-1.0
205,bus,20,45.0,60.0,at_station,,1.0
205,bus,21,15.0,20.0,at_station,,-1.0
205,bus,22,50.0,55.0,at_station,,1.0
205,bus,23,20.0,15.0,at_station,,-1.0
206,drone,0,17.389477864571923,49.60573934659713,direct_transport_to_delivery,116.580302165631,
206,drone,1,28.0,18.0,idle,255.9509290058748,
206,bus,0,15.0,30.0,at_station,,-1.0
206,bus,1,35.0,60.0,at_station,,1.0
206,bus,2,30.0,15.0,at_station,,-1.0
206,bus,3,50.0,45.0,at_station,,1.0
206,bus,4,15.0,50.0,at_station,,-1.0
206,bus,5,15.0,60.0,at_station,,1.0
206,bus,6,50.0,15.0,at_station,,-1.0
206,bus,7,50.0,25.0,at_station,,1.0
206,bus,8,25.0,60.0,at_station,,-1.0
206,bus,9,15.0,40.0,at_station,,1.0
206,bus,10,50.0,35.0,at_station,,-1.0
206,bus,11,40.0,15.0,at_station,,1.0
206,bus,12,45.0,60.0,at_station,,-1.0
206,bus,13,15.0,20.0,at_station,,1.0
206,bus,14,50.0,55.0,at_station,,-1.0
206,bus,15,20.0,15.0,at_station,,1.0
206,bus,16,65.0,60.0,at_station,,1.0
206,bus,17,15.0,0.0,at_station,,-1.0
206,bus,18,50.0,75.0,at_station,,1.0
206,bus,19,0.0,15.0,at_station,,-1.0
206,bus,20,45.0,60.0,at_station,,1.0
206,bus,21,15.0,20.0,at_station,,-1.0
206,bus,22,50.0,55.0,at_station,,1.0
206,bus,23,20.0,15.0,at_station,,-1.0
207,drone,0,21.778955729143846,47.211478693194266,direct_transport_to_delivery,111.580302165631,
207,drone,1,28.0,18.0,idle,255.9509290058748,
207,bus,0,15.0,27.5,moving,,-1.0
207,bus,1,37.5,60.0,moving,,1.0
207,bus,2,27.5,15.0,moving,,-1.0
207,bus,3,50.0,47.5,moving,,1.0
207,bus,4,15.0,47.5,moving,,-1.0
207,bus,5,17.5,60.0,moving,,1.0
207,bus,6,47.5,15.0,moving,,-1.0
207,bus,7,50.0,27.5,moving,,1.0
207,bus,8,22.5,60.0,moving,,-1.0
207,bus,9,15.0,42.5,moving,,1.0
207,bus,10,50.0,32.5,moving,,-1.0
207,bus,11,42.5,15.0,moving,,1.0
207,bus,12,42.5,60.0,moving,,-1.0
207,bus,13,15.0,22.5,moving,,1.0
207,bus,14,50.0,52.5,moving,,-1.0
207,bus,15,22.5,15.0,moving,,1.0
207,bus,16,62.5,60.0,moving,,-1.0
207,bus,17,15.0,2.5,moving,,1.0
207,bus,18,50.0,72.5,moving,,-1.0
207,bus,19,2.5,15.0,moving,,1.0
207,bus,20,47.5,60.0,moving,,1.0
207,bus,21,15.0,17.5,moving,,-1.0
207,bus,22,50.0,57.5,moving,,1.0
207,bus,23,17.5,15.0,moving,,-1.0
208,drone,0,26.16843359371577,44.8172180397914,direct_transport_to_delivery,106.580302165631,
208,drone,1,28.0,18.0,idle,255.9509290058748,
208,bus,0,15.0,22.5,moving,,-1.0
208,bus,1,42.5,60.0,moving,,1.0
208,bus,2,22.5,15.0,moving,,-1.0
208,bus,3,50.0,52.5,moving,,1.0
208,bus,4,15.0,42.5,moving,,-1.0
208,bus,5,22.5,60.0,moving,,1.0
208,bus,6,42.5,15.0,moving,,-1.0
208,bus,7,50.0,32.5,moving,,1.0
208,bus,8,17.5,60.0,moving,,-1.0
208,bus,9,15.0,47.5,moving,,1.0
208,bus,10,50.0,27.5,moving,,-1.0
208,bus,11,47.5,15.0,moving,,1.0
208,bus,12,37.5,60.0,moving,,-1.0
208,bus,13,15.0,27.5,moving,,1.0
208,bus,14,50.0,47.5,moving,,-1.0
208,bus,15,27.5,15.0,moving,,1.0
208,bus,16,57.5,60.0,moving,,-1.0
208,bus,17,15.0,7.5,moving,,1.0
208,bus,18,50.0,67.5,moving,,-1.0
208,bus,19,7.5,15.0,moving,,1.0
208,bus,20,52.5,60.0,moving,,1.0
208,bus,21,15.0,12.5,moving,,-1.0
208,bus,22,50.0,62.5,moving,,1.0
208,bus,23,12.5,15.0,moving,,-1.0
209,drone,0,30.55791145828769,42.42295738638853,direct_transport_to_delivery,101.580302165631,
209,drone,1,28.0,18.0,idle,255.9509290058748,
209,bus,0,15.0,20.0,at_station,,-1.0
209,bus,1,45.0,60.0,at_station,,1.0
209,bus,2,20.0,15.0,at_station,,-1.0
209,bus,3,50.0,55.0,at_station,,1.0
209,bus,4,15.0,40.0,at_station,,-1.0
209,bus,5,25.0,60.0,at_station,,1.0
209,bus,6,40.0,15.0,at_station,,-1.0
209,bus,7,50.0,35.0,at_station,,1.0
209,bus,8,15.0,60.0,at_station,,-1.0
209,bus,9,15.0,50.0,at_station,,1.0
209,bus,10,50.0,25.0,at_station,,-1.0
209,bus,11,50.0,15.0,at_station,,1.0
209,bus,12,35.0,60.0,at_station,,-1.0
209,bus,13,15.0,30.0,at_station,,1.0
209,bus,14,50.0,45.0,at_station,,-1.0
209,bus,15,30.0,15.0,at_station,,1.0
209,bus,16,55.0,60.0,at_station,,-1.0
209,bus,17,15.0,10.0,at_station,,1.0
209,bus,18,50.0,65.0,at_station,,-1.0
209,bus,19,10.0,15.0,at_station,,1.0
209,bus,20,55.0,60.0,at_station,,1.0
209,bus,21,15.0,10.0,at_station,,-1.0
209,bus,22,50.0,65.0,at_station,,1.0
209,bus,23,10.0,15.0,at_station,,-1.0
210,drone,0,34.947389322859614,40.028696732985665,direct_transport_to_delivery,96.580302165631,
210,drone,1,28.0,18.0,idle,255.9509290058748,
210,bus,0,15.0,20.0,at_station,,-1.0
210,bus,1,45.0,60.0,at_station,,1.0
210,bus,2,20.0,15.0,at_station,,-1.0
210,bus,3,50.0,55.0,at_station,,1.0
210,bus,4,15.0,40.0,at_station,,-1.0
210,bus,5,25.0,60.0,at_station,,1.0
210,bus,6,40.0,15.0,at_station,,-1.0
210,bus,7,50.0,35.0,at_station,,1.0
210,bus,8,15.0,60.0,at_station,,-1.0
210,bus,9,15.0,50.0,at_station,,1.0
210,bus,10,50.0,25.0,at_station,,-1.0
210,bus,11,50.0,15.0,at_station,,1.0
210,bus,12,35.0,60.0,at_station,,-1.0
210,bus,13,15.0,30.0,at_station,,1.0
210,bus,14,50.0,45.0,at_station,,-1.0
210,bus,15,30.0,15.0,at_station,,1.0
210,bus,16,55.0,60.0,at_station,,-1.0
210,bus,17,15.0,10.0,at_station,,1.0
210,bus,18,50.0,65.0,at_station,,-1.0
210,bus,19,10.0,15.0,at_station,,1.0
210,bus,20,55.0,60.0,at_station,,1.0
210,bus,21,15.0,10.0,at_station,,-1.0
210,bus,22,50.0,65.0,at_station,,1.0
210,bus,23,10.0,15.0,at_station,,-1.0
211,drone,0,35.0,40.0,idle,96.52037399334766,
211,drone,1,28.0,18.0,idle,255.9509290058748,
211,bus,0,15.0,20.0,at_station,,-1.0
211,bus,1,45.0,60.0,at_station,,1.0
211,bus,2,20.0,15.0,at_station,,-1.0
211,bus,3,50.0,55.0,at_station,,1.0
211,bus,4,15.0,40.0,at_station,,-1.0
211,bus,5,25.0,60.0,at_station,,1.0
211,bus,6,40.0,15.0,at_station,,-1.0
211,bus,7,50.0,35.0,at_station,,1.0
211,bus,8,15.0,60.0,at_station,,-1.0
211,bus,9,15.0,50.0,at_station,,1.0
211,bus,10,50.0,25.0,at_station,,-1.0
211,bus,11,50.0,15.0,at_station,,1.0
211,bus,12,35.0,60.0,at_station,,-1.0
211,bus,13,15.0,30.0,at_station,,1.0
211,bus,14,50.0,45.0,at_station,,-1.0
211,bus,15,30.0,15.0,at_station,,1.0
211,bus,16,55.0,60.0,at_station,,-1.0
211,bus,17,15.0,10.0,at_station,,1.0
211,bus,18,50.0,65.0,at_station,,-1.0
211,bus,19,10.0,15.0,at_station,,1.0
211,bus,20,55.0,60.0,at_station,,1.0
211,bus,21,15.0,10.0,at_station,,-1.0
211,bus,22,50.0,65.0,at_station,,1.0
211,bus,23,10.0,15.0,at_station,,-1.0
212,drone,0,30.0,40.0,to_charging_station,91.52037399334766,
212,drone,1,28.0,18.0,idle,255.9509290058748,
212,bus,0,15.0,17.5,moving,,-1.0
212,bus,1,47.5,60.0,moving,,1.0
212,bus,2,17.5,15.0,moving,,-1.0
212,bus,3,50.0,57.5,moving,,1.0
212,bus,4,15.0,37.5,moving,,-1.0
212,bus,5,27.5,60.0,moving,,1.0
212,bus,6,37.5,15.0,moving,,-1.0
212,bus,7,50.0,37.5,moving,,1.0
212,bus,8,15.0,57.5,moving,,-1.0
212,bus,9,15.0,52.5,moving,,1.0
212,bus,10,50.0,22.5,moving,,-1.0
212,bus,11,50.0,17.5,moving,,1.0
212,bus,12,32.5,60.0,moving,,-1.0
212,bus,13,15.0,32.5,moving,,1.0
212,bus,14,50.0,42.5,moving,,-1.0
212,bus,15,32.5,15.0,moving,,1.0
212,bus,16,52.5,60.0,moving,,-1.0
212,bus,17,15.0,12.5,moving,,1.0
212,bus,18,50.0,62.5,moving,,-1.0
212,bus,19,12.5,15.0,moving,,1.0
212,bus,20,57.5,60.0,moving,,1.0
212,bus,21,15.0,7.5,moving,,-1.0
212,bus,22,50.0,67.5,moving,,1.0
212,bus,23,7.5,15.0,moving,,-1.0
213,drone,0,25.0,40.0,to_charging_station,86.52037399334766,
213,drone,1,28.0,18.0,idle,255.9509290058748,
213,bus,0,15.0,12.5,moving,,-1.0
213,bus,1,52.5,60.0,moving,,1.0
213,bus,2,12.5,15.0,moving,,-1.0
213,bus,3,50.0,62.5,moving,,1.0
213,bus,4,15.0,32.5,moving,,-1.0
213,bus,5,32.5,60.0,moving,,1.0
213,bus,6,32.5,15.0,moving,,-1.0
213,bus,7,50.0,42.5,moving,,1.0
213,bus,8,15.0,52.5,moving,,-1.0
213,bus,9,15.0,57.5,moving,,1.0
213,bus,10,50.0,17.5,moving,,-1.0
213,bus,11,50.0,22.5,moving,,1.0
213,bus,12,27.5,60.0,moving,,-1.0
213,bus,13,15.0,37.5,moving,,1.0
213,bus,14,50.0,37.5,moving,,-1.0
213,bus,15,37.5,15.0,moving,,1.0
213,bus,16,47.5,60.0,moving,,-1.0
213,bus,17,15.0,17.5,moving,,1.0
213,bus,18,50.0,57.5,moving,,-1.0
213,bus,19,17.5,15.0,moving,,1.0
213,bus,20,62.5,60.0,moving,,1.0
213,bus,21,15.0,2.5,moving,,-1.0
213,bus,22,50.0,72.5,moving,,1.0
213,bus,23,2.5,15.0,moving,,-1.0
214,drone,0,20.0,40.0,idle,300.0,
214,drone,1,28.0,18.0,idle,255.9509290058748,
214,bus,0,15.0,10.0,at_station,,-1.0
214,bus,1,55.0,60.0,at_station,,1.0
214,bus,2,10.0,15.0,at_station,,-1.0
214,bus,3,50.0,65.0,at_station,,1.0
214,bus,4,15.0,30.0,at_station,,-1.0
214,bus,5,35.0,60.0,at_station,,1.0
214,bus,6,30.0,15.0,at_station,,-1.0
214,bus,7,50.0,45.0,at_station,,1.0
214,bus,8,15.0,50.0,at_station,,-1.0
214,bus,9,15.0,60.0,at_station,,1.0
214,bus,10,50.0,15.0,at_station,,-1.0
214,bus,11,50.0,25.0,at_station,,1.0
214,bus,12,25.0,60.0,at_station,,-1.0
214,bus,13,15.0,40.0,at_station,,1.0
214,bus,14,50.0,35.0,at_station,,-1.0
214,bus,15,40.0,15.0,at_station,,1.0
214,bus,16,45.0,60.0,at_station,,-1.0
214,bus,17,15.0,20.0,at_station,,1.0
214,bus,18,50.0,55.0,at_station,,-1.0
214,bus,19,20.0,15.0,at_station,,1.0
214,bus,20,65.0,60.0,at_station,,1.0
214,bus,21,15.0,0.0,at_station,,-1.0
214,bus,22,50.0,75.0,at_station,,1.0
214,bus,23,0.0,15.0,at_station,,-1.0
215,drone,0,20.0,45.0,direct_transport_to_pickup,295.0,
215,drone,1,28.0,18.0,idle,255.9509290058748,
215,bus,0,15.0,10.0,at_station,,-1.0
215,bus,1,55.0,60.0,at_station,,1.0
215,bus,2,10.0,15.0,at_station,,-1.0
215,bus,3,50.0,65.0,at_station,,1.0
215,bus,4,15.0,30.0,at_station,,-1.0
215,bus,5,35.0,60.0,at_station,,1.0
215,bus,6,30.0,15.0,at_station,,-1.0
215,bus,7,50.0,45.0,at_station,,1.0
215,bus,8,15.0,50.0,at_station,,-1.0
215,bus,9,15.0,60.0,at_station,,1.0
215,bus,10,50.0,15.0,at_station,,-1.0
215,bus,11,50.0,25.0,at_station,,1.0
215,bus,12,25.0,60.0,at_station,,-1.0
215,bus,13,15.0,40.0,at_station,,1.0
215,bus,14,50.0,35.0,at_station,,-1.0
215,bus,15,40.0,15.0,at_station,,1.0
215,bus,16,45.0,60.0,at_station,,-1.0
215,bus,17,15.0,20.0,at_station,,1.0
215,bus,18,50.0,55.0,at_station,,-1.0
215,bus,19,20.0,15.0,at_station,,1.0
215,bus,20,65.0,60.0,at_station,,1.0
215,bus,21,15.0,0.0,at_station,,-1.0
215,bus,22,50.0,75.0,at_station,,1.0
215,bus,23,0.0,15.0,at_station,,-1.0
216,drone,0,20.0,50.0,direct_transport_to_pickup,290.0,
216,drone,1,28.0,18.0,idle,255.9509290058748,
216,bus,0,15.0,10.0,at_station,,-1.0
216,bus,1,55.0,60.0,at_station,,1.0
216,bus,2,10.0,15.0,at_station,,-1.0
216,bus,3,50.0,65.0,at_station,,1.0
216,bus,4,15.0,30.0,at_station,,-1.0
216,bus,5,35.0,60.0,at_station,,1.0
216,bus,6,30.0,15.0,at_station,,-1.0
216,bus,7,50.0,45.0,at_station,,1.0
216,bus,8,15.0,50.0,at_station,,-1.0
216,bus,9,15.0,60.0,at_station,,1.0
216,bus,10,50.0,15.0,at_station,,-1.0
216,bus,11,50.0,25.0,at_station,,1.0
216,bus,12,25.0,60.0,at_station,,-1.0
216,bus,13,15.0,40.0,at_station,,1.0
216,bus,14,50.0,35.0,at_station,,-1.0
216,bus,15,40.0,15.0,at_station,,1.0
216,bus,16,45.0,60.0,at_station,,-1.0
216,bus,17,15.0,20.0,at_station,,1.0
216,bus,18,50.0,55.0,at_station,,-1.0
216,bus,19,20.0,15.0,at_station,,1.0
216,bus,20,65.0,60.0,at_station,,1.0
216,bus,21,15.0,0.0,at_station,,-1.0
216,bus,22,50.0,75.0,at_station,,1.0
216,bus,23,0.0,15.0,at_station,,-1.0
217,drone,0,20.0,55.0,direct_transport_to_pickup,285.0,
217,drone,1,28.0,18.0,idle,255.9509290058748,
217,bus,0,15.0,7.5,moving,,-1.0
217,bus,1,57.5,60.0,moving,,1.0
217,bus,2,7.5,15.0,moving,,-1.0
217,bus,3,50.0,67.5,moving,,1.0
217,bus,4,15.0,27.5,moving,,-1.0
217,bus,5,37.5,60.0,moving,,1.0
217,bus,6,27.5,15.0,moving,,-1.0
217,bus,7,50.0,47.5,moving,,1.0
217,bus,8,15.0,47.5,moving,,-1.0
217,bus,9,17.5,60.0,moving,,1.0
217,bus,10,47.5,15.0,moving,,-1.0
217,bus,11,50.0,27.5,moving,,1.0
217,bus,12,22.5,60.0,moving,,-1.0
217,bus,13,15.0,42.5,moving,,1.0
217,bus,14,50.0,32.5,moving,,-1.0
217,bus,15,42.5,15.0,moving,,1.0
217,bus,16,42.5,60.0,moving,,-1.0
217,bus,17,15.0,22.5,moving,,1.0
217,bus,18,50.0,52.5,moving,,-1.0
217,bus,19,22.5,15.0,moving,,1.0
217,bus,20,62.5,60.0,moving,,-1.0
217,bus,21,15.0,2.5,moving,,1.0
217,bus,22,50.0,72.5,moving,,-1.0
217,bus,23,2.5,15.0,moving,,1.0
218,drone,0,20.0,60.0,direct_transport_to_pickup,280.0,
218,drone,1,28.0,18.0,idle,255.9509290058748,
218,bus,0,15.0,2.5,moving,,-1.0
218,bus,1,62.5,60.0,moving,,1.0
218,bus,2,2.5,15.0,moving,,-1.0
218,bus,3,50.0,72.5,moving,,1.0
218,bus,4,15.0,22.5,moving,,-1.0
218,bus,5,42.5,60.0,moving,,1.0
218,bus,6,22.5,15.0,moving,,-1.0
218,bus,7,50.0,52.5,moving,,1.0
218,bus,8,15.0,42.5,moving,,-1.0
218,bus,9,22.5,60.0,moving,,1.0
218,bus,10,42.5,15.0,moving,,-1.0
218,bus,11,50.0,32.5,moving,,1.0
218,bus,12,17.5,60.0,moving,,-1.0
218,bus,13,15.0,47.5,moving,,1.0
218,bus,14,50.0,27.5,moving,,-1.0
218,bus,15,47.5,15.0,moving,,1.0
218,bus,16,37.5,60.0,moving,,-1.0
218,bus,17,15.0,27.5,moving,,1.0
218,bus,18,50.0,47.5,moving,,-1.0
218,bus,19,27.5,15.0,moving,,1.0
218,bus,20,57.5,60.0,moving,,-1.0
218,bus,21,15.0,7.5,moving,,1.0
218,bus,22,50.0,67.5,moving,,-1.0
218,bus,23,7.5,15.0,moving,,1.0
219,drone,0,20.0,65.0,direct_transport_to_delivery,275.0,
219,drone,1,28.0,18.0,idle,255.9509290058748,
219,bus,0,15.0,0.0,at_station,,-1.0
219,bus,1,65.0,60.0,at_station,,1.0
219,bus,2,0.0,15.0,at_station,,-1.0
219,bus,3,50.0,75.0,at_station,,1.0
219,bus,4,15.0,20.0,at_station,,-1.0
219,bus,5,45.0,60.0,at_station,,1.0
219,bus,6,20.0,15.0,at_station,,-1.0
219,bus,7,50.0,55.0,at_station,,1.0
219,bus,8,15.0,40.0,at_station,,-1.0
219,bus,9,25.0,60.0,at_station,,1.0
219,bus,10,40.0,15.0,at_station,,-1.0
219,bus,11,50.0,35.0,at_station,,1.0
219,bus,12,15.0,60.0,at_station,,-1.0
219,bus,13,15.0,50.0,at_station,,1.0
219,bus,14,50.0,25.0,at_station,,-1.0
219,bus,15,50.0,15.0,at_station,,1.0
219,bus,16,35.0,60.0,at_station,,-1.0
219,bus,17,15.0,30.0,at_station,,1.0
219,bus,18,50.0,45.0,at_station,,-1.0
219,bus,19,30.0,15.0,at_station,,1.0
219,bus,20,55.0,60.0,at_station,,-1.0
219,bus,21,15.0,10.0,at_station,,1.0
219,bus,22,50.0,65.0,at_station,,-1.0
219,bus,23,10.0,15.0,at_station,,1.0
220,drone,0,24.850712500726658,63.78732187481833,direct_transport_to_delivery,270.0,
220,drone,1,28.0,18.0,idle,255.9509290058748,
220,bus,0,15.0,0.0,at_station,,-1.0
220,bus,1,65.0,60.0,at_station,,1.0
220,bus,2,0.0,15.0,at_station,,-1.0
220,bus,3,50.0,75.0,at_station,,1.0
220,bus,4,15.0,20.0,at_station,,-1.0
220,bus,5,45.0,60.0,at_station,,1.0
220,bus,6,20.0,15.0,at_station,,-1.0
220,bus,7,50.0,55.0,at_station,,1.0
220,bus,8,15.0,40.0,at_station,,-1.0
220,bus,9,25.0,60.0,at_station,,1.0
220,bus,10,40.0,15.0,at_station,,-1.0
220,bus,11,50.0,35.0,at_station,,1.0
220,bus,12,15.0,60.0,at_station,,-1.0
220,bus,13,15.0,50.0,at_station,,1.0
220,bus,14,50.0,25.0,at_station,,-1.0
220,bus,15,50.0,15.0,at_station,,1.0
220,bus,16,35.0,60.0,at_station,,-1.0
220,bus,17,15.0,30.0,at_station,,1.0
220,bus,18,50.0,45.0,at_station,,-1.0
220,bus,19,30.0,15.0,at_station,,1.0
220,bus,20,55.0,60.0,at_station,,-1.0
220,bus,21,15.0,10.0,at_station,,1.0
220,bus,22,50.0,65.0,at_station,,-1.0
220,bus,23,10.0,15.0,at_station,,1.0
221,drone,0,29.701425001453316,62.57464374963667,direct_transport_to_delivery,265.0,
221,drone,1,28.0,18.0,idle,255.9509290058748,
221,bus,0,15.0,0.0,at_station,,-1.0
221,bus,1,65.0,60.0,at_station,,1.0
221,bus,2,0.0,15.0,at_station,,-1.0
221,bus,3,50.0,75.0,at_station,,1.0
221,bus,4,15.0,20.0,at_station,,-1.0
221,bus,5,45.0,60.0,at_station,,1.0
221,bus,6,20.0,15.0,at_station,,-1.0
221,bus,7,50.0,55.0,at_station,,1.0
221,bus,8,15.0,40.0,at_station,,-1.0
221,bus,9,25.0,60.0,at_station,,1.0
221,bus,10,40.0,15.0,at_station,,-1.0
221,bus,11,50.0,35.0,at_station,,1.0
221,bus,12,15.0,60.0,at_station,,-1.0
221,bus,13,15.0,50.0,at_station,,1.0
221,bus,14,50.0,25.0,at_station,,-1.0
221,bus,15,50.0,15.0,at_station,,1.0
221,bus,16,35.0,60.0,at_station,,-1.0
221,bus,17,15.0,30.0,at_station,,1.0
221,bus,18,50.0,45.0,at_station,,-1.0
221,bus,19,30.0,15.0,at_station,,1.0
221,bus,20,55.0,60.0,at_station,,-1.0
221,bus,21,15.0,10.0,at_station,,1.0
221,bus,22,50.0,65.0,at_station,,-1.0
221,bus,23,10.0,15.0,at_station,,1.0
222,drone,0,34.552137502179974,61.361965624455,direct_transport_to_delivery,260.0,
222,drone,1,28.0,18.0,idle,255.9509290058748,
222,bus,0,15.0,2.5,moving,,1.0
222,bus,1,62.5,60.0,moving,,-1.0
222,bus,2,2.5,15.0,moving,,1.0
222,bus,3,50.0,72.5,moving,,-1.0
222,bus,4,15.0,17.5,moving,,-1.0
222,bus,5,47.5,60.0,moving,,1.0
222,bus,6,17.5,15.0,moving,,-1.0
222,bus,7,50.0,57.5,moving,,1.0
222,bus,8,15.0,37.5,moving,,-1.0
222,bus,9,27.5,60.0,moving,,1.0
222,bus,10,37.5,15.0,moving,,-1.0
222,bus,11,50.0,37.5,moving,,1.0
222,bus,12,15.0,57.5,moving,,-1.0
222,bus,13,15.0,52.5,moving,,1.0
222,bus,14,50.0,22.5,moving,,-1.0
222,bus,15,50.0,17.5,moving,,1.0
222,bus,16,32.5,60.0,moving,,-1.0
222,bus,17,15.0,32.5,moving,,1.0
222,bus,18,50.0,42.5,moving,,-1.0
222,bus,19,32.5,15.0,moving,,1.0
222,bus,20,52.5,60.0,moving,,-1.0
222,bus,21,15.0,12.5,moving,,1.0
222,bus,22,50.0,62.5,moving,,-1.0
222,bus,23,12.5,15.0,moving,,1.0
223,drone,0,39.40285000290663,60.14928749927334,direct_transport_to_delivery,255.0,
223,drone,1,28.0,18.0,idle,255.9509290058748,
223,bus,0,15.0,7.5,moving,,1.0
223,bus,1,57.5,60.0,moving,,-1.0
223,bus,2,7.5,15.0,moving,,1.0
223,bus,3,50.0,67.5,moving,,-1.0
223,bus,4,15.0,12.5,moving,,-1.0
223,bus,5,52.5,60.0,moving,,1.0
223,bus,6,12.5,15.0,moving,,-1.0
223,bus,7,50.0,62.5,moving,,1.0
223,bus,8,15.0,32.5,moving,,-1.0
223,bus,9,32.5,60.0,moving,,1.0
223,bus,10,32.5,15.0,moving,,-1.0
223,bus,11,50.0,42.5,moving,,1.0
223,bus,12,15.0,52.5,moving,,-1.0
223,bus,13,15.0,57.5,moving,,1.0
223,bus,14,50.0,17.5,moving,,-1.0
223,bus,15,50.0,22.5,moving,,1.0
223,bus,16,27.5,60.0,moving,,-1.0
223,bus,17,15.0,37.5,moving,,1.0
223,bus,18,50.0,37.5,moving,,-1.0
223,bus,19,37.5,15.0,moving,,1.0
223,bus,20,47.5,60.0,moving,,-1.0
223,bus,21,15.0,17.5,moving,,1.0
223,bus,22,50.0,57.5,moving,,-1.0
223,bus,23,17.5,15.0,moving,,1.0
224,drone,0,40.0,60.0,idle,254.3844718719117,
224,drone,1,28.0,18.0,idle,255.9509290058748,
224,bus,0,15.0,10.0,at_station,,1.0
224,bus,1,55.0,60.0,at_station,,-1.0
224,bus,2,10.0,15.0,at_station,,1.0
224,bus,3,50.0,65.0,at_station,,-1.0
224,bus,4,15.0,10.0,at_station,,-1.0
224,bus,5,55.0,60.0,at_station,,1.0
224,bus,6,10.0,15.0,at_station,,-1.0
224,bus,7,50.0,65.0,at_station,,1.0
224,bus,8,15.0,30.0,at_station,,-1.0
224,bus,9,35.0,60.0,at_station,,1.0
224,bus,10,30.0,15.0,at_station,,-1.0
224,bus,11,50.0,45.0,at_station,,1.0
224,bus,12,15.0,50.0,at_station,,-1.0
224,bus,13,15.0,60.0,at_station,,1.0
224,bus,14,50.0,15.0,at_station,,-1.0
224,bus,15,50.0,25.0,at_station,,1.0
224,bus,16,25.0,60.0,at_station,,-1.0
224,bus,17,15.0,40.0,at_station,,1.0
224,bus,18,50.0,35.0,at_station,,-1.0
224,bus,19,40.0,15.0,at_station,,1.0
224,bus,20,45.0,60.0,at_station,,-1.0
224,bus,21,15.0,20.0,at_station,,1.0
224,bus,22,50.0,55.0,at_station,,-1.0
224,bus,23,20.0,15.0,at_station,,1.0
225,drone,0,40.0,60.0,idle,254.3844718719117,
225,drone,1,28.0,18.0,idle,255.9509290058748,
225,bus,0,15.0,10.0,at_station,,1.0
225,bus,1,55.0,60.0,at_station,,-1.0
225,bus,2,10.0,15.0,at_station,,1.0
225,bus,3,50.0,65.0,at_station,,-1.0
225,bus,4,15.0,10.0,at_station,,-1.0
225,bus,5,55.0,60.0,at_station,,1.0
225,bus,6,10.0,15.0,at_station,,-1.0
225,bus,7,50.0,65.0,at_station,,1.0
225,bus,8,15.0,30.0,at_station,,-1.0
225,bus,9,35.0,60.0,at_station,,1.0
225,bus,10,30.0,15.0,at_station,,-1.0
225,bus,11,50.0,45.0,at_station,,1.0
225,bus,12,15.0,50.0,at_station,,-1.0
225,bus,13,15.0,60.0,at_station,,1.0
225,bus,14,50.0,15.0,at_station,,-1.0
225,bus,15,50.0,25.0,at_station,,1.0
225,bus,16,25.0,60.0,at_station,,-1.0
225,bus,17,15.0,40.0,at_station,,1.0
225,bus,18,50.0,35.0,at_station,,-1.0
225,bus,19,40.0,15.0,at_station,,1.0
225,bus,20,45.0,60.0,at_station,,-1.0
225,bus,21,15.0,20.0,at_station,,1.0
225,bus,22,50.0,55.0,at_station,,-1.0
225,bus,23,20.0,15.0,at_station,,1.0
226,drone,0,40.0,60.0,idle,254.3844718719117,
226,drone,1,28.0,18.0,idle,255.9509290058748,
226,bus,0,15.0,10.0,at_station,,1.0
226,bus,1,55.0,60.0,at_station,,-1.0
226,bus,2,10.0,15.0,at_station,,1.0
226,bus,3,50.0,65.0,at_station,,-1.0
226,bus,4,15.0,10.0,at_station,,-1.0
226,bus,5,55.0,60.0,at_station,,1.0
226,bus,6,10.0,15.0,at_station,,-1.0
226,bus,7,50.0,65.0,at_station,,1.0
226,bus,8,15.0,30.0,at_station,,-1.0
226,bus,9,35.0,60.0,at_station,,1.0
226,bus,10,30.0,15.0,at_station,,-1.0
226,bus,11,50.0,45.0,at_station,,1.0
226,bus,12,15.0,50.0,at_station,,-1.0
226,bus,13,15.0,60.0,at_station,,1.0
226,bus,14,50.0,15.0,at_station,,-1.0
226,bus,15,50.0,25.0,at_station,,1.0
226,bus,16,25.0,60.0,at_station,,-1.0
226,bus,17,15.0,40.0,at_station,,1.0
226,bus,18,50.0,35.0,at_station,,-1.0
226,bus,19,40.0,15.0,at_station,,1.0
226,bus,20,45.0,60.0,at_station,,-1.0
226,bus,21,15.0,20.0,at_station,,1.0
226,bus,22,50.0,55.0,at_station,,-1.0
226,bus,23,20.0,15.0,at_station,,1.0
227,drone,0,40.0,60.0,idle,254.3844718719117,
227,drone,1,28.0,18.0,idle,255.9509290058748,
227,bus,0,15.0,12.5,moving,,1.0
227,bus,1,52.5,60.0,moving,,-1.0
227,bus,2,12.5,15.0,moving,,1.0
227,bus,3,50.0,62.5,moving,,-1.0
227,bus,4,15.0,7.5,moving,,-1.0
227,bus,5,57.5,60.0,moving,,1.0
227,bus,6,7.5,15.0,moving,,-1.0
227,bus,7,50.0,67.5,moving,,1.0
227,bus,8,15.0,27.5,moving,,-1.0
227,bus,9,37.5,60.0,moving,,1.0
227,bus,10,27.5,15.0,moving,,-1.0
227,bus,11,50.0,47.5,moving,,1.0
227,bus,12,15.0,47.5,moving,,-1.0
227,bus,13,17.5,60.0,moving,,1.0
227,bus,14,47.5,15.0,moving,,-1.0
227,bus,15,50.0,27.5,moving,,1.0
227,bus,16,22.5,60.0,moving,,-1.0
227,bus,17,15.0,42.5,moving,,1.0
227,bus,18,50.0,32.5,moving,,-1.0
227,bus,19,42.5,15.0,moving,,1.0
227,bus,20,42.5,60.0,moving,,-1.0
227,bus,21,15.0,22.5,moving,,1.0
227,bus,22,50.0,52.5,moving,,-1.0
227,bus,23,22.5,15.0,moving,,1.0
228,drone,0,40.0,60.0,idle,254.3844718719117,
228,drone,1,28.0,18.0,idle,255.9509290058748,
228,bus,0,15.0,17.5,moving,,1.0
228,bus,1,47.5,60.0,moving,,-1.0
228,bus,2,17.5,15.0,moving,,1.0
228,bus,3,50.0,57.5,moving,,-1.0
228,bus,4,15.0,2.5,moving,,-1.0
228,bus,5,62.5,60.0,moving,,1.0
228,bus,6,2.5,15.0,moving,,-1.0
228,bus,7,50.0,72.5,moving,,1.0
228,bus,8,15.0,22.5,moving,,-1.0
228,bus,9,42.5,60.0,moving,,1.0
228,bus,10,22.5,15.0,moving,,-1.0
228,bus,11,50.0,52.5,moving,,1.0
228,bus,12,15.0,42.5,moving,,-1.0
228,bus,13,22.5,60.0,moving,,1.0
228,bus,14,42.5,15.0,moving,,-1.0
228,bus,15,50.0,32.5,moving,,1.0
228,bus,16,17.5,60.0,moving,,-1.0
228,bus,17,15.0,47.5,moving,,1.0
228,bus,18,50.0,27.5,moving,,-1.0
228,bus,19,47.5,15.0,moving,,1.0
228,bus,20,37.5,60.0,moving,,-1.0
228,bus,21,15.0,27.5,moving,,1.0
228,bus,22,50.0,47.5,moving,,-1.0
228,bus,23,27.5,15.0,moving,,1.0
229,drone,0,40.0,60.0,idle,254.3844718719117,
229,drone,1,28.0,18.0,idle,255.9509290058748,
229,bus,0,15.0,20.0,at_station,,1.0
229,bus,1,45.0,60.0,at_station,,-1.0
229,bus,2,20.0,15.0,at_station,,1.0
229,bus,3,50.0,55.0,at_station,,-1.0
229,bus,4,15.0,0.0,at_station,,-1.0
229,bus,5,65.0,60.0,at_station,,1.0
229,bus,6,0.0,15.0,at_station,,-1.0
229,bus,7,50.0,75.0,at_station,,1.0
229,bus,8,15.0,20.0,at_station,,-1.0
229,bus,9,45.0,60.0,at_station,,1.0
229,bus,10,20.0,15.0,at_station,,-1.0
229,bus,11,50.0,55.0,at_station,,1.0
229,bus,12,15.0,40.0,at_station,,-1.0
229,bus,13,25.0,60.0,at_station,,1.0
229,bus,14,40.0,15.0,at_station,,-1.0
229,bus,15,50.0,35.0,at_station,,1.0
229,bus,16,15.0,60.0,at_station,,-1.0
229,bus,17,15.0,50.0,at_station,,1.0
229,bus,18,50.0,25.0,at_station,,-1.0
229,bus,19,50.0,15.0,at_station,,1.0
229,bus,20,35.0,60.0,at_station,,-1.0
229,bus,21,15.0,30.0,at_station,,1.0
229,bus,22,50.0,45.0,at_station,,-1.0
229,bus,23,30.0,15.0,at_station,,1.0
230,drone,0,36.74604313272016,56.20371698817352,direct_transport_to_pickup,249.3844718719117,
230,drone,1,28.0,18.0,idle,255.9509290058748,
230,bus,0,15.0,20.0,at_station,,1.0
230,bus,1,45.0,60.0,at_station,,-1.0
230,bus,2,20.0,15.0,at_station,,1.0
230,bus,3,50.0,55.0,at_station,,-1.0
230,bus,4,15.0,0.0,at_station,,-1.0
230,bus,5,65.0,60.0,at_station,,1.0
230,bus,6,0.0,15.0,at_station,,-1.0
230,bus,7,50.0,75.0,at_station,,1.0
230,bus,8,15.0,20.0,at_station,,-1.0
230,bus,9,45.0,60.0,at_station,,1.0
230,bus,10,20.0,15.0,at_station,,-1.0
230,bus,11,50.0,55.0,at_station,,1.0
230,bus,12,15.0,40.0,at_station,,-1.0
230,bus,13,25.0,60.0,at_station,,1.0
230,bus,14,40.0,15.0,at_station,,-1.0
230,bus,15,50.0,35.0,at_station,,1.0
230,bus,16,15.0,60.0,at_station,,-1.0
230,bus,17,15.0,50.0,at_station,,1.0
230,bus,18,50.0,25.0,at_station,,-1.0
230,bus,19,50.0,15.0,at_station,,1.0
230,bus,20,35.0,60.0,at_station,,-1.0
230,bus,21,15.0,30.0,at_station,,1.0
230,bus,22,50.0,45.0,at_station,,-1.0
230,bus,23,30.0,15.0,at_station,,1.0
231,drone,0,33.49208626544032,52.407433976347036,direct_transport_to_pickup,244.3844718719117,
231,drone,1,28.0,18.0,idle,255.9509290058748,
231,bus,0,15.0,20.0,at_station,,1.0
231,bus,1,45.0,60.0,at_station,,-1.0
231,bus,2,20.0,15.0,at_station,,1.0
231,bus,3,50.0,55.0,at_station,,-1.0
231,bus,4,15.0,0.0,at_station,,-1.0
231,bus,5,65.0,60.0,at_station,,1.0
231,bus,6,0.0,15.0,at_station,,-1.0
231,bus,7,50.0,75.0,at_station,,1.0
231,bus,8,15.0,20.0,at_station,,-1.0
231,bus,9,45.0,60.0,at_station,,1.0
231,bus,10,20.0,15.0,at_station,,-1.0
231,bus,11,50.0,55.0,at_station,,1.0
231,bus,12,15.0,40.0,at_station,,-1.0
231,bus,13,25.0,60.0,at_station,,1.0
231,bus,14,40.0,15.0,at_station,,-1.0
231,bus,15,50.0,35.0,at_station,,1.0
231,bus,16,15.0,60.0,at_station,,-1.0
231,bus,17,15.0,50.0,at_station,,1.0
231,bus,18,50.0,25.0,at_station,,-1.0
231,bus,19,50.0,15.0,at_station,,1.0
231,bus,20,35.0,60.0,at_station,,-1.0
231,bus,21,15.0,30.0,at_station,,1.0
231,bus,22,50.0,45.0,at_station,,-1.0
231,bus,23,30.0,15.0,at_station,,1.0
232,drone,0,30.238129398160478,48.611150964520554,direct_transport_to_pickup,239.3844718719117,
232,drone,1,28.0,18.0,idle,255.9509290058748,
232,bus,0,15.0,22.5,moving,,1.0
232,bus,1,42.5,60.0,moving,,-1.0
232,bus,2,22.5,15.0,moving,,1.0
232,bus,3,50.0,52.5,moving,,-1.0
232,bus,4,15.0,2.5,moving,,1.0
232,bus,5,62.5,60.0,moving,,-1.0
232,bus,6,2.5,15.0,moving,,1.0
232,bus,7,50.0,72.5,moving,,-1.0
232,bus,8,15.0,17.5,moving,,-1.0
232,bus,9,47.5,60.0,moving,,1.0
232,bus,10,17.5,15.0,moving,,-1.0
232,bus,11,50.0,57.5,moving,,1.0
232,bus,12,15.0,37.5,moving,,-1.0
232,bus,13,27.5,60.0,moving,,1.0
232,bus,14,37.5,15.0,moving,,-1.0
232,bus,15,50.0,37.5,moving,,1.0
232,bus,16,15.0,57.5,moving,,-1.0
232,bus,17,15.0,52.5,moving,,1.0
232,bus,18,50.0,22.5,moving,,-1.0
232,bus,19,50.0,17.5,moving,,1.0
232,bus,20,32.5,60.0,moving,,-1.0
232,bus,21,15.0,32.5,moving,,1.0
232,bus,22,50.0,42.5,moving,,-1.0
232,bus,23,32.5,15.0,moving,,1.0
233,drone,0,26.984172530880635,44.81486795269407,direct_transport_to_pickup,234.3844718719117,
233,drone,1,28.0,18.0,idle,255.9509290058748,
233,bus,0,15.0,27.5,moving,,1.0
233,bus,1,37.5,60.0,moving,,-1.0
233,bus,2,27.5,15.0,moving,,1.0
233,bus,3,50.0,47.5,moving,,-1.0
233,bus,4,15.0,7.5,moving,,1.0
233,bus,5,57.5,60.0,moving,,-1.0
233,bus,6,7.5,15.0,moving,,1.0
233,bus,7,50.0,67.5,moving,,-1.0
233,bus,8,15.0,12.5,moving,,-1.0
233,bus,9,52.5,60.0,moving,,1.0
233,bus,10,12.5,15.0,moving,,-1.0
233,bus,11,50.0,62.5,moving,,1.0
233,bus,12,15.0,32.5,moving,,-1.0
233,bus,13,32.5,60.0,moving,,1.0
233,bus,14,32.5,15.0,moving,,-1.0
233,bus,15,50.0,42.5,moving,,1.0
233,bus,16,15.0,52.5,moving,,-1.0
233,bus,17,15.0,57.5,moving,,1.0
233,bus,18,50.0,17.5,moving,,-1.0
233,bus,19,50.0,22.5,moving,,1.0
233,bus,20,27.5,60.0,moving,,-1.0
233,bus,21,15.0,37.5,moving,,1.0
233,bus,22,50.0,37.5,moving,,-1.0
233,bus,23,37.5,15.0,moving,,1.0
234,drone,0,23.73021566360079,41.01858494086759,direct_transport_to_pickup,229.3844718719117,
234,drone,1,28.0,18.0,idle,255.9509290058748,
234,bus,0,15.0,30.0,at_station,,1.0
234,bus,1,35.0,60.0,at_station,,-1.0
234,bus,2,30.0,15.0,at_station,,1.0
234,bus,3,50.0,45.0,at_station,,-1.0
234,bus,4,15.0,10.0,at_station,,1.0
234,bus,5,55.0,60.0,at_station,,-1.0
234,bus,6,10.0,15.0,at_station,,1.0
234,bus,7,50.0,65.0,at_station,,-1.0
234,bus,8,15.0,10.0,at_station,,-1.0
234,bus,9,55.0,60.0,at_station,,1.0
234,bus,10,10.0,15.0,at_station,,-1.0
234,bus,11,50.0,65.0,at_station,,1.0
234,bus,12,15.0,30.0,at_station,,-1.0
234,bus,13,35.0,60.0,at_station,,1.0
234,bus,14,30.0,15.0,at_station,,-1.0
234,bus,15,50.0,45.0,at_station,,1.0
234,bus,16,15.0,50.0,at_station,,-1.0
234,bus,17,15.0,60.0,at_station,,1.0
234,bus,18,50.0,15.0,at_station,,-1.0
234,bus,19,50.0,25.0,at_station,,1.0
234,bus,20,25.0,60.0,at_station,,-1.0
234,bus,21,15.0,40.0,at_station,,1.0
234,bus,22,50.0,35.0,at_station,,-1.0
234,bus,23,40.0,15.0,at_station,,1.0
235,drone,0,20.47625879632095,37.22230192904111,direct_transport_to_pickup,224.3844718719117,
235,drone,1,28.0,18.0,idle,255.9509290058748,
235,bus,0,15.0,30.0,at_station,,1.0
235,bus,1,35.0,60.0,at_station,,-1.0
235,bus,2,30.0,15.0,at_station,,1.0
235,bus,3,50.0,45.0,at_station,,-1.0
235,bus,4,15.0,10.0,at_station,,1.0
235,bus,5,55.0,60.0,at_station,,-1.0
235,bus,6,10.0,15.0,at_station,,1.0
235,bus,7,50.0,65.0,at_station,,-1.0
235,bus,8,15.0,10.0,at_station,,-1.0
235,bus,9,55.0,60.0,at_station,,1.0
235,bus,10,10.0,15.0,at_station,,-1.0
235,bus,11,50.0,65.0,at_station,,1.0
235,bus,12,15.0,30.0,at_station,,-1.0
235,bus,13,35.0,60.0,at_station,,1.0
235,bus,14,30.0,15.0,at_station,,-1.0
235,bus,15,50.0,45.0,at_station,,1.0
235,bus,16,15.0,50.0,at_station,,-1.0
235,bus,17,15.0,60.0,at_station,,1.0
235,bus,18,50.0,15.0,at_station,,-1.0
235,bus,19,50.0,25.0,at_station,,1.0
235,bus,20,25.0,60.0,at_station,,-1.0
235,bus,21,15.0,40.0,at_station,,1.0
235,bus,22,50.0,35.0,at_station,,-1.0
235,bus,23,40.0,15.0,at_station,,1.0
236,drone,0,17.222301929041105,33.42601891721463,direct_transport_to_pickup,219.3844718719117,
236,drone,1,28.0,18.0,idle,255.9509290058748,
236,bus,0,15.0,30.0,at_station,,1.0
236,bus,1,35.0,60.0,at_station,,-1.0
236,bus,2,30.0,15.0,at_station,,1.0
236,bus,3,50.0,45.0,at_station,,-1.0
236,bus,4,15.0,10.0,at_station,,1.0
236,bus,5,55.0,60.0,at_station,,-1.0
236,bus,6,10.0,15.0,at_station,,1.0
236,bus,7,50.0,65.0,at_station,,-1.0
236,bus,8,15.0,10.0,at_station,,-1.0
236,bus,9,55.0,60.0,at_station,,1.0
236,bus,10,10.0,15.0,at_station,,-1.0
236,bus,11,50.0,65.0,at_station,,1.0
236,bus,12,15.0,30.0,at_station,,-1.0
236,bus,13,35.0,60.0,at_station,,1.0
236,bus,14,30.0,15.0,at_station,,-1.0
236,bus,15,50.0,45.0,at_station,,1.0
236,bus,16,15.0,50.0,at_station,,-1.0
236,bus,17,15.0,60.0,at_station,,1.0
236,bus,18,50.0,15.0,at_station,,-1.0
236,bus,19,50.0,25.0,at_station,,1.0
236,bus,20,25.0,60.0,at_station,,-1.0
236,bus,21,15.0,40.0,at_station,,1.0
236,bus,22,50.0,35.0,at_station,,-1.0
236,bus,23,40.0,15.0,at_station,,1.0
237,drone,0,13.968345061761264,29.629735905388145,direct_transport_to_pickup,214.3844718719117,
237,drone,1,28.0,18.0,idle,255.9509290058748,
237,bus,0,15.0,32.5,moving,,1.0
237,bus,1,32.5,60.0,moving,,-1.0
237,bus,2,32.5,15.0,moving,,1.0
237,bus,3,50.0,42.5,moving,,-1.0
237,bus,4,15.0,12.5,moving,,1.0
237,bus,5,52.5,60.0,moving,,-1.0
237,bus,6,12.5,15.0,moving,,1.0
237,bus,7,50.0,62.5,moving,,-1.0
237,bus,8,15.0,7.5,moving,,-1.0
237,bus,9,57.5,60.0,moving,,1.0
237,bus,10,7.5,15.0,moving,,-1.0
237,bus,11,50.0,67.5,moving,,1.0
237,bus,12,15.0,27.5,moving,,-1.0
237,bus,13,37.5,60.0,moving,,1.0
237,bus,14,27.5,15.0,moving,,-1.0
237,bus,15,50.0,47.5,moving,,1.0
237,bus,16,15.0,47.5,moving,,-1.0
237,bus,17,17.5,60.0,moving,,1.0
237,bus,18,47.5,15.0,moving,,-1.0
237,bus,19,50.0,27.5,moving,,1.0
237,bus,20,22.5,60.0,moving,,-1.0
237,bus,21,15.0,42.5,moving,,1.0
237,bus,22,50.0,32.5,moving,,-1.0
237,bus,23,42.5,15.0,moving,,1.0
238,drone,0,10.714388194481423,25.833452893561663,direct_transport_to_pickup,209.3844718719117,
238,drone,1,28.0,18.0,idle,255.9509290058748,
238,bus,0,15.0,37.5,moving,,1.0
238,bus,1,27.5,60.0,moving,,-1.0
238,bus,2,37.5,15.0,moving,,1.0
238,bus,3,50.0,37.5,moving,,-1.0
238,bus,4,15.0,17.5,moving,,1.0
238,bus,5,47.5,60.0,moving,,-1.0
238,bus,6,17.5,15.0,moving,,1.0
238,bus,7,50.0,57.5,moving,,-1.0
238,bus,8,15.0,2.5,moving,,-1.0
238,bus,9,62.5,60.0,moving,,1.0
238,bus,10,2.5,15.0,moving,,-1.0
238,bus,11,50.0,72.5,moving,,1.0
238,bus,12,15.0,22.5,moving,,-1.0
238,bus,13,42.5,60.0,moving,,1.0
238,bus,14,22.5,15.0,moving,,-1.0
238,bus,15,50.0,52.5,moving,,1.0
238,bus,16,15.0,42.5,moving,,-1.0
238,bus,17,22.5,60.0,moving,,1.0
238,bus,18,42.5,15.0,moving,,-1.0
238,bus,19,50.0,32.5,moving,,1.0
238,bus,20,17.5,60.0,moving,,-1.0
238,bus,21,15.0,47.5,moving,,1.0
238,bus,22,50.0,27.5,moving,,-1.0
238,bus,23,47.5,15.0,moving,,1.0
239,drone,0,7.460431327201581,22.037169881735178,direct_transport_to_pickup,204.3844718719117,
239,drone,1,28.0,18.0,idle,255.9509290058748,
239,bus,0,15.0,40.0,at_station,,1.0
239,bus,1,25.0,60.0,at_station,,-1.0
239,bus,2,40.0,15.0,at_station,,1.0
239,bus,3,50.0,35.0,at_station,,-1.0
239,bus,4,15.0,20.0,at_station,,1.0
239,bus,5,45.0,60.0,at_station,,-1.0
239,bus,6,20.0,15.0,at_station,,1.0
239,bus,7,50.0,55.0,at_station,,-1.0
239,bus,8,15.0,0.0,at_station,,-1.0
239,bus,9,65.0,60.0,at_station,,1.0
239,bus,10,0.0,15.0,at_station,,-1.0
239,bus,11,50.0,75.0,at_station,,1.0
239,bus,12,15.0,20.0,at_station,,-1.0
239,bus,13,45.0,60.0,at_station,,1.0
239,bus,14,20.0,15.0,at_station,,-1.0
239,bus,15,50.0,55.0,at_station,,1.0
239,bus,16,15.0,40.0,at_station,,-1.0
239,bus,17,25.0,60.0,at_station,,1.0
239,bus,18,40.0,15.0,at_station,,-1.0
239,bus,19,50.0,35.0,at_station,,1.0
239,bus,20,15.0,60.0,at_station,,-1.0
239,bus,21,15.0,50.0,at_station,,1.0
239,bus,22,50.0,25.0,at_station,,-1.0
239,bus,23,50.0,15.0,at_station,,1.0
240,drone,0,4.206474459921738,18.240886869908696,direct_transport_to_pickup,199.3844718719117,
240,drone,1,28.0,18.0,idle,255.9509290058748,
240,bus,0,15.0,40.0,at_station,,1.0
240,bus,1,25.0,60.0,at_station,,-1.0
240,bus,2,40.0,15.0,at_station,,1.0
240,bus,3,50.0,35.0,at_station,,-1.0
240,bus,4,15.0,20.0,at_station,,1.0
240,bus,5,45.0,60.0,at_station,,-1.0
240,bus,6,20.0,15.0,at_station,,1.0
240,bus,7,50.0,55.0,at_station,,-1.0
240,bus,8,15.0,0.0,at_station,,-1.0
240,bus,9,65.0,60.0,at_station,,1.0
240,bus,10,0.0,15.0,at_station,,-1.0
240,bus,11,50.0,75.0,at_station,,1.0
240,bus,12,15.0,20.0,at_station,,-1.0
240,bus,13,45.0,60.0,at_station,,1.0
240,bus,14,20.0,15.0,at_station,,-1.0
240,bus,15,50.0,55.0,at_station,,1.0
240,bus,16,15.0,40.0,at_station,,-1.0
240,bus,17,25.0,60.0,at_station,,1.0
240,bus,18,40.0,15.0,at_station,,-1.0
240,bus,19,50.0,35.0,at_station,,1.0
240,bus,20,15.0,60.0,at_station,,-1.0
240,bus,21,15.0,50.0,at_station,,1.0
240,bus,22,50.0,25.0,at_station,,-1.0
240,bus,23,50.0,15.0,at_station,,1.0
241,drone,0,4.0,18.0,direct_transport_to_delivery,199.06720512815437,
241,drone,1,28.0,18.0,idle,255.9509290058748,
241,bus,0,15.0,40.0,at_station,,1.0
241,bus,1,25.0,60.0,at_station,,-1.0
241,bus,2,40.0,15.0,at_station,,1.0
241,bus,3,50.0,35.0,at_station,,-1.0
241,bus,4,15.0,20.0,at_station,,1.0
241,bus,5,45.0,60.0,at_station,,-1.0
241,bus,6,20.0,15.0,at_station,,1.0
241,bus,7,50.0,55.0,at_station,,-1.0
241,bus,8,15.0,0.0,at_station,,-1.0
241,bus,9,65.0,60.0,at_station,,1.0
241,bus,10,0.0,15.0,at_station,,-1.0
241,bus,11,50.0,75.0,at_station,,1.0
241,bus,12,15.0,20.0,at_station,,-1.0
241,bus,13,45.0,60.0,at_station,,1.0
241,bus,14,20.0,15.0,at_station,,-1.0
241,bus,15,50.0,55.0,at_station,,1.0
241,bus,16,15.0,40.0,at_station,,-1.0
241,bus,17,25.0,60.0,at_station,,1.0
241,bus,18,40.0,15.0,at_station,,-1.0
241,bus,19,50.0,35.0,at_station,,1.0
241,bus,20,15.0,60.0,at_station,,-1.0
241,bus,21,15.0,50.0,at_station,,1.0
241,bus,22,50.0,25.0,at_station,,-1.0
241,bus,23,50.0,15.0,at_station,,1.0
242,drone,0,4.497518595104995,22.975185951049944,direct_transport_to_delivery,194.06720512815437,
242,drone,1,28.0,18.0,idle,255.9509290058748,
242,bus,0,15.0,42.5,moving,,1.0
242,bus,1,22.5,60.0,moving,,-1.0
242,bus,2,42.5,15.0,moving,,1.0
242,bus,3,50.0,32.5,moving,,-1.0
242,bus,4,15.0,22.5,moving,,1.0
242,bus,5,42.5,60.0,moving,,-1.0
242,bus,6,22.5,15.0,moving,,1.0
242,bus,7,50.0,52.5,moving,,-1.0
242,bus,8,15.0,2.5,moving,,1.0
242,bus,9,62.5,60.0,moving,,-1.0
242,bus,10,2.5,15.0,moving,,1.0
242,bus,11,50.0,72.5,moving,,-1.0
242,bus,12,15.0,17.5,moving,,-1.0
242,bus,13,47.5,60.0,moving,,1.0
242,bus,14,17.5,15.0,moving,,-1.0
242,bus,15,50.0,57.5,moving,,1.0
242,bus,16,15.0,37.5,moving,,-1.0
242,bus,17,27.5,60.0,moving,,1.0
242,bus,18,37.5,15.0,moving,,-1.0
242,bus,19,50.0,37.5,moving,,1.0
242,bus,20,15.0,57.5,moving,,-1.0
242,bus,21,15.0,52.5,moving,,1.0
242,bus,22,50.0,22.5,moving,,-1.0
242,bus,23,50.0,17.5,moving,,1.0
243,drone,0,4.995037190209989,27.95037190209989,direct_transport_to_delivery,189.06720512815437,
243,drone,1,28.0,18.0,idle,255.9509290058748,
243,bus,0,15.0,47.5,moving,,1.0
243,bus,1,17.5,60.0,moving,,-1.0
243,bus,2,47.5,15.0,moving,,1.0
243,bus,3,50.0,27.5,moving,,-1.0
243,bus,4,15.0,27.5,moving,,1.0
243,bus,5,37.5,60.0,moving,,-1.0
243,bus,6,27.5,15.0,moving,,1.0
243,bus,7,50.0,47.5,moving,,-1.0
243,bus,8,15.0,7.5,moving,,1.0
243,bus,9,57.5,60.0,moving,,-1.0
243,bus,10,7.5,15.0,moving,,1.0
243,bus,11,50.0,67.5,moving,,-1.0
243,bus,12,15.0,12.5,moving,,-1.0
243,bus,13,52.5,60.0,moving,,1.0
243,bus,14,12.5,15.0,moving,,-1.0
243,bus,15,50.0,62.5,moving,,1.0
243,bus,16,15.0,32.5,moving,,-1.0
243,bus,17,32.5,60.0,moving,,1.0
243,bus,18,32.5,15.0,moving,,-1.0
243,bus,19,50.0,42.5,moving,,1.0
243,bus,20,15.0,52.5,moving,,-1.0
243,bus,21,15.0,57.5,moving,,1.0
243,bus,22,50.0,17.5,moving,,-1.0
243,bus,23,50.0,22.5,moving,,1.0
244,drone,0,5.492555785314984,32.92555785314983,direct_transport_to_delivery,184.06720512815437,
244,drone,1,28.0,18.0,idle,255.9509290058748,
244,bus,0,15.0,50.0,at_station,,1.0
244,bus,1,15.0,60.0,at_station,,-1.0
244,bus,2,50.0,15.0,at_station,,1.0
244,bus,3,50.0,25.0,at_station,,-1.0
244,bus,4,15.0,30.0,at_station,,1.0
244,bus,5,35.0,60.0,at_station,,-1.0
244,bus,6,30.0,15.0,at_station,,1.0
244,bus,7,50.0,45.0,at_station,,-1.0
244,bus,8,15.0,10.0,at_station,,1.0
244,bus,9,55.0,60.0,at_station,,-1.0
244,bus,10,10.0,15.0,at_station,,1.0
244,bus,11,50.0,65.0,at_station,,-1.0
244,bus,12,15.0,10.0,at_station,,-1.0
244,bus,13,55.0,60.0,at_station,,1.0
244,bus,14,10.0,15.0,at_station,,-1.0
244,bus,15,50.0,65.0,at_station,,1.0
244,bus,16,15.0,30.0,at_station,,-1.0
244,bus,17,35.0,60.0,at_station,,1.0
244,bus,18,30.0,15.0,at_station,,-1.0
244,bus,19,50.0,45.0,at_station,,1.0
244,bus,20,15.0,50.0,at_station,,-1.0
244,bus,21,15.0,60.0,at_station,,1.0
244,bus,22,50.0,15.0,at_station,,-1.0
244,bus,23,50.0,25.0,at_station,,1.0
245,drone,0,5.990074380419978,37.90074380419978,direct_transport_to_delivery,179.06720512815437,
245,drone,1,28.0,18.0,idle,255.9509290058748,
245,bus,0,15.0,50.0,at_station,,1.0
245,bus,1,15.0,60.0,at_station,,-1.0
245,bus,2,50.0,15.0,at_station,,1.0
245,bus,3,50.0,25.0,at_station,,-1.0
245,bus,4,15.0,30.0,at_station,,1.0
245,bus,5,35.0,60.0,at_station,,-1.0
245,bus,6,30.0,15.0,at_station,,1.0
245,bus,7,50.0,45.0,at_station,,-1.0
245,bus,8,15.0,10.0,at_station,,1.0
245,bus,9,55.0,60.0,at_station,,-1.0
245,bus,10,10.0,15.0,at_station,,1.0
245,bus,11,50.0,65.0,at_station,,-1.0
245,bus,12,15.0,10.0,at_station,,-1.0
245,bus,13,55.0,60.0,at_station,,1.0
245,bus,14,10.0,15.0,at_station,,-1.0
245,bus,15,50.0,65.0,at_station,,1.0
245,bus,16,15.0,30.0,at_station,,-1.0
245,bus,17,35.0,60.0,at_station,,1.0
245,bus,18,30.0,15.0,at_station,,-1.0
245,bus,19,50.0,45.0,at_station,,1.0
245,bus,20,15.0,50.0,at_station,,-1.0
245,bus,21,15.0,60.0,at_station,,1.0
245,bus,22,50.0,15.0,at_station,,-1.0
245,bus,23,50.0,25.0,at_station,,1.0
246,drone,0,6.0,38.0,idle,178.9674538859126,
246,drone,1,30.773500981126148,13.839748528310782,moving_to_pickup,250.9509290058748,
246,bus,0,15.0,50.0,at_station,,1.0
246,bus,1,15.0,60.0,at_station,,-1.0
246,bus,2,50.0,15.0,at_station,,1.0
246,bus,3,50.0,25.0,at_station,,-1.0
246,bus,4,15.0,30.0,at_station,,1.0
246,bus,5,35.0,60.0,at_station,,-1.0
246,bus,6,30.0,15.0,at_station,,1.0
246,bus,7,50.0,45.0,at_station,,-1.0
246,bus,8,15.0,10.0,at_station,,1.0
246,bus,9,55.0,60.0,at_station,,-1.0
246,bus,10,10.0,15.0,at_station,,1.0
246,bus,11,50.0,65.0,at_station,,-1.0
246,bus,12,15.0,10.0,at_station,,-1.0
246,bus,13,55.0,60.0,at_station,,1.0
246,bus,14,10.0,15.0,at_station,,-1.0
246,bus,15,50.0,65.0,at_station,,1.0
246,bus,16,15.0,30.0,at_station,,-1.0
246,bus,17,35.0,60.0,at_station,,1.0
246,bus,18,30.0,15.0,at_station,,-1.0
246,bus,19,50.0,45.0,at_station,,1.0
246,bus,20,15.0,50.0,at_station,,-1.0
246,bus,21,15.0,60.0,at_station,,1.0
246,bus,22,50.0,15.0,at_station,,-1.0
246,bus,23,50.0,25.0,at_station,,1.0
247,drone,0,10.261613643243328,40.61508109926295,moving_to_bus_station_for_delivery,173.9674538859126,
247,drone,1,32.0,12.0,moving_to_bus_station_finish_pickup,248.7398264549468,
247,bus,0,15.0,52.5,moving,,1.0
247,bus,1,15.0,57.5,moving,,-1.0
247,bus,2,50.0,17.5,moving,,1.0
247,bus,3,50.0,22.5,moving,,-1.0
247,bus,4,15.0,32.5,moving,,1.0
247,bus,5,32.5,60.0,moving,,-1.0
247,bus,6,32.5,15.0,moving,,1.0
247,bus,7,50.0,42.5,moving,,-1.0
247,bus,8,15.0,12.5,moving,,1.0
247,bus,9,52.5,60.0,moving,,-1.0
247,bus,10,12.5,15.0,moving,,1.0
247,bus,11,50.0,62.5,moving,,-1.0
247,bus,12,15.0,7.5,moving,,-1.0
247,bus,13,57.5,60.0,moving,,1.0
247,bus,14,7.5,15.0,moving,,-1.0
247,bus,15,50.0,67.5,moving,,1.0
247,bus,16,15.0,27.5,moving,,-1.0
247,bus,17,37.5,60.0,moving,,1.0
247,bus,18,27.5,15.0,moving,,-1.0
247,bus,19,50.0,47.5,moving,,1.0
247,bus,20,15.0,47.5,moving,,-1.0
247,bus,21,17.5,60.0,moving,,1.0
247,bus,22,47.5,15.0,moving,,-1.0
247,bus,23,50.0,27.5,moving,,1.0
248,drone,0,14.523227286486655,43.2301621985259,moving_to_bus_station_for_delivery,168.9674538859126,
248,drone,1,30.0,15.0,waiting_at_bus_station_for_pickup_bus,245.1342751794828,
248,bus,0,15.0,57.5,moving,,1.0
248,bus,1,15.0,52.5,moving,,-1.0
248,bus,2,50.0,22.5,moving,,1.0
248,bus,3,50.0,17.5,moving,,-1.0
248,bus,4,15.0,37.5,moving,,1.0
248,bus,5,27.5,60.0,moving,,-1.0
248,bus,6,37.5,15.0,moving,,1.0
248,bus,7,50.0,37.5,moving,,-1.0
248,bus,8,15.0,17.5,moving,,1.0
248,bus,9,47.5,60.0,moving,,-1.0
248,bus,10,17.5,15.0,moving,,1.0
248,bus,11,50.0,57.5,moving,,-1.0
248,bus,12,15.0,2.5,moving,,-1.0
248,bus,13,62.5,60.0,moving,,1.0
248,bus,14,2.5,15.0,moving,,-1.0
248,bus,15,50.0,72.5,moving,,1.0
248,bus,16,15.0,22.5,moving,,-1.0
248,bus,17,42.5,60.0,moving,,1.0
248,bus,18,22.5,15.0,moving,,-1.0
248,bus,19,50.0,52.5,moving,,1.0
248,bus,20,15.0,42.5,moving,,-1.0
248,bus,21,22.5,60.0,moving,,1.0
248,bus,22,42.5,15.0,moving,,-1.0
248,bus,23,50.0,32.5,moving,,1.0
249,drone,0,18.784840929729985,45.845243297788855,moving_to_bus_station_for_delivery,163.9674538859126,
249,drone,1,30.0,15.0,waiting_at_bus_station_for_pickup_bus,245.1342751794828,
249,bus,0,15.0,60.0,at_station,,1.0
249,bus,1,15.0,50.0,at_station,,-1.0
249,bus,2,50.0,25.0,at_station,,1.0
249,bus,3,50.0,15.0,at_station,,-1.0
249,bus,4,15.0,40.0,at_station,,1.0
249,bus,5,25.0,60.0,at_station,,-1.0
249,bus,6,40.0,15.0,at_station,,1.0
249,bus,7,50.0,35.0,at_station,,-1.0
249,bus,8,15.0,20.0,at_station,,1.0
249,bus,9,45.0,60.0,at_station,,-1.0
249,bus,10,20.0,15.0,at_station,,1.0
249,bus,11,50.0,55.0,at_station,,-1.0
249,bus,12,15.0,0.0,at_station,,-1.0
249,bus,13,65.0,60.0,at_station,,1.0
249,bus,14,0.0,15.0,at_station,,-1.0
249,bus,15,50.0,75.0,at_station,,1.0
249,bus,16,15.0,20.0,at_station,,-1.0
249,bus,17,45.0,60.0,at_station,,1.0
249,bus,18,20.0,15.0,at_station,,-1.0
249,bus,19,50.0,55.0,at_station,,1.0
249,bus,20,15.0,40.0,at_station,,-1.0
249,bus,21,25.0,60.0,at_station,,1.0
249,bus,22,40.0,15.0,at_station,,-1.0
249,bus,23,50.0,35.0,at_station,,1.0
250,drone,0,23.04645457297331,48.46032439705181,moving_to_bus_station_for_delivery,158.9674538859126,
250,drone,1,30.0,15.0,waiting_at_bus_station_for_pickup_bus,245.1342751794828,
250,bus,0,15.0,60.0,at_station,,1.0
250,bus,1,15.0,50.0,at_station,,-1.0
250,bus,2,50.0,25.0,at_station,,1.0
250,bus,3,50.0,15.0,at_station,,-1.0
250,bus,4,15.0,40.0,at_station,,1.0
250,bus,5,25.0,60.0,at_station,,-1.0
250,bus,6,40.0,15.0,at_station,,1.0
250,bus,7,50.0,35.0,at_station,,-1.0
250,bus,8,15.0,20.0,at_station,,1.0
250,bus,9,45.0,60.0,at_station,,-1.0
250,bus,10,20.0,15.0,at_station,,1.0
250,bus,11,50.0,55.0,at_station,,-1.0
250,bus,12,15.0,0.0,at_station,,-1.0
250,bus,13,65.0,60.0,at_station,,1.0
250,bus,14,0.0,15.0,at_station,,-1.0
250,bus,15,50.0,75.0,at_station,,1.0
250,bus,16,15.0,20.0,at_station,,-1.0
250,bus,17,45.0,60.0,at_station,,1.0
250,bus,18,20.0,15.0,at_station,,-1.0
250,bus,19,50.0,55.0,at_station,,1.0
250,bus,20,15.0,40.0,at_station,,-1.0
250,bus,21,25.0,60.0,at_station,,1.0
250,bus,22,40.0,15.0,at_station,,-1.0
250,bus,23,50.0,35.0,at_station,,1.0
251,drone,0,27.30806821621664,51.07540549631476,moving_to_bus_station_for_delivery,153.9674538859126,
251,drone,1,30.0,15.0,waiting_at_bus_station_for_pickup_bus,245.1342751794828,
251,bus,0,15.0,60.0,at_station,,1.0
251,bus,1,15.0,50.0,at_station,,-1.0
251,bus,2,50.0,25.0,at_station,,1.0
251,bus,3,50.0,15.0,at_station,,-1.0
251,bus,4,15.0,40.0,at_station,,1.0
251,bus,5,25.0,60.0,at_station,,-1.0
251,bus,6,40.0,15.0,at_station,,1.0
251,bus,7,50.0,35.0,at_station,,-1.0
251,bus,8,15.0,20.0,at_station,,1.0
251,bus,9,45.0,60.0,at_station,,-1.0
251,bus,10,20.0,15.0,at_station,,1.0
251,bus,11,50.0,55.0,at_station,,-1.0
251,bus,12,15.0,0.0,at_station,,-1.0
251,bus,13,65.0,60.0,at_station,,1.0
251,bus,14,0.0,15.0,at_station,,-1.0
251,bus,15,50.0,75.0,at_station,,1.0
251,bus,16,15.0,20.0,at_station,,-1.0
251,bus,17,45.0,60.0,at_station,,1.0
251,bus,18,20.0,15.0,at_station,,-1.0
251,bus,19,50.0,55.0,at_station,,1.0
251,bus,20,15.0,40.0,at_station,,-1.0
251,bus,21,25.0,60.0,at_station,,1.0
251,bus,22,40.0,15.0,at_station,,-1.0
251,bus,23,50.0,35.0,at_station,,1.0
252,drone,0,31.56968185945997,53.69048659557771,moving_to_bus_station_for_delivery,148.9674538859126,
252,drone,1,30.0,15.0,waiting_at_bus_station_for_pickup_bus,245.1342751794828,
252,bus,0,17.5,60.0,moving,,1.0
252,bus,1,15.0,47.5,moving,,-1.0
252,bus,2,50.0,27.5,moving,,1.0
252,bus,3,47.5,15.0,moving,,-1.0
252,bus,4,15.0,42.5,moving,,1.0
252,bus,5,22.5,60.0,moving,,-1.0
252,bus,6,42.5,15.0,moving,,1.0
252,bus,7,50.0,32.5,moving,,-1.0
252,bus,8,15.0,22.5,moving,,1.0
252,bus,9,42.5,60.0,moving,,-1.0
252,bus,10,22.5,15.0,moving,,1.0
252,bus,11,50.0,52.5,moving,,-1.0
252,bus,12,15.0,2.5,moving,,1.0
252,bus,13,62.5,60.0,moving,,-1.0
252,bus,14,2.5,15.0,moving,,1.0
252,bus,15,50.0,72.5,moving,,-1.0
252,bus,16,15.0,17.5,moving,,-1.0
252,bus,17,47.5,60.0,moving,,1.0
252,bus,18,17.5,15.0,moving,,-1.0
252,bus,19,50.0,57.5,moving,,1.0
252,bus,20,15.0,37.5,moving,,-1.0
252,bus,21,27.5,60.0,moving,,1.0
252,bus,22,37.5,15.0,moving,,-1.0
252,bus,23,50.0,37.5,moving,,1.0
253,drone,0,35.8312955027033,56.30556769484066,moving_to_bus_station_for_delivery,143.9674538859126,
253,drone,1,30.0,15.0,waiting_at_bus_station_for_pickup_bus,245.1342751794828,
253,bus,0,22.5,60.0,moving,,1.0
253,bus,1,15.0,42.5,moving,,-1.0
253,bus,2,50.0,32.5,moving,,1.0
253,bus,3,42.5,15.0,moving,,-1.0
253,bus,4,15.0,47.5,moving,,1.0
253,bus,5,17.5,60.0,moving,,-1.0
253,bus,6,47.5,15.0,moving,,1.0
253,bus,7,50.0,27.5,moving,,-1.0
253,bus,8,15.0,27.5,moving,,1.0
253,bus,9,37.5,60.0,moving,,-1.0
253,bus,10,27.5,15.0,moving,,1.0
253,bus,11,50.0,47.5,moving,,-1.0
253,bus,12,15.0,7.5,moving,,1.0
253,bus,13,57.5,60.0,moving,,-1.0
253,bus,14,7.5,15.0,moving,,1.0
253,bus,15,50.0,67.5,moving,,-1.0
253,bus,16,15.0,12.5,moving,,-1.0
253,bus,17,52.5,60.0,moving,,1.0
253,bus,18,12.5,15.0,moving,,-1.0
253,bus,19,50.0,62.5,moving,,1.0
253,bus,20,15.0,32.5,moving,,-1.0
253,bus,21,32.5,60.0,moving,,1.0
253,bus,22,32.5,15.0,moving,,-1.0
253,bus,23,50.0,42.5,moving,,1.0
254,drone,0,40.09290914594663,58.92064879410361,moving_to_bus_station_for_delivery,138.9674538859126,
254,drone,1,30.0,15.0,waiting_at_bus_station_for_pickup_bus,245.1342751794828,
254,bus,0,25.0,60.0,at_station,,1.0
254,bus,1,15.0,40.0,at_station,,-1.0
254,bus,2,50.0,35.0,at_station,,1.0
254,bus,3,40.0,15.0,at_station,,-1.0
254,bus,4,15.0,50.0,at_station,,1.0
254,bus,5,15.0,60.0,at_station,,-1.0
254,bus,6,50.0,15.0,at_station,,1.0
254,bus,7,50.0,25.0,at_station,,-1.0
254,bus,8,15.0,30.0,at_station,,1.0
254,bus,9,35.0,60.0,at_station,,-1.0
254,bus,10,30.0,15.0,at_station,,1.0
254,bus,11,50.0,45.0,at_station,,-1.0
254,bus,12,15.0,10.0,at_station,,1.0
254,bus,13,55.0,60.0,at_station,,-1.0
254,bus,14,10.0,15.0,at_station,,1.0
254,bus,15,50.0,65.0,at_station,,-1.0
254,bus,16,15.0,10.0,at_station,,-1.0
254,bus,17,55.0,60.0,at_station,,1.0
254,bus,18,10.0,15.0,at_station,,-1.0
254,bus,19,50.0,65.0,at_station,,1.0
254,bus,20,15.0,30.0,at_station,,-1.0
254,bus,21,35.0,60.0,at_station,,1.0
254,bus,22,30.0,15.0,at_station,,-1.0
254,bus,23,50.0,45.0,at_station,,1.0
255,drone,0,44.35452278918996,61.535729893366565,moving_to_bus_station_for_delivery,133.9674538859126,
255,drone,1,30.0,15.0,idle,245.1342751794828,
255,bus,0,25.0,60.0,at_station,,1.0
255,bus,1,15.0,40.0,at_station,,-1.0
255,bus,2,50.0,35.0,at_station,,1.0
255,bus,3,40.0,15.0,at_station,,-1.0
255,bus,4,15.0,50.0,at_station,,1.0
255,bus,5,15.0,60.0,at_station,,-1.0
255,bus,6,50.0,15.0,at_station,,1.0
255,bus,7,50.0,25.0,at_station,,-1.0
255,bus,8,15.0,30.0,at_station,,1.0
255,bus,9,35.0,60.0,at_station,,-1.0
255,bus,10,30.0,15.0,at_station,,1.0
255,bus,11,50.0,45.0,at_station,,-1.0
255,bus,12,15.0,10.0,at_station,,1.0
255,bus,13,55.0,60.0,at_station,,-1.0
255,bus,14,10.0,15.0,at_station,,1.0
255,bus,15,50.0,65.0,at_station,,-1.0
255,bus,16,15.0,10.0,at_station,,-1.0
255,bus,17,55.0,60.0,at_station,,1.0
255,bus,18,10.0,15.0,at_station,,-1.0
255,bus,19,50.0,65.0,at_station,,1.0
255,bus,20,15.0,30.0,at_station,,-1.0
255,bus,21,35.0,60.0,at_station,,1.0
255,bus,22,30.0,15.0,at_station,,-1.0
255,bus,23,50.0,45.0,at_station,,1.0
256,drone,0,48.61613643243329,64.15081099262952,moving_to_bus_station_for_delivery,128.9674538859126,
256,drone,1,30.0,15.0,idle,245.1342751794828,
256,bus,0,25.0,60.0,at_station,,1.0
256,bus,1,15.0,40.0,at_station,,-1.0
256,bus,2,50.0,35.0,at_station,,1.0
256,bus,3,40.0,15.0,at_station,,-1.0
256,bus,4,15.0,50.0,at_station,,1.0
256,bus,5,15.0,60.0,at_station,,-1.0
256,bus,6,50.0,15.0,at_station,,1.0
256,bus,7,50.0,25.0,at_station,,-1.0
256,bus,8,15.0,30.0,at_station,,1.0
256,bus,9,35.0,60.0,at_station,,-1.0
256,bus,10,30.0,15.0,at_station,,1.0
256,bus,11,50.0,45.0,at_station,,-1.0
256,bus,12,15.0,10.0,at_station,,1.0
256,bus,13,55.0,60.0,at_station,,-1.0
256,bus,14,10.0,15.0,at_station,,1.0
256,bus,15,50.0,65.0,at_station,,-1.0
256,bus,16,15.0,10.0,at_station,,-1.0
256,bus,17,55.0,60.0,at_station,,1.0
256,bus,18,10.0,15.0,at_station,,-1.0
256,bus,19,50.0,65.0,at_station,,1.0
256,bus,20,15.0,30.0,at_station,,-1.0
256,bus,21,35.0,60.0,at_station,,1.0
256,bus,22,30.0,15.0,at_station,,-1.0
256,bus,23,50.0,45.0,at_station,,1.0
257,drone,0,50.0,65.0,waiting_at_bus_station_for_delivery,127.34381588935136,
257,drone,1,30.0,15.0,idle,245.1342751794828,
257,bus,0,27.5,60.0,moving,,1.0
257,bus,1,15.0,37.5,moving,,-1.0
257,bus,2,50.0,37.5,moving,,1.0
257,bus,3,37.5,15.0,moving,,-1.0
257,bus,4,15.0,52.5,moving,,1.0
257,bus,5,15.0,57.5,moving,,-1.0
257,bus,6,50.0,17.5,moving,,1.0
257,bus,7,50.0,22.5,moving,,-1.0
257,bus,8,15.0,32.5,moving,,1.0
257,bus,9,32.5,60.0,moving,,-1.0
257,bus,10,32.5,15.0,moving,,1.0
257,bus,11,50.0,42.5,moving,,-1.0
257,bus,12,15.0,12.5,moving,,1.0
257,bus,13,52.5,60.0,moving,,-1.0
257,bus,14,12.5,15.0,moving,,1.0
257,bus,15,50.0,62.5,moving,,-1.0
257,bus,16,15.0,7.5,moving,,-1.0
257,bus,17,57.5,60.0,moving,,1.0
257,bus,18,7.5,15.0,moving,,-1.0
257,bus,19,50.0,67.5,moving,,1.0
257,bus,20,15.0,27.5,moving,,-1.0
257,bus,21,37.5,60.0,moving,,1.0
257,bus,22,27.5,15.0,moving,,-1.0
257,bus,23,50.0,47.5,moving,,1.0
258,drone,0,50.0,65.0,waiting_at_bus_station_for_delivery,127.34381588935136,
258,drone,1,30.0,15.0,idle,245.1342751794828,
258,bus,0,32.5,60.0,moving,,1.0
258,bus,1,15.0,32.5,moving,,-1.0
258,bus,2,50.0,42.5,moving,,1.0
258,bus,3,32.5,15.0,moving,,-1.0
258,bus,4,15.0,57.5,moving,,1.0
258,bus,5,15.0,52.5,moving,,-1.0
258,bus,6,50.0,22.5,moving,,1.0
258,bus,7,50.0,17.5,moving,,-1.0
258,bus,8,15.0,37.5,moving,,1.0
258,bus,9,27.5,60.0,moving,,-1.0
258,bus,10,37.5,15.0,moving,,1.0
258,bus,11,50.0,37.5,moving,,-1.0
258,bus,12,15.0,17.5,moving,,1.0
258,bus,13,47.5,60.0,moving,,-1.0
258,bus,14,17.5,15.0,moving,,1.0
258,bus,15,50.0,57.5,moving,,-1.0
258,bus,16,15.0,2.5,moving,,-1.0
258,bus,17,62.5,60.0,moving,,1.0
258,bus,18,2.5,15.0,moving,,-1.0
258,bus,19,50.0,72.5,moving,,1.0
258,bus,20,15.0,22.5,moving,,-1.0
258,bus,21,42.5,60.0,moving,,1.0
258,bus,22,22.5,15.0,moving,,-1.0
258,bus,23,50.0,52.5,moving,,1.0
259,drone,0,50.0,65.0,waiting_at_bus_station_for_delivery,127.34381588935136,
259,drone,1,30.0,15.0,idle,245.1342751794828,
259,bus,0,35.0,60.0,at_station,,1.0
259,bus,1,15.0,30.0,at_station,,-1.0
259,bus,2,50.0,45.0,at_station,,1.0
259,bus,3,30.0,15.0,at_station,,-1.0
259,bus,4,15.0,60.0,at_station,,1.0
259,bus,5,15.0,50.0,at_station,,-1.0
259,bus,6,50.0,25.0,at_station,,1.0
259,bus,7,50.0,15.0,at_station,,-1.0
259,bus,8,15.0,40.0,at_station,,1.0
259,bus,9,25.0,60.0,at_station,,-1.0
259,bus,10,40.0,15.0,at_station,,1.0
259,bus,11,50.0,35.0,at_station,,-1.0
259,bus,12,15.0,20.0,at_station,,1.0
259,bus,13,45.0,60.0,at_station,,-1.0
259,bus,14,20.0,15.0,at_station,,1.0
259,bus,15,50.0,55.0,at_station,,-1.0
259,bus,16,15.0,0.0,at_station,,-1.0
259,bus,17,65.0,60.0,at_station,,1.0
259,bus,18,0.0,15.0,at_station,,-1.0
259,bus,19,50.0,75.0,at_station,,1.0
259,bus,20,15.0,20.0,at_station,,-1.0
259,bus,21,45.0,60.0,at_station,,1.0
259,bus,22,20.0,15.0,at_station,,-1.0
259,bus,23,50.0,55.0,at_station,,1.0
260,drone,0,50.0,65.0,waiting_at_bus_station_for_delivery,127.34381588935136,
260,drone,1,30.0,15.0,idle,245.1342751794828,
260,bus,0,35.0,60.0,at_station,,1.0
260,bus,1,15.0,30.0,at_station,,-1.0
260,bus,2,50.0,45.0,at_station,,1.0
260,bus,3,30.0,15.0,at_station,,-1.0
260,bus,4,15.0,60.0,at_station,,1.0
260,bus,5,15.0,50.0,at_station,,-1.0
260,bus,6,50.0,25.0,at_station,,1.0
260,bus,7,50.0,15.0,at_station,,-1.0
260,bus,8,15.0,40.0,at_station,,1.0
260,bus,9,25.0,60.0,at_station,,-1.0
260,bus,10,40.0,15.0,at_station,,1.0
260,bus,11,50.0,35.0,at_station,,-1.0
260,bus,12,15.0,20.0,at_station,,1.0
260,bus,13,45.0,60.0,at_station,,-1.0
260,bus,14,20.0,15.0,at_station,,1.0
260,bus,15,50.0,55.0,at_station,,-1.0
260,bus,16,15.0,0.0,at_station,,-1.0
260,bus,17,65.0,60.0,at_station,,1.0
260,bus,18,0.0,15.0,at_station,,-1.0
260,bus,19,50.0,75.0,at_station,,1.0
260,bus,20,15.0,20.0,at_station,,-1.0
260,bus,21,45.0,60.0,at_station,,1.0
260,bus,22,20.0,15.0,at_station,,-1.0
260,bus,23,50.0,55.0,at_station,,1.0
261,drone,0,50.0,65.0,waiting_at_bus_station_for_delivery,127.34381588935136,
261,drone,1,30.0,15.0,idle,245.1342751794828,
261,bus,0,35.0,60.0,at_station,,1.0
261,bus,1,15.0,30.0,at_station,,-1.0
261,bus,2,50.0,45.0,at_station,,1.0
261,bus,3,30.0,15.0,at_station,,-1.0
261,bus,4,15.0,60.0,at_station,,1.0
261,bus,5,15.0,50.0,at_station,,-1.0
261,bus,6,50.0,25.0,at_station,,1.0
261,bus,7,50.0,15.0,at_station,,-1.0
261,bus,8,15.0,40.0,at_station,,1.0
261,bus,9,25.0,60.0,at_station,,-1.0
261,bus,10,40.0,15.0,at_station,,1.0
261,bus,11,50.0,35.0,at_station,,-1.0
261,bus,12,15.0,20.0,at_station,,1.0
261,bus,13,45.0,60.0,at_station,,-1.0
261,bus,14,20.0,15.0,at_station,,1.0
261,bus,15,50.0,55.0,at_station,,-1.0
261,bus,16,15.0,0.0,at_station,,-1.0
261,bus,17,65.0,60.0,at_station,,1.0
261,bus,18,0.0,15.0,at_station,,-1.0
261,bus,19,50.0,75.0,at_station,,1.0
261,bus,20,15.0,20.0,at_station,,-1.0
261,bus,21,45.0,60.0,at_station,,1.0
261,bus,22,20.0,15.0,at_station,,-1.0
261,bus,23,50.0,55.0,at_station,,1.0
262,drone,0,50.0,65.0,waiting_at_bus_station_for_delivery,127.34381588935136,
262,drone,1,30.0,15.0,idle,245.1342751794828,
262,bus,0,37.5,60.0,moving,,1.0
262,bus,1,15.0,27.5,moving,,-1.0
262,bus,2,50.0,47.5,moving,,1.0
262,bus,3,27.5,15.0,moving,,-1.0
262,bus,4,17.5,60.0,moving,,1.0
262,bus,5,15.0,47.5,moving,,-1.0
262,bus,6,50.0,27.5,moving,,1.0
262,bus,7,47.5,15.0,moving,,-1.0
262,bus,8,15.0,42.5,moving,,1.0
262,bus,9,22.5,60.0,moving,,-1.0
262,bus,10,42.5,15.0,moving,,1.0
262,bus,11,50.0,32.5,moving,,-1.0
262,bus,12,15.0,22.5,moving,,1.0
262,bus,13,42.5,60.0,moving,,-1.0
262,bus,14,22.5,15.0,moving,,1.0
262,bus,15,50.0,52.5,moving,,-1.0
262,bus,16,15.0,2.5,moving,,1.0
262,bus,17,62.5,60.0,moving,,-1.0
262,bus,18,2.5,15.0,moving,,1.0
262,bus,19,50.0,72.5,moving,,-1.0
262,bus,20,15.0,17.5,moving,,-1.0
262,bus,21,47.5,60.0,moving,,1.0
262,bus,22,17.5,15.0,moving,,-1.0
262,bus,23,50.0,57.5,moving,,1.0
263,drone,0,50.0,65.0,waiting_at_bus_station_for_delivery,127.34381588935136,
263,drone,1,30.0,15.0,idle,245.1342751794828,
263,bus,0,42.5,60.0,moving,,1.0
263,bus,1,15.0,22.5,moving,,-1.0
263,bus,2,50.0,52.5,moving,,1.0
263,bus,3,22.5,15.0,moving,,-1.0
263,bus,4,22.5,60.0,moving,,1.0
263,bus,5,15.0,42.5,moving,,-1.0
263,bus,6,50.0,32.5,moving,,1.0
263,bus,7,42.5,15.0,moving,,-1.0
263,bus,8,15.0,47.5,moving,,1.0
263,bus,9,17.5,60.0,moving,,-1.0
263,bus,10,47.5,15.0,moving,,1.0
263,bus,11,50.0,27.5,moving,,-1.0
263,bus,12,15.0,27.5,moving,,1.0
263,bus,13,37.5,60.0,moving,,-1.0
263,bus,14,27.5,15.0,moving,,1.0
263,bus,15,50.0,47.5,moving,,-1.0
263,bus,16,15.0,7.5,moving,,1.0
263,bus,17,57.5,60.0,moving,,-1.0
263,bus,18,7.5,15.0,moving,,1.0
263,bus,19,50.0,67.5,moving,,-1.0
263,bus,20,15.0,12.5,moving,,-1.0
263,bus,21,52.5,60.0,moving,,1.0
263,bus,22,12.5,15.0,moving,,-1.0
263,bus,23,50.0,62.5,moving,,1.0
264,drone,0,50.0,65.0,waiting_at_bus_station_for_delivery,127.34381588935136,
264,drone,1,30.0,15.0,idle,245.1342751794828,
264,bus,0,45.0,60.0,at_station,,1.0
264,bus,1,15.0,20.0,at_station,,-1.0
264,bus,2,50.0,55.0,at_station,,1.0
264,bus,3,20.0,15.0,at_station,,-1.0
264,bus,4,25.0,60.0,at_station,,1.0
264,bus,5,15.0,40.0,at_station,,-1.0
264,bus,6,50.0,35.0,at_station,,1.0
264,bus,7,40.0,15.0,at_station,,-1.0
264,bus,8,15.0,50.0,at_station,,1.0
264,bus,9,15.0,60.0,at_station,,-1.0
264,bus,10,50.0,15.0,at_station,,1.0
264,bus,11,50.0,25.0,at_station,,-1.0
264,bus,12,15.0,30.0,at_station,,1.0
264,bus,13,35.0,60.0,at_station,,-1.0
264,bus,14,30.0,15.0,at_station,,1.0
264,bus,15,50.0,45.0,at_station,,-1.0
264,bus,16,15.0,10.0,at_station,,1.0
264,bus,17,55.0,60.0,at_station,,-1.0
264,bus,18,10.0,15.0,at_station,,1.0
264,bus,19,50.0,65.0,at_station,,-1.0
264,bus,20,15.0,10.0,at_station,,-1.0
264,bus,21,55.0,60.0,at_station,,1.0
264,bus,22,10.0,15.0,at_station,,-1.0
264,bus,23,50.0,65.0,at_station,,1.0
265,drone,0,50.0,65.0,waiting_at_bus_station_for_delivery,127.34381588935136,
265,drone,1,33.29252303934259,18.762883473534387,direct_transport_to_pickup,240.1342751794828,
265,bus,0,45.0,60.0,at_station,,1.0
265,bus,1,15.0,20.0,at_station,,-1.0
265,bus,2,50.0,55.0,at_station,,1.0
265,bus,3,20.0,15.0,at_station,,-1.0
265,bus,4,25.0,60.0,at_station,,1.0
265,bus,5,15.0,40.0,at_station,,-1.0
265,bus,6,50.0,35.0,at_station,,1.0
265,bus,7,40.0,15.0,at_station,,-1.0
265,bus,8,15.0,50.0,at_station,,1.0
265,bus,9,15.0,60.0,at_station,,-1.0
265,bus,10,50.0,15.0,at_station,,1.0
265,bus,11,50.0,25.0,at_station,,-1.0
265,bus,12,15.0,30.0,at_station,,1.0
265,bus,13,35.0,60.0,at_station,,-1.0
265,bus,14,30.0,15.0,at_station,,1.0
265,bus,15,50.0,45.0,at_station,,-1.0
265,bus,16,15.0,10.0,at_station,,1.0
265,bus,17,55.0,60.0,at_station,,-1.0
265,bus,18,10.0,15.0,at_station,,1.0
265,bus,19,50.0,65.0,at_station,,-1.0
265,bus,20,15.0,10.0,at_station,,-1.0
265,bus,21,55.0,60.0,at_station,,1.0
265,bus,22,10.0,15.0,at_station,,-1.0
265,bus,23,50.0,65.0,at_station,,1.0
266,drone,0,50.0,65.0,waiting_at_bus_station_for_delivery,127.34381588935136,
266,drone,1,36.58504607868518,22.525766947068778,direct_transport_to_pickup,235.1342751794828,
266,bus,0,45.0,60.0,at_station,,1.0
266,bus,1,15.0,20.0,at_station,,-1.0
266,bus,2,50.0,55.0,at_station,,1.0
266,bus,3,20.0,15.0,at_station,,-1.0
266,bus,4,25.0,60.0,at_station,,1.0
266,bus,5,15.0,40.0,at_station,,-1.0
266,bus,6,50.0,35.0,at_station,,1.0
266,bus,7,40.0,15.0,at_station,,-1.0
266,bus,8,15.0,50.0,at_station,,1.0
266,bus,9,15.0,60.0,at_station,,-1.0
266,bus,10,50.0,15.0,at_station,,1.0
266,bus,11,50.0,25.0,at_station,,-1.0
266,bus,12,15.0,30.0,at_station,,1.0
266,bus,13,35.0,60.0,at_station,,-1.0
266,bus,14,30.0,15.0,at_station,,1.0
266,bus,15,50.0,45.0,at_station,,-1.0
266,bus,16,15.0,10.0,at_station,,1.0
266,bus,17,55.0,60.0,at_station,,-1.0
266,bus,18,10.0,15.0,at_station,,1.0
266,bus,19,50.0,65.0,at_station,,-1.0
266,bus,20,15.0,10.0,at_station,,-1.0
266,bus,21,55.0,60.0,at_station,,1.0
266,bus,22,10.0,15.0,at_station,,-1.0
266,bus,23,50.0,65.0,at_station,,1.0
267,drone,0,50.0,65.0,waiting_at_bus_station_for_delivery,127.34381588935136,
267,drone,1,39.87756911802777,26.28865042060317,direct_transport_to_pickup,230.1342751794828,
267,bus,0,47.5,60.0,moving,,1.0
267,bus,1,15.0,17.5,moving,,-1.0
267,bus,2,50.0,57.5,moving,,1.0
267,bus,3,17.5,15.0,moving,,-1.0
267,bus,4,27.5,60.0,moving,,1.0
267,bus,5,15.0,37.5,moving,,-1.0
267,bus,6,50.0,37.5,moving,,1.0
267,bus,7,37.5,15.0,moving,,-1.0
267,bus,8,15.0,52.5,moving,,1.0
267,bus,9,15.0,57.5,moving,,-1.0
267,bus,10,50.0,17.5,moving,,1.0
267,bus,11,50.0,22.5,moving,,-1.0
267,bus,12,15.0,32.5,moving,,1.0
267,bus,13,32.5,60.0,moving,,-1.0
267,bus,14,32.5,15.0,moving,,1.0
267,bus,15,50.0,42.5,moving,,-1.0
267,bus,16,15.0,12.5,moving,,1.0
267,bus,17,52.5,60.0,moving,,-1.0
267,bus,18,12.5,15.0,moving,,1.0
267,bus,19,50.0,62.5,moving,,-1.0
267,bus,20,15.0,7.5,moving,,-1.0
267,bus,21,57.5,60.0,moving,,1.0
267,bus,22,7.5,15.0,moving,,-1.0
267,bus,23,50.0,67.5,moving,,1.0
268,drone,0,50.0,65.0,waiting_at_bus_station_for_delivery,127.34381588935136,
268,drone,1,43.17009215737036,30.051533894137556,direct_transport_to_pickup,225.1342751794828,
268,bus,0,52.5,60.0,moving,,1.0
268,bus,1,15.0,12.5,moving,,-1.0
268,bus,2,50.0,62.5,moving,,1.0
268,bus,3,12.5,15.0,moving,,-1.0
268,bus,4,32.5,60.0,moving,,1.0
268,bus,5,15.0,32.5,moving,,-1.0
268,bus,6,50.0,42.5,moving,,1.0
268,bus,7,32.5,15.0,moving,,-1.0
268,bus,8,15.0,57.5,moving,,1.0
268,bus,9,15.0,52.5,moving,,-1.0
268,bus,10,50.0,22.5,moving,,1.0
268,bus,11,50.0,17.5,moving,,-1.0
268,bus,12,15.0,37.5,moving,,1.0
268,bus,13,27.5,60.0,moving,,-1.0
268,bus,14,37.5,15.0,moving,,1.0
268,bus,15,50.0,37.5,moving,,-1.0
268,bus,16,15.0,17.5,moving,,1.0
268,bus,17,47.5,60.0,moving,,-1.0
268,bus,18,17.5,15.0,moving,,1.0
268,bus,19,50.0,57.5,moving,,-1.0
268,bus,20,15.0,2.5,moving,,-1.0
268,bus,21,62.5,60.0,moving,,1.0
268,bus,22,2.5,15.0,moving,,-1.0
268,bus,23,50.0,72.5,moving,,1.0
269,drone,0,50.0,65.0,waiting_at_bus_station_for_delivery,127.34381588935136,
269,drone,1,46.46261519671295,33.81441736767194,direct_transport_to_pickup,220.1342751794828,
269,bus,0,55.0,60.0,at_station,,1.0
269,bus,1,15.0,10.0,at_station,,-1.0
269,bus,2,50.0,65.0,at_station,,1.0
269,bus,3,10.0,15.0,at_station,,-1.0
269,bus,4,35.0,60.0,at_station,,1.0
269,bus,5,15.0,30.0,at_station,,-1.0
269,bus,6,50.0,45.0,at_station,,1.0
269,bus,7,30.0,15.0,at_station,,-1.0
269,bus,8,15.0,60.0,at_station,,1.0
269,bus,9,15.0,50.0,at_station,,-1.0
269,bus,10,50.0,25.0,at_station,,1.0
269,bus,11,50.0,15.0,at_station,,-1.0
269,bus,12,15.0,40.0,at_station,,1.0
269,bus,13,25.0,60.0,at_station,,-1.0
269,bus,14,40.0,15.0,at_station,,1.0
269,bus,15,50.0,35.0,at_station,,-1.0
269,bus,16,15.0,20.0,at_station,,1.0
269,bus,17,45.0,60.0,at_station,,-1.0
269,bus,18,20.0,15.0,at_station,,1.0
269,bus,19,50.0,55.0,at_station,,-1.0
269,bus,20,15.0,0.0,at_station,,-1.0
269,bus,21,65.0,60.0,at_station,,1.0
269,bus,22,0.0,15.0,at_station,,-1.0
269,bus,23,50.0,75.0,at_station,,1.0
270,drone,0,50.0,65.0,waiting_at_bus_station_for_delivery,127.34381588935136,
270,drone,1,49.755138236055544,37.57730084120633,direct_transport_to_pickup,215.1342751794828,
270,bus,0,55.0,60.0,at_station,,1.0
270,bus,1,15.0,10.0,at_station,,-1.0
270,bus,2,50.0,65.0,at_station,,1.0
270,bus,3,10.0,15.0,at_station,,-1.0
270,bus,4,35.0,60.0,at_station,,1.0
270,bus,5,15.0,30.0,at_station,,-1.0
270,bus,6,50.0,45.0,at_station,,1.0
270,bus,7,30.0,15.0,at_station,,-1.0
270,bus,8,15.0,60.0,at_station,,1.0
270,bus,9,15.0,50.0,at_station,,-1.0
270,bus,10,50.0,25.0,at_station,,1.0
270,bus,11,50.0,15.0,at_station,,-1.0
270,bus,12,15.0,40.0,at_station,,1.0
270,bus,13,25.0,60.0,at_station,,-1.0
270,bus,14,40.0,15.0,at_station,,1.0
270,bus,15,50.0,35.0,at_station,,-1.0
270,bus,16,15.0,20.0,at_station,,1.0
270,bus,17,45.0,60.0,at_station,,-1.0
270,bus,18,20.0,15.0,at_station,,1.0
270,bus,19,50.0,55.0,at_station,,-1.0
270,bus,20,15.0,0.0,at_station,,-1.0
270,bus,21,65.0,60.0,at_station,,1.0
270,bus,22,0.0,15.0,at_station,,-1.0
270,bus,23,50.0,75.0,at_station,,1.0
271,drone,0,50.0,65.0,waiting_at_bus_station_for_delivery,127.34381588935136,
271,drone,1,53.047661275398134,41.34018431474072,direct_transport_to_pickup,210.1342751794828,
271,bus,0,55.0,60.0,at_station,,1.0
271,bus,1,15.0,10.0,at_station,,-1.0
271,bus,2,50.0,65.0,at_station,,1.0
271,bus,3,10.0,15.0,at_station,,-1.0
271,bus,4,35.0,60.0,at_station,,1.0
271,bus,5,15.0,30.0,at_station,,-1.0
271,bus,6,50.0,45.0,at_station,,1.0
271,bus,7,30.0,15.0,at_station,,-1.0
271,bus,8,15.0,60.0,at_station,,1.0
271,bus,9,15.0,50.0,at_station,,-1.0
271,bus,10,50.0,25.0,at_station,,1.0
271,bus,11,50.0,15.0,at_station,,-1.0
271,bus,12,15.0,40.0,at_station,,1.0
271,bus,13,25.0,60.0,at_station,,-1.0
271,bus,14,40.0,15.0,at_station,,1.0
271,bus,15,50.0,35.0,at_station,,-1.0
271,bus,16,15.0,20.0,at_station,,1.0
271,bus,17,45.0,60.0,at_station,,-1.0
271,bus,18,20.0,15.0,at_station,,1.0
271,bus,19,50.0,55.0,at_station,,-1.0
271,bus,20,15.0,0.0,at_station,,-1.0
271,bus,21,65.0,60.0,at_station,,1.0
271,bus,22,0.0,15.0,at_station,,-1.0
271,bus,23,50.0,75.0,at_station,,1.0
272,drone,0,50.0,65.0,waiting_at_bus_station_for_delivery,127.34381588935136,
272,drone,1,56.340184314740725,45.103067788275105,direct_transport_to_pickup,205.1342751794828,
272,bus,0,57.5,60.0,moving,,1.0
272,bus,1,15.0,7.5,moving,,-1.0
272,bus,2,50.0,67.5,moving,,1.0
272,bus,3,7.5,15.0,moving,,-1.0
272,bus,4,37.5,60.0,moving,,1.0
272,bus,5,15.0,27.5,moving,,-1.0
272,bus,6,50.0,47.5,moving,,1.0
272,bus,7,27.5,15.0,moving,,-1.0
272,bus,8,17.5,60.0,moving,,1.0
272,bus,9,15.0,47.5,moving,,-1.0
272,bus,10,50.0,27.5,moving,,1.0
272,bus,11,47.5,15.0,moving,,-1.0
272,bus,12,15.0,42.5,moving,,1.0
272,bus,13,22.5,60.0,moving,,-1.0
272,bus,14,42.5,15.0,moving,,1.0
272,bus,15,50.0,32.5,moving,,-1.0
272,bus,16,15.0,22.5,moving,,1.0
272,bus,17,42.5,60.0,moving,,-1.0
272,bus,18,22.5,15.0,moving,,1.0
272,bus,19,50.0,52.5,moving,,-1.0
272,bus,20,15.0,2.5,moving,,1.0
272,bus,21,62.5,60.0,moving,,-1.0
272,bus,22,2.5,15.0,moving,,1.0
272,bus,23,50.0,72.5,moving,,-1.0
273,drone,0,50.0,65.0,waiting_at_bus_station_for_delivery,127.34381588935136,
273,drone,1,59.632707354083315,48.86595126180949,direct_transport_to_pickup,200.1342751794828,
273,bus,0,62.5,60.0,moving,,1.0
273,bus,1,15.0,2.5,moving,,-1.0
273,bus,2,50.0,72.5,moving,,1.0
273,bus,3,2.5,15.0,moving,,-1.0
273,bus,4,42.5,60.0,moving,,1.0
273,bus,5,15.0,22.5,moving,,-1.0
273,bus,6,50.0,52.5,moving,,1.0
273,bus,7,22.5,15.0,moving,,-1.0
273,bus,8,22.5,60.0,moving,,1.0
273,bus,9,15.0,42.5,moving,,-1.0
273,bus,10,50.0,32.5,moving,,1.0
273,bus,11,42.5,15.0,moving,,-1.0
273,bus,12,15.0,47.5,moving,,1.0
273,bus,13,17.5,60.0,moving,,-1.0
273,bus,14,47.5,15.0,moving,,1.0
273,bus,15,50.0,27.5,moving,,-1.0
273,bus,16,15.0,27.5,moving,,1.0
273,bus,17,37.5,60.0,moving,,-1.0
273,bus,18,27.5,15.0,moving,,1.0
273,bus,19,50.0,47.5,moving,,-1.0
273,bus,20,15.0,7.5,moving,,1.0
273,bus,21,57.5,60.0,moving,,-1.0
273,bus,22,7.5,15.0,moving,,1.0
273,bus,23,50.0,67.5,moving,,-1.0
274,drone,0,50.0,65.0,waiting_at_bus_station_for_delivery,127.34381588935136,
274,drone,1,62.9252303934259,52.62883473534389,direct_transport_to_pickup,195.1342751794828,
274,bus,0,65.0,60.0,at_station,,1.0
274,bus,1,15.0,0.0,at_station,,-1.0
274,bus,2,50.0,75.0,at_station,,1.0
274,bus,3,0.0,15.0,at_station,,-1.0
274,bus,4,45.0,60.0,at_station,,1.0
274,bus,5,15.0,20.0,at_station,,-1.0
274,bus,6,50.0,55.0,at_station,,1.0
274,bus,7,20.0,15.0,at_station,,-1.0
274,bus,8,25.0,60.0,at_station,,1.0
274,bus,9,15.0,40.0,at_station,,-1.0
274,bus,10,50.0,35.0,at_station,,1.0
274,bus,11,40.0,15.0,at_station,,-1.0
274,bus,12,15.0,50.0,at_station,,1.0
274,bus,13,15.0,60.0,at_station,,-1.0
274,bus,14,50.0,15.0,at_station,,1.0
274,bus,15,50.0,25.0,at_station,,-1.0
274,bus,16,15.0,30.0,at_station,,1.0
274,bus,17,35.0,60.0,at_station,,-1.0
274,bus,18,30.0,15.0,at_station,,1.0
274,bus,19,50.0,45.0,at_station,,-1.0
274,bus,20,15.0,10.0,at_station,,1.0
274,bus,21,55.0,60.0,at_station,,-1.0
274,bus,22,10.0,15.0,at_station,,1.0
274,bus,23,50.0,65.0,at_station,,-1.0
275,drone,0,50.0,65.0,waiting_at_bus_station_for_delivery,127.34381588935136,
275,drone,1,65.0,55.0,direct_transport_to_delivery,191.98354611580956,
275,bus,0,65.0,60.0,at_station,,1.0
275,bus,1,15.0,0.0,at_station,,-1.0
275,bus,2,50.0,75.0,at_station,,1.0
275,bus,3,0.0,15.0,at_station,,-1.0
275,bus,4,45.0,60.0,at_station,,1.0
275,bus,5,15.0,20.0,at_station,,-1.0
275,bus,6,50.0,55.0,at_station,,1.0
275,bus,7,20.0,15.0,at_station,,-1.0
275,bus,8,25.0,60.0,at_station,,1.0
275,bus,9,15.0,40.0,at_station,,-1.0
275,bus,10,50.0,35.0,at_station,,1.0
275,bus,11,40.0,15.0,at_station,,-1.0
275,bus,12,15.0,50.0,at_station,,1.0
275,bus,13,15.0,60.0,at_station,,-1.0
275,bus,14,50.0,15.0,at_station,,1.0
275,bus,15,50.0,25.0,at_station,,-1.0
275,bus,16,15.0,30.0,at_station,,1.0
275,bus,17,35.0,60.0,at_station,,-1.0
275,bus,18,30.0,15.0,at_station,,1.0
275,bus,19,50.0,45.0,at_station,,-1.0
275,bus,20,15.0,10.0,at_station,,1.0
275,bus,21,55.0,60.0,at_station,,-1.0
275,bus,22,10.0,15.0,at_station,,1.0
275,bus,23,50.0,65.0,at_station,,-1.0
276,drone,0,50.0,65.0,waiting_at_bus_station_for_delivery,127.34381588935136,
276,drone,1,61.6781808058504,58.7370465934183,direct_transport_to_delivery,186.98354611580956,
276,bus,0,65.0,60.0,at_station,,1.0
276,bus,1,15.0,0.0,at_station,,-1.0
276,bus,2,50.0,75.0,at_station,,1.0
276,bus,3,0.0,15.0,at_station,,-1.0
276,bus,4,45.0,60.0,at_station,,1.0
276,bus,5,15.0,20.0,at_station,,-1.0
276,bus,6,50.0,55.0,at_station,,1.0
276,bus,7,20.0,15.0,at_station,,-1.0
276,bus,8,25.0,60.0,at_station,,1.0
276,bus,9,15.0,40.0,at_station,,-1.0
276,bus,10,50.0,35.0,at_station,,1.0
276,bus,11,40.0,15.0,at_station,,-1.0
276,bus,12,15.0,50.0,at_station,,1.0
276,bus,13,15.0,60.0,at_station,,-1.0
276,bus,14,50.0,15.0,at_station,,1.0
276,bus,15,50.0,25.0,at_station,,-1.0
276,bus,16,15.0,30.0,at_station,,1.0
276,bus,17,35.0,60.0,at_station,,-1.0
276,bus,18,30.0,15.0,at_station,,1.0
276,bus,19,50.0,45.0,at_station,,-1.0
276,bus,20,15.0,10.0,at_station,,1.0
276,bus,21,55.0,60.0,at_station,,-1.0
276,bus,22,10.0,15.0,at_station,,1.0
276,bus,23,50.0,65.0,at_station,,-1.0
277,drone,0,50.0,65.0,waiting_at_bus_station_for_delivery,127.34381588935136,
277,drone,1,58.356361611700805,62.4740931868366,direct_transport_to_delivery,181.98354611580956,
277,bus,0,62.5,60.0,moving,,-1.0
277,bus,1,15.0,2.5,moving,,1.0
277,bus,2,50.0,72.5,moving,,-1.0
277,bus,3,2.5,15.0,moving,,1.0
277,bus,4,47.5,60.0,moving,,1.0
277,bus,5,15.0,17.5,moving,,-1.0
277,bus,6,50.0,57.5,moving,,1.0
277,bus,7,17.5,15.0,moving,,-1.0
277,bus,8,27.5,60.0,moving,,1.0
277,bus,9,15.0,37.5,moving,,-1.0
277,bus,10,50.0,37.5,moving,,1.0
277,bus,11,37.5,15.0,moving,,-1.0
277,bus,12,15.0,52.5,moving,,1.0
277,bus,13,15.0,57.5,moving,,-1.0
277,bus,14,50.0,17.5,moving,,1.0
277,bus,15,50.0,22.5,moving,,-1.0
277,bus,16,15.0,32.5,moving,,1.0
277,bus,17,32.5,60.0,moving,,-1.0
277,bus,18,32.5,15.0,moving,,1.0
277,bus,19,50.0,42.5,moving,,-1.0
277,bus,20,15.0,12.5,moving,,1.0
277,bus,21,52.5,60.0,moving,,-1.0
277,bus,22,12.5,15.0,moving,,1.0
277,bus,23,50.0,62.5,moving,,-1.0
278,drone,0,50.0,65.0,waiting_at_bus_station_for_delivery,127.34381588935136,
278,drone,1,55.03454241755121,66.2111397802549,direct_transport_to_delivery,176.98354611580956,
278,bus,0,57.5,60.0,moving,,-1.0
278,bus,1,15.0,7.5,moving,,1.0
278,bus,2,50.0,67.5,moving,,-1.0
278,bus,3,7.5,15.0,moving,,1.0
278,bus,4,52.5,60.0,moving,,1.0
278,bus,5,15.0,12.5,moving,,-1.0
278,bus,6,50.0,62.5,moving,,1.0
278,bus,7,12.5,15.0,moving,,-1.0
278,bus,8,32.5,60.0,moving,,1.0
278,bus,9,15.0,32.5,moving,,-1.0
278,bus,10,50.0,42.5,moving,,1.0
278,bus,11,32.5,15.0,moving,,-1.0
278,bus,12,15.0,57.5,moving,,1.0
278,bus,13,15.0,52.5,moving,,-1.0
278,bus,14,50.0,22.5,moving,,1.0
278,bus,15,50.0,17.5,moving,,-1.0
278,bus,16,15.0,37.5,moving,,1.0
278,bus,17,27.5,60.0,moving,,-1.0
278,bus,18,37.5,15.0,moving,,1.0
278,bus,19,50.0,37.5,moving,,-1.0
278,bus,20,15.0,17.5,moving,,1.0
278,bus,21,47.5,60.0,moving,,-1.0
278,bus,22,17.5,15.0,moving,,1.0
278,bus,23,50.0,57.5,moving,,-1.0
279,drone,0,50.0,65.0,waiting_at_bus_station_for_delivery,127.34381588935136,
279,drone,1,51.71272322340161,69.9481863736732,direct_transport_to_delivery,171.98354611580956,
279,bus,0,55.0,60.0,at_station,,-1.0
279,bus,1,15.0,10.0,at_station,,1.0
279,bus,2,50.0,65.0,at_station,,-1.0
279,bus,3,10.0,15.0,at_station,,1.0
279,bus,4,55.0,60.0,at_station,,1.0
279,bus,5,15.0,10.0,at_station,,-1.0
279,bus,6,50.0,65.0,at_station,,1.0
279,bus,7,10.0,15.0,at_station,,-1.0
279,bus,8,35.0,60.0,at_station,,1.0
279,bus,9,15.0,30.0,at_station,,-1.0
279,bus,10,50.0,45.0,at_station,,1.0
279,bus,11,30.0,15.0,at_station,,-1.0
279,bus,12,15.0,60.0,at_station,,1.0
279,bus,13,15.0,50.0,at_station,,-1.0
279,bus,14,50.0,25.0,at_station,,1.0
279,bus,15,50.0,15.0,at_station,,-1.0
279,bus,16,15.0,40.0,at_station,,1.0
279,bus,17,25.0,60.0,at_station,,-1.0
279,bus,18,40.0,15.0,at_station,,1.0
279,bus,19,50.0,35.0,at_station,,-1.0
279,bus,20,15.0,20.0,at_station,,1.0
279,bus,21,45.0,60.0,at_station,,-1.0
279,bus,22,20.0,15.0,at_station,,1.0
279,bus,23,50.0,55.0,at_station,,-1.0
280,drone,0,50.0,65.0,waiting_at_bus_station_for_delivery,127.34381588935136,
280,drone,1,49.0,73.0,idle,167.90035695822496,
280,bus,0,55.0,60.0,at_station,,-1.0
280,bus,1,15.0,10.0,at_station,,1.0
280,bus,2,50.0,65.0,at_station,,-1.0
280,bus,3,10.0,15.0,at_station,,1.0
280,bus,4,55.0,60.0,at_station,,1.0
280,bus,5,15.0,10.0,at_station,,-1.0
280,bus,6,50.0,65.0,at_station,,1.0
280,bus,7,10.0,15.0,at_station,,-1.0
280,bus,8,35.0,60.0,at_station,,1.0
280,bus,9,15.0,30.0,at_station,,-1.0
280,bus,10,50.0,45.0,at_station,,1.0
280,bus,11,30.0,15.0,at_station,,-1.0
280,bus,12,15.0,60.0,at_station,,1.0
280,bus,13,15.0,50.0,at_station,,-1.0
280,bus,14,50.0,25.0,at_station,,1.0
280,bus,15,50.0,15.0,at_station,,-1.0
280,bus,16,15.0,40.0,at_station,,1.0
280,bus,17,25.0,60.0,at_station,,-1.0
280,bus,18,40.0,15.0,at_station,,1.0
280,bus,19,50.0,35.0,at_station,,-1.0
280,bus,20,15.0,20.0,at_station,,1.0
280,bus,21,45.0,60.0,at_station,,-1.0
280,bus,22,20.0,15.0,at_station,,1.0
280,bus,23,50.0,55.0,at_station,,-1.0
281,drone,0,50.0,65.0,waiting_at_bus_station_for_delivery,127.34381588935136,
281,drone,1,48.61651750557631,68.01472757249209,moving_to_pickup,162.90035695822496,
281,bus,0,55.0,60.0,at_station,,-1.0
281,bus,1,15.0,10.0,at_station,,1.0
281,bus,2,50.0,65.0,at_station,,-1.0
281,bus,3,10.0,15.0,at_station,,1.0
281,bus,4,55.0,60.0,at_station,,1.0
281,bus,5,15.0,10.0,at_station,,-1.0
281,bus,6,50.0,65.0,at_station,,1.0
281,bus,7,10.0,15.0,at_station,,-1.0
281,bus,8,35.0,60.0,at_station,,1.0
281,bus,9,15.0,30.0,at_station,,-1.0
281,bus,10,50.0,45.0,at_station,,1.0
281,bus,11,30.0,15.0,at_station,,-1.0
281,bus,12,15.0,60.0,at_station,,1.0
281,bus,13,15.0,50.0,at_station,,-1.0
281,bus,14,50.0,25.0,at_station,,1.0
281,bus,15,50.0,15.0,at_station,,-1.0
281,bus,16,15.0,40.0,at_station,,1.0
281,bus,17,25.0,60.0,at_station,,-1.0
281,bus,18,40.0,15.0,at_station,,1.0
281,bus,19,50.0,35.0,at_station,,-1.0
281,bus,20,15.0,20.0,at_station,,1.0
281,bus,21,45.0,60.0,at_station,,-1.0
281,bus,22,20.0,15.0,at_station,,1.0
281,bus,23,50.0,55.0,at_station,,-1.0
282,drone,0,50.0,65.0,waiting_at_bus_station_for_delivery,127.34381588935136,
282,drone,1,48.23303501115263,63.02945514498418,moving_to_pickup,157.90035695822496,
282,bus,0,52.5,60.0,moving,,-1.0
282,bus,1,15.0,12.5,moving,,1.0
282,bus,2,50.0,62.5,moving,,-1.0
282,bus,3,12.5,15.0,moving,,1.0
282,bus,4,57.5,60.0,moving,,1.0
282,bus,5,15.0,7.5,moving,,-1.0
282,bus,6,50.0,67.5,moving,,1.0
282,bus,7,7.5,15.0,moving,,-1.0
282,bus,8,37.5,60.0,moving,,1.0
282,bus,9,15.0,27.5,moving,,-1.0
282,bus,10,50.0,47.5,moving,,1.0
282,bus,11,27.5,15.0,moving,,-1.0
282,bus,12,17.5,60.0,moving,,1.0
282,bus,13,15.0,47.5,moving,,-1.0
282,bus,14,50.0,27.5,moving,,1.0
282,bus,15,47.5,15.0,moving,,-1.0
282,bus,16,15.0,42.5,moving,,1.0
282,bus,17,22.5,60.0,moving,,-1.0
282,bus,18,42.5,15.0,moving,,1.0
282,bus,19,50.0,32.5,moving,,-1.0
282,bus,20,15.0,22.5,moving,,1.0
282,bus,21,42.5,60.0,moving,,-1.0
282,bus,22,22.5,15.0,moving,,1.0
282,bus,23,50.0,52.5,moving,,-1.0
283,drone,0,50.0,65.0,waiting_at_bus_station_for_delivery,127.34381588935136,
283,drone,1,47.84955251672894,58.044182717476275,moving_to_pickup,152.90035695822496,
283,bus,0,47.5,60.0,moving,,-1.0
283,bus,1,15.0,17.5,moving,,1.0
283,bus,2,50.0,57.5,moving,,-1.0
283,bus,3,17.5,15.0,moving,,1.0
283,bus,4,62.5,60.0,moving,,1.0
283,bus,5,15.0,2.5,moving,,-1.0
283,bus,6,50.0,72.5,moving,,1.0
283,bus,7,2.5,15.0,moving,,-1.0
283,bus,8,42.5,60.0,moving,,1.0
283,bus,9,15.0,22.5,moving,,-1.0
283,bus,10,50.0,52.5,moving,,1.0
283,bus,11,22.5,15.0,moving,,-1.0
283,bus,12,22.5,60.0,moving,,1.0
283,bus,13,15.0,42.5,moving,,-1.0
283,bus,14,50.0,32.5,moving,,1.0
283,bus,15,42.5,15.0,moving,,-1.0
283,bus,16,15.0,47.5,moving,,1.0
283,bus,17,17.5,60.0,moving,,-1.0
283,bus,18,47.5,15.0,moving,,1.0
283,bus,19,50.0,27.5,moving,,-1.0
283,bus,20,15.0,27.5,moving,,1.0
283,bus,21,37.5,60.0,moving,,-1.0
283,bus,22,27.5,15.0,moving,,1.0
283,bus,23,50.0,47.5,moving,,-1.0
284,drone,0,50.0,65.0,waiting_at_bus_station_for_delivery,127.34381588935136,
284,drone,1,47.46607002230526,53.05891028996837,moving_to_pickup,147.90035695822496,
284,bus,0,45.0,60.0,at_station,,-1.0
284,bus,1,15.0,20.0,at_station,,1.0
284,bus,2,50.0,55.0,at_station,,-1.0
284,bus,3,20.0,15.0,at_station,,1.0
284,bus,4,65.0,60.0,at_station,,1.0
284,bus,5,15.0,0.0,at_station,,-1.0
284,bus,6,50.0,75.0,at_station,,1.0
284,bus,7,0.0,15.0,at_station,,-1.0
284,bus,8,45.0,60.0,at_station,,1.0
284,bus,9,15.0,20.0,at_station,,-1.0
284,bus,10,50.0,55.0,at_station,,1.0
284,bus,11,20.0,15.0,at_station,,-1.0
284,bus,12,25.0,60.0,at_station,,1.0
284,bus,13,15.0,40.0,at_station,,-1.0
284,bus,14,50.0,35.0,at_station,,1.0
284,bus,15,40.0,15.0,at_station,,-1.0
284,bus,16,15.0,50.0,at_station,,1.0
284,bus,17,15.0,60.0,at_station,,-1.0
284,bus,18,50.0,15.0,at_station,,1.0
284,bus,19,50.0,25.0,at_station,,-1.0
284,bus,20,15.0,30.0,at_station,,1.0
284,bus,21,35.0,60.0,at_station,,-1.0
284,bus,22,30.0,15.0,at_station,,1.0
284,bus,23,50.0,45.0,at_station,,-1.0
285,drone,0,50.0,65.0,waiting_at_bus_station_for_delivery,127.34381588935136,
285,drone,1,47.08258752788157,48.07363786246046,moving_to_pickup,142.90035695822496,
285,bus,0,45.0,60.0,at_station,,-1.0
285,bus,1,15.0,20.0,at_station,,1.0
285,bus,2,50.0,55.0,at_station,,-1.0
285,bus,3,20.0,15.0,at_station,,1.0
285,bus,4,65.0,60.0,at_station,,1.0
285,bus,5,15.0,0.0,at_station,,-1.0
285,bus,6,50.0,75.0,at_station,,1.0
285,bus,7,0.0,15.0,at_station,,-1.0
285,bus,8,45.0,60.0,at_station,,1.0
285,bus,9,15.0,20.0,at_station,,-1.0
285,bus,10,50.0,55.0,at_station,,1.0
285,bus,11,20.0,15.0,at_station,,-1.0
285,bus,12,25.0,60.0,at_station,,1.0
285,bus,13,15.0,40.0,at_station,,-1.0
285,bus,14,50.0,35.0,at_station,,1.0
285,bus,15,40.0,15.0,at_station,,-1.0
285,bus,16,15.0,50.0,at_station,,1.0
285,bus,17,15.0,60.0,at_station,,-1.0
285,bus,18,50.0,15.0,at_station,,1.0
285,bus,19,50.0,25.0,at_station,,-1.0
285,bus,20,15.0,30.0,at_station,,1.0
285,bus,21,35.0,60.0,at_station,,-1.0
285,bus,22,30.0,15.0,at_station,,1.0
285,bus,23,50.0,45.0,at_station,,-1.0
286,drone,0,50.0,65.0,waiting_at_bus_station_for_delivery,127.34381588935136,
286,drone,1,47.0,47.0,moving_to_bus_station_finish_pickup,141.82354733741437,
286,bus,0,45.0,60.0,at_station,,-1.0
286,bus,1,15.0,20.0,at_station,,1.0
286,bus,2,50.0,55.0,at_station,,-1.0
286,bus,3,20.0,15.0,at_station,,1.0
286,bus,4,65.0,60.0,at_station,,1.0
286,bus,5,15.0,0.0,at_station,,-1.0
286,bus,6,50.0,75.0,at_station,,1.0
286,bus,7,0.0,15.0,at_station,,-1.0
286,bus,8,45.0,60.0,at_station,,1.0
286,bus,9,15.0,20.0,at_station,,-1.0
286,bus,10,50.0,55.0,at_station,,1.0
286,bus,11,20.0,15.0,at_station,,-1.0
286,bus,12,25.0,60.0,at_station,,1.0
286,bus,13,15.0,40.0,at_station,,-1.0
286,bus,14,50.0,35.0,at_station,,1.0
286,bus,15,40.0,15.0,at_station,,-1.0
286,bus,16,15.0,50.0,at_station,,1.0
286,bus,17,15.0,60.0,at_station,,-1.0
286,bus,18,50.0,15.0,at_station,,1.0
286,bus,19,50.0,25.0,at_station,,-1.0
286,bus,20,15.0,30.0,at_station,,1.0
286,bus,21,35.0,60.0,at_station,,-1.0
286,bus,22,30.0,15.0,at_station,,1.0
286,bus,23,50.0,45.0,at_station,,-1.0
287,drone,0,50.0,65.0,waiting_at_bus_station_for_delivery,127.34381588935136,
287,drone,1,46.239714078730294,51.94185848825309,moving_to_bus_station_finish_pickup,136.82354733741437,
287,bus,0,42.5,60.0,moving,,-1.0
287,bus,1,15.0,22.5,moving,,1.0
287,bus,2,50.0,52.5,moving,,-1.0
287,bus,3,22.5,15.0,moving,,1.0
287,bus,4,62.5,60.0,moving,,-1.0
287,bus,5,15.0,2.5,moving,,1.0
287,bus,6,50.0,72.5,moving,,-1.0
287,bus,7,2.5,15.0,moving,,1.0
287,bus,8,47.5,60.0,moving,,1.0
287,bus,9,15.0,17.5,moving,,-1.0
287,bus,10,50.0,57.5,moving,,1.0
287,bus,11,17.5,15.0,moving,,-1.0
287,bus,12,27.5,60.0,moving,,1.0
287,bus,13,15.0,37.5,moving,,-1.0
287,bus,14,50.0,37.5,moving,,1.0
287,bus,15,37.5,15.0,moving,,-1.0
287,bus,16,15.0,52.5,moving,,1.0
287,bus,17,15.0,57.5,moving,,-1.0
287,bus,18,50.0,17.5,moving,,1.0
287,bus,19,50.0,22.5,moving,,-1.0
287,bus,20,15.0,32.5,moving,,1.0
287,bus,21,32.5,60.0,moving,,-1.0
287,bus,22,32.5,15.0,moving,,1.0
287,bus,23,50.0,42.5,moving,,-1.0
288,drone,0,50.0,65.0,waiting_at_bus_station_for_delivery,127.34381588935136,
288,drone,1,45.47942815746059,56.88371697650618,moving_to_bus_station_finish_pickup,131.82354733741437,
288,bus,0,37.5,60.0,moving,,-1.0
288,bus,1,15.0,27.5,moving,,1.0
288,bus,2,50.0,47.5,moving,,-1.0
288,bus,3,27.5,15.0,moving,,1.0
288,bus,4,57.5,60.0,moving,,-1.0
288,bus,5,15.0,7.5,moving,,1.0
288,bus,6,50.0,67.5,moving,,-1.0
288,bus,7,7.5,15.0,moving,,1.0
288,bus,8,52.5,60.0,moving,,1.0
288,bus,9,15.0,12.5,moving,,-1.0
288,bus,10,50.0,62.5,moving,,1.0
288,bus,11,12.5,15.0,moving,,-1.0
288,bus,12,32.5,60.0,moving,,1.0
288,bus,13,15.0,32.5,moving,,-1.0
288,bus,14,50.0,42.5,moving,,1.0
288,bus,15,32.5,15.0,moving,,-1.0
288,bus,16,15.0,57.5,moving,,1.0
288,bus,17,15.0,52.5,moving,,-1.0
288,bus,18,50.0,22.5,moving,,1.0
288,bus,19,50.0,17.5,moving,,-1.0
288,bus,20,15.0,37.5,moving,,1.0
288,bus,21,27.5,60.0,moving,,-1.0
288,bus,22,37.5,15.0,moving,,1.0
288,bus,23,50.0,37.5,moving,,-1.0
289,drone,0,50.0,65.0,waiting_at_bus_station_for_delivery,127.34381588935136,
289,drone,1,45.0,60.0,waiting_at_bus_station_for_pickup_bus,128.67060089944846,
289,bus,0,35.0,60.0,at_station,,-1.0
289,bus,1,15.0,30.0,at_station,,1.0
289,bus,2,50.0,45.0,at_station,,-1.0
289,bus,3,30.0,15.0,at_station,,1.0
289,bus,4,55.0,60.0,at_station,,-1.0
289,bus,5,15.0,10.0,at_station,,1.0
289,bus,6,50.0,65.0,at_station,,-1.0
289,bus,7,10.0,15.0,at_station,,1.0
289,bus,8,55.0,60.0,at_station,,1.0
289,bus,9,15.0,10.0,at_station,,-1.0
289,bus,10,50.0,65.0,at_station,,1.0
289,bus,11,10.0,15.0,at_station,,-1.0
289,bus,12,35.0,60.0,at_station,,1.0
289,bus,13,15.0,30.0,at_station,,-1.0
289,bus,14,50.0,45.0,at_station,,1.0
289,bus,15,30.0,15.0,at_station,,-1.0
289,bus,16,15.0,60.0,at_station,,1.0
289,bus,17,15.0,50.0,at_station,,-1.0
289,bus,18,50.0,25.0,at_station,,1.0
289,bus,19,50.0,15.0,at_station,,-1.0
289,bus,20,15.0,40.0,at_station,,1.0
289,bus,21,25.0,60.0,at_station,,-1.0
289,bus,22,40.0,15.0,at_station,,1.0
289,bus,23,50.0,35.0,at_station,,-1.0
290,drone,0,54.59572515009029,66.96959649289583,moving_to_delivery,122.34381588935136,
290,drone,1,45.0,60.0,waiting_at_bus_station_for_pickup_bus,128.67060089944846,
290,bus,0,35.0,60.0,at_station,,-1.0
290,bus,1,15.0,30.0,at_station,,1.0
290,bus,2,50.0,45.0,at_station,,-1.0
290,bus,3,30.0,15.0,at_station,,1.0
290,bus,4,55.0,60.0,at_station,,-1.0
290,bus,5,15.0,10.0,at_station,,1.0
290,bus,6,50.0,65.0,at_station,,-1.0
290,bus,7,10.0,15.0,at_station,,1.0
290,bus,8,55.0,60.0,at_station,,1.0
290,bus,9,15.0,10.0,at_station,,-1.0
290,bus,10,50.0,65.0,at_station,,1.0
290,bus,11,10.0,15.0,at_station,,-1.0
290,bus,12,35.0,60.0,at_station,,1.0
290,bus,13,15.0,30.0,at_station,,-1.0
290,bus,14,50.0,45.0,at_station,,1.0
290,bus,15,30.0,15.0,at_station,,-1.0
290,bus,16,15.0,60.0,at_station,,1.0
290,bus,17,15.0,50.0,at_station,,-1.0
290,bus,18,50.0,25.0,at_station,,1.0
290,bus,19,50.0,15.0,at_station,,-1.0
290,bus,20,15.0,40.0,at_station,,1.0
290,bus,21,25.0,60.0,at_station,,-1.0
290,bus,22,40.0,15.0,at_station,,1.0
290,bus,23,50.0,35.0,at_station,,-1.0
291,drone,0,57.0,68.0,idle,119.72804278348745,
291,drone,1,45.0,60.0,waiting_at_bus_station_for_pickup_bus,128.67060089944846,
291,bus,0,35.0,60.0,at_station,,-1.0
291,bus,1,15.0,30.0,at_station,,1.0
291,bus,2,50.0,45.0,at_station,,-1.0
291,bus,3,30.0,15.0,at_station,,1.0
291,bus,4,55.0,60.0,at_station,,-1.0
291,bus,5,15.0,10.0,at_station,,1.0
291,bus,6,50.0,65.0,at_station,,-1.0
291,bus,7,10.0,15.0,at_station,,1.0
291,bus,8,55.0,60.0,at_station,,1.0
291,bus,9,15.0,10.0,at_station,,-1.0
291,bus,10,50.0,65.0,at_station,,1.0
291,bus,11,10.0,15.0,at_station,,-1.0
291,bus,12,35.0,60.0,at_station,,1.0
291,bus,13,15.0,30.0,at_station,,-1.0
291,bus,14,50.0,45.0,at_station,,1.0
291,bus,15,30.0,15.0,at_station,,-1.0
291,bus,16,15.0,60.0,at_station,,1.0
291,bus,17,15.0,50.0,at_station,,-1.0
291,bus,18,50.0,25.0,at_station,,1.0
291,bus,19,50.0,15.0,at_station,,-1.0
291,bus,20,15.0,40.0,at_station,,1.0
291,bus,21,25.0,60.0,at_station,,-1.0
291,bus,22,40.0,15.0,at_station,,1.0
291,bus,23,50.0,35.0,at_station,,-1.0
292,drone,0,56.56685191817579,63.01879705902159,moving_to_pickup,114.72804278348745,
292,drone,1,45.0,60.0,waiting_at_bus_station_for_pickup_bus,128.67060089944846,
292,bus,0,32.5,60.0,moving,,-1.0
292,bus,1,15.0,32.5,moving,,1.0
292,bus,2,50.0,42.5,moving,,-1.0
292,bus,3,32.5,15.0,moving,,1.0
292,bus,4,52.5,60.0,moving,,-1.0
292,bus,5,15.0,12.5,moving,,1.0
292,bus,6,50.0,62.5,moving,,-1.0
292,bus,7,12.5,15.0,moving,,1.0
292,bus,8,57.5,60.0,moving,,1.0
292,bus,9,15.0,7.5,moving,,-1.0
292,bus,10,50.0,67.5,moving,,1.0
292,bus,11,7.5,15.0,moving,,-1.0
292,bus,12,37.5,60.0,moving,,1.0
292,bus,13,15.0,27.5,moving,,-1.0
292,bus,14,50.0,47.5,moving,,1.0
292,bus,15,27.5,15.0,moving,,-1.0
292,bus,16,17.5,60.0,moving,,1.0
292,bus,17,15.0,47.5,moving,,-1.0
292,bus,18,50.0,27.5,moving,,1.0
292,bus,19,47.5,15.0,moving,,-1.0
292,bus,20,15.0,42.5,moving,,1.0
292,bus,21,22.5,60.0,moving,,-1.0
292,bus,22,42.5,15.0,moving,,1.0
292,bus,23,50.0,32.5,moving,,-1.0
293,drone,0,56.13370383635158,58.037594118043174,moving_to_pickup,109.72804278348745,
293,drone,1,45.0,60.0,waiting_at_bus_station_for_pickup_bus,128.67060089944846,
293,bus,0,27.5,60.0,moving,,-1.0
293,bus,1,15.0,37.5,moving,,1.0
293,bus,2,50.0,37.5,moving,,-1.0
293,bus,3,37.5,15.0,moving,,1.0
293,bus,4,47.5,60.0,moving,,-1.0
293,bus,5,15.0,17.5,moving,,1.0
293,bus,6,50.0,57.5,moving,,-1.0
293,bus,7,17.5,15.0,moving,,1.0
293,bus,8,62.5,60.0,moving,,1.0
293,bus,9,15.0,2.5,moving,,-1.0
293,bus,10,50.0,72.5,moving,,1.0
293,bus,11,2.5,15.0,moving,,-1.0
293,bus,12,42.5,60.0,moving,,1.0
293,bus,13,15.0,22.5,moving,,-1.0
293,bus,14,50.0,52.5,moving,,1.0
293,bus,15,22.5,15.0,moving,,-1.0
293,bus,16,22.5,60.0,moving,,1.0
293,bus,17,15.0,42.5,moving,,-1.0
293,bus,18,50.0,32.5,moving,,1.0
293,bus,19,42.5,15.0,moving,,-1.0
293,bus,20,15.0,47.5,moving,,1.0
293,bus,21,17.5,60.0,moving,,-1.0
293,bus,22,47.5,15.0,moving,,1.0
293,bus,23,50.0,27.5,moving,,-1.0
294,drone,0,55.70055575452737,53.05639117706476,moving_to_pickup,104.72804278348745,
294,drone,1,45.0,60.0,waiting_at_bus_station_for_pickup_bus,128.67060089944846,
294,bus,0,25.0,60.0,at_station,,-1.0
294,bus,1,15.0,40.0,at_station,,1.0
294,bus,2,50.0,35.0,at_station,,-1.0
294,bus,3,40.0,15.0,at_station,,1.0
294,bus,4,45.0,60.0,at_station,,-1.0
294,bus,5,15.0,20.0,at_station,,1.0
294,bus,6,50.0,55.0,at_station,,-1.0
294,bus,7,20.0,15.0,at_station,,1.0
294,bus,8,65.0,60.0,at_station,,1.0
294,bus,9,15.0,0.0,at_station,,-1.0
294,bus,10,50.0,75.0,at_station,,1.0
294,bus,11,0.0,15.0,at_station,,-1.0
294,bus,12,45.0,60.0,at_station,,1.0
294,bus,13,15.0,20.0,at_station,,-1.0
294,bus,14,50.0,55.0,at_station,,1.0
294,bus,15,20.0,15.0,at_station,,-1.0
294,bus,16,25.0,60.0,at_station,,1.0
294,bus,17,15.0,40.0,at_station,,-1.0
294,bus,18,50.0,35.0,at_station,,1.0
294,bus,19,40.0,15.0,at_station,,-1.0
294,bus,20,15.0,50.0,at_station,,1.0
294,bus,21,15.0,60.0,at_station,,-1.0
294,bus,22,50.0,15.0,at_station,,1.0
294,bus,23,50.0,25.0,at_station,,-1.0
295,drone,0,55.26740767270316,48.07518823608635,moving_to_pickup,99.72804278348745,
295,drone,1,48.0,56.0,to_charging_station,123.67060089944846,
295,bus,0,25.0,60.0,at_station,,-1.0
295,bus,1,15.0,40.0,at_station,,1.0
295,bus,2,50.0,35.0,at_station,,-1.0
295,bus,3,40.0,15.0,at_station,,1.0
295,bus,4,45.0,60.0,at_station,,-1.0
295,bus,5,15.0,20.0,at_station,,1.0
295,bus,6,50.0,55.0,at_station,,-1.0
295,bus,7,20.0,15.0,at_station,,1.0
295,bus,8,65.0,60.0,at_station,,1.0
295,bus,9,15.0,0.0,at_station,,-1.0
295,bus,10,50.0,75.0,at_station,,1.0
295,bus,11,0.0,15.0,at_station,,-1.0
295,bus,12,45.0,60.0,at_station,,1.0
295,bus,13,15.0,20.0,at_station,,-1.0
295,bus,14,50.0,55.0,at_station,,1.0
295,bus,15,20.0,15.0,at_station,,-1.0
295,bus,16,25.0,60.0,at_station,,1.0
295,bus,17,15.0,40.0,at_station,,-1.0
295,bus,18,50.0,35.0,at_station,,1.0
295,bus,19,40.0,15.0,at_station,,-1.0
295,bus,20,15.0,50.0,at_station,,1.0
295,bus,21,15.0,60.0,at_station,,-1.0
295,bus,22,50.0,15.0,at_station,,1.0
295,bus,23,50.0,25.0,at_station,,-1.0
296,drone,0,55.0,45.0,moving_to_bus_station_finish_pickup,96.64125002225705,
296,drone,1,51.0,52.0,to_charging_station,118.67060089944846,
296,bus,0,25.0,60.0,at_station,,-1.0
296,bus,1,15.0,40.0,at_station,,1.0
296,bus,2,50.0,35.0,at_station,,-1.0
296,bus,3,40.0,15.0,at_station,,1.0
296,bus,4,45.0,60.0,at_station,,-1.0
296,bus,5,15.0,20.0,at_station,,1.0
296,bus,6,50.0,55.0,at_station,,-1.0
296,bus,7,20.0,15.0,at_station,,1.0
296,bus,8,65.0,60.0,at_station,,1.0
296,bus,9,15.0,0.0,at_station,,-1.0
296,bus,10,50.0,75.0,at_station,,1.0
296,bus,11,0.0,15.0,at_station,,-1.0
296,bus,12,45.0,60.0,at_station,,1.0
296,bus,13,15.0,20.0,at_station,,-1.0
296,bus,14,50.0,55.0,at_station,,1.0
296,bus,15,20.0,15.0,at_station,,-1.0
296,bus,16,25.0,60.0,at_station,,1.0
296,bus,17,15.0,40.0,at_station,,-1.0
296,bus,18,50.0,35.0,at_station,,1.0
296,bus,19,40.0,15.0,at_station,,-1.0
296,bus,20,15.0,50.0,at_station,,1.0
296,bus,21,15.0,60.0,at_station,,-1.0
296,bus,22,50.0,15.0,at_station,,1.0
296,bus,23,50.0,25.0,at_station,,-1.0
297,drone,0,50.0,45.0,waiting_at_bus_station_for_pickup_bus,91.64125002225705,
297,drone,1,54.0,48.0,to_charging_station,113.67060089944846,
297,bus,0,22.5,60.0,moving,,-1.0
297,bus,1,15.0,42.5,moving,,1.0
297,bus,2,50.0,32.5,moving,,-1.0
297,bus,3,42.5,15.0,moving,,1.0
297,bus,4,42.5,60.0,moving,,-1.0
297,bus,5,15.0,22.5,moving,,1.0
297,bus,6,50.0,52.5,moving,,-1.0
297,bus,7,22.5,15.0,moving,,1.0
297,bus,8,62.5,60.0,moving,,-1.0
297,bus,9,15.0,2.5,moving,,1.0
297,bus,10,50.0,72.5,moving,,-1.0
297,bus,11,2.5,15.0,moving,,1.0
297,bus,12,47.5,60.0,moving,,1.0
297,bus,13,15.0,17.5,moving,,-1.0
297,bus,14,50.0,57.5,moving,,1.0
297,bus,15,17.5,15.0,moving,,-1.0
297,bus,16,27.5,60.0,moving,,1.0
297,bus,17,15.0,37.5,moving,,-1.0
297,bus,18,50.0,37.5,moving,,1.0
297,bus,19,37.5,15.0,moving,,-1.0
297,bus,20,15.0,52.5,moving,,1.0
297,bus,21,15.0,57.5,moving,,-1.0
297,bus,22,50.0,17.5,moving,,1.0
297,bus,23,50.0,22.5,moving,,-1.0
298,drone,0,50.0,45.0,waiting_at_bus_station_for_pickup_bus,91.64125002225705,
298,drone,1,57.0,44.0,to_charging_station,108.67060089944846,
298,bus,0,17.5,60.0,moving,,-1.0
298,bus,1,15.0,47.5,moving,,1.0
298,bus,2,50.0,27.5,moving,,-1.0
298,bus,3,47.5,15.0,moving,,1.0
298,bus,4,37.5,60.0,moving,,-1.0
298,bus,5,15.0,27.5,moving,,1.0
298,bus,6,50.0,47.5,moving,,-1.0
298,bus,7,27.5,15.0,moving,,1.0
298,bus,8,57.5,60.0,moving,,-1.0
298,bus,9,15.0,7.5,moving,,1.0
298,bus,10,50.0,67.5,moving,,-1.0
298,bus,11,7.5,15.0,moving,,1.0
298,bus,12,52.5,60.0,moving,,1.0
298,bus,13,15.0,12.5,moving,,-1.0
298,bus,14,50.0,62.5,moving,,1.0
298,bus,15,12.5,15.0,moving,,-1.0
298,bus,16,32.5,60.0,moving,,1.0
298,bus,17,15.0,32.5,moving,,-1.0
298,bus,18,50.0,42.5,moving,,1.0
298,bus,19,32.5,15.0,moving,,-1.0
298,bus,20,15.0,57.5,moving,,1.0
298,bus,21,15.0,52.5,moving,,-1.0
298,bus,22,50.0,22.5,moving,,1.0
298,bus,23,50.0,17.5,moving,,-1.0
299,drone,0,50.0,45.0,waiting_at_bus_station_for_pickup_bus,91.64125002225705,
299,drone,1,60.0,40.0,idle,300.0,
299,bus,0,15.0,60.0,at_station,,-1.0
299,bus,1,15.0,50.0,at_station,,1.0
299,bus,2,50.0,25.0,at_station,,-1.0
299,bus,3,50.0,15.0,at_station,,1.0
299,bus,4,35.0,60.0,at_station,,-1.0
299,bus,5,15.0,30.0,at_station,,1.0
299,bus,6,50.0,45.0,at_station,,-1.0
299,bus,7,30.0,15.0,at_station,,1.0
299,bus,8,55.0,60.0,at_station,,-1.0
299,bus,9,15.0,10.0,at_station,,1.0
299,bus,10,50.0,65.0,at_station,,-1.0
299,bus,11,10.0,15.0,at_station,,1.0
299,bus,12,55.0,60.0,at_station,,1.0
299,bus,13,15.0,10.0,at_station,,-1.0
299,bus,14,50.0,65.0,at_station,,1.0
299,bus,15,10.0,15.0,at_station,,-1.0
299,bus,16,35.0,60.0,at_station,,1.0
299,bus,17,15.0,30.0,at_station,,-1.0
299,bus,18,50.0,45.0,at_station,,1.0
299,bus,19,30.0,15.0,at_station,,-1.0
299,bus,20,15.0,60.0,at_station,,1.0
299,bus,21,15.0,50.0,at_station,,-1.0
299,bus,22,50.0,25.0,at_station,,1.0
299,bus,23,50.0,15.0,at_station,,-1.0
300,drone,0,45.06803038083928,44.178005063473215,to_charging_station,86.64125002225705,
300,drone,1,60.98058067569092,35.0970966215454,moving_to_pickup,295.0,
300,bus,0,15.0,60.0,at_station,,-1.0
300,bus,1,15.0,50.0,at_station,,1.0
300,bus,2,50.0,25.0,at_station,,-1.0
300,bus,3,50.0,15.0,at_station,,1.0
300,bus,4,35.0,60.0,at_station,,-1.0
300,bus,5,15.0,30.0,at_station,,1.0
300,bus,6,50.0,45.0,at_station,,-1.0
300,bus,7,30.0,15.0,at_station,,1.0
300,bus,8,55.0,60.0,at_station,,-1.0
300,bus,9,15.0,10.0,at_station,,1.0
300,bus,10,50.0,65.0,at_station,,-1.0
300,bus,11,10.0,15.0,at_station,,1.0
300,bus,12,55.0,60.0,at_station,,1.0
300,bus,13,15.0,10.0,at_station,,-1.0
300,bus,14,50.0,65.0,at_station,,1.0
300,bus,15,10.0,15.0,at_station,,-1.0
300,bus,16,35.0,60.0,at_station,,1.0
300,bus,17,15.0,30.0,at_station,,-1.0
300,bus,18,50.0,45.0,at_station,,1.0
300,bus,19,30.0,15.0,at_station,,-1.0
300,bus,20,15.0,60.0,at_station,,1.0
300,bus,21,15.0,50.0,at_station,,-1.0
300,bus,22,50.0,25.0,at_station,,1.0
300,bus,23,50.0,15.0,at_station,,-1.0
301,drone,0,40.136060761678564,43.35601012694643,to_charging_station,81.64125002225705,
301,drone,1,61.96116135138184,30.194193243090798,moving_to_pickup,290.0,
301,bus,0,15.0,60.0,at_station,,-1.0
301,bus,1,15.0,50.0,at_station,,1.0
301,bus,2,50.0,25.0,at_station,,-1.0
301,bus,3,50.0,15.0,at_station,,1.0
301,bus,4,35.0,60.0,at_station,,-1.0
301,bus,5,15.0,30.0,at_station,,1.0
301,bus,6,50.0,45.0,at_station,,-1.0
301,bus,7,30.0,15.0,at_station,,1.0
301,bus,8,55.0,60.0,at_station,,-1.0
301,bus,9,15.0,10.0,at_station,,1.0
301,bus,10,50.0,65.0,at_station,,-1.0
301,bus,11,10.0,15.0,at_station,,1.0
301,bus,12,55.0,60.0,at_station,,1.0
301,bus,13,15.0,10.0,at_station,,-1.0
301,bus,14,50.0,65.0,at_station,,1.0
301,bus,15,10.0,15.0,at_station,,-1.0
301,bus,16,35.0,60.0,at_station,,1.0
301,bus,17,15.0,30.0,at_station,,-1.0
301,bus,18,50.0,45.0,at_station,,1.0
301,bus,19,30.0,15.0,at_station,,-1.0
301,bus,20,15.0,60.0,at_station,,1.0
301,bus,21,15.0,50.0,at_station,,-1.0
301,bus,22,50.0,25.0,at_station,,1.0
301,bus,23,50.0,15.0,at_station,,-1.0
302,drone,0,35.204091142517846,42.534015190419645,to_charging_station,76.64125002225705,
302,drone,1,62.94174202707276,25.291289864636198,moving_to_pickup,285.0,
302,bus,0,15.0,57.5,moving,,-1.0
302,bus,1,15.0,52.5,moving,,1.0
302,bus,2,50.0,22.5,moving,,-1.0
302,bus,3,50.0,17.5,moving,,1.0
302,bus,4,32.5,60.0,moving,,-1.0
302,bus,5,15.0,32.5,moving,,1.0
302,bus,6,50.0,42.5,moving,,-1.0
302,bus,7,32.5,15.0,moving,,1.0
302,bus,8,52.5,60.0,moving,,-1.0
302,bus,9,15.0,12.5,moving,,1.0
302,bus,10,50.0,62.5,moving,,-1.0
302,bus,11,12.5,15.0,moving,,1.0
302,bus,12,57.5,60.0,moving,,1.0
302,bus,13,15.0,7.5,moving,,-1.0
302,bus,14,50.0,67.5,moving,,1.0
302,bus,15,7.5,15.0,moving,,-1.0
302,bus,16,37.5,60.0,moving,,1.0
302,bus,17,15.0,27.5,moving,,-1.0
302,bus,18,50.0,47.5,moving,,1.0
302,bus,19,27.5,15.0,moving,,-1.0
302,bus,20,17.5,60.0,moving,,1.0
302,bus,21,15.0,47.5,moving,,-1.0
302,bus,22,50.0,27.5,moving,,1.0
302,bus,23,47.5,15.0,moving,,-1.0
303,drone,0,30.27212152335713,41.71202025389286,to_charging_station,71.64125002225705,
303,drone,1,63.92232270276368,20.388386486181595,moving_to_pickup,280.0,
303,bus,0,15.0,52.5,moving,,-1.0
303,bus,1,15.0,57.5,moving,,1.0
303,bus,2,50.0,17.5,moving,,-1.0
303,bus,3,50.0,22.5,moving,,1.0
303,bus,4,27.5,60.0,moving,,-1.0
303,bus,5,15.0,37.5,moving,,1.0
303,bus,6,50.0,37.5,moving,,-1.0
303,bus,7,37.5,15.0,moving,,1.0
303,bus,8,47.5,60.0,moving,,-1.0
303,bus,9,15.0,17.5,moving,,1.0
303,bus,10,50.0,57.5,moving,,-1.0
303,bus,11,17.5,15.0,moving,,1.0
303,bus,12,62.5,60.0,moving,,1.0
303,bus,13,15.0,2.5,moving,,-1.0
303,bus,14,50.0,72.5,moving,,1.0
303,bus,15,2.5,15.0,moving,,-1.0
303,bus,16,42.5,60.0,moving,,1.0
303,bus,17,15.0,22.5,moving,,-1.0
303,bus,18,50.0,52.5,moving,,1.0
303,bus,19,22.5,15.0,moving,,-1.0
303,bus,20,22.5,60.0,moving,,1.0
303,bus,21,15.0,42.5,moving,,-1.0
303,bus,22,50.0,32.5,moving,,1.0
303,bus,23,42.5,15.0,moving,,-1.0
304,drone,0,25.34015190419641,40.890025317366074,to_charging_station,66.64125002225705,
304,drone,1,64.9029033784546,15.485483107726996,moving_to_pickup,275.0,
304,bus,0,15.0,50.0,at_station,,-1.0
304,bus,1,15.0,60.0,at_station,,1.0
304,bus,2,50.0,15.0,at_station,,-1.0
304,bus,3,50.0,25.0,at_station,,1.0
304,bus,4,25.0,60.0,at_station,,-1.0
304,bus,5,15.0,40.0,at_station,,1.0
304,bus,6,50.0,35.0,at_station,,-1.0
304,bus,7,40.0,15.0,at_station,,1.0
304,bus,8,45.0,60.0,at_station,,-1.0
304,bus,9,15.0,20.0,at_station,,1.0
304,bus,10,50.0,55.0,at_station,,-1.0
304,bus,11,20.0,15.0,at_station,,1.0
304,bus,12,65.0,60.0,at_station,,1.0
304,bus,13,15.0,0.0,at_station,,-1.0
304,bus,14,50.0,75.0,at_station,,1.0
304,bus,15,0.0,15.0,at_station,,-1.0
304,bus,16,45.0,60.0,at_station,,1.0
304,bus,17,15.0,20.0,at_station,,-1.0
304,bus,18,50.0,55.0,at_station,,1.0
304,bus,19,20.0,15.0,at_station,,-1.0
304,bus,20,25.0,60.0,at_station,,1.0
304,bus,21,15.0,40.0,at_station,,-1.0
304,bus,22,50.0,35.0,at_station,,1.0
304,bus,23,40.0,15.0,at_station,,-1.0
305,drone,0,20.408182285035693,40.06803038083928,to_charging_station,61.641250022257054,
305,drone,1,65.88348405414551,10.582579729272396,moving_to_pickup,270.0,
305,bus,0,15.0,50.0,at_station,,-1.0
305,bus,1,15.0,60.0,at_station,,1.0
305,bus,2,50.0,15.0,at_station,,-1.0
305,bus,3,50.0,25.0,at_station,,1.0
305,bus,4,25.0,60.0,at_station,,-1.0
305,bus,5,15.0,40.0,at_station,,1.0
305,bus,6,50.0,35.0,at_station,,-1.0
305,bus,7,40.0,15.0,at_station,,1.0
305,bus,8,45.0,60.0,at_station,,-1.0
305,bus,9,15.0,20.0,at_station,,1.0
305,bus,10,50.0,55.0,at_station,,-1.0
305,bus,11,20.0,15.0,at_station,,1.0
305,bus,12,65.0,60.0,at_station,,1.0
305,bus,13,15.0,0.0,at_station,,-1.0
305,bus,14,50.0,75.0,at_station,,1.0
305,bus,15,0.0,15.0,at_station,,-1.0
305,bus,16,45.0,60.0,at_station,,1.0
305,bus,17,15.0,20.0,at_station,,-1.0
305,bus,18,50.0,55.0,at_station,,1.0
305,bus,19,20.0,15.0,at_station,,-1.0
305,bus,20,25.0,60.0,at_station,,1.0
305,bus,21,15.0,40.0,at_station,,-1.0
305,bus,22,50.0,35.0,at_station,,1.0
305,bus,23,40.0,15.0,at_station,,-1.0
306,drone,0,20.0,40.0,idle,300.0,
306,drone,1,66.86406472983644,5.679676350817796,moving_to_pickup,265.0,
306,bus,0,15.0,50.0,at_station,,-1.0
306,bus,1,15.0,60.0,at_station,,1.0
306,bus,2,50.0,15.0,at_station,,-1.0
306,bus,3,50.0,25.0,at_station,,1.0
306,bus,4,25.0,60.0,at_station,,-1.0
306,bus,5,15.0,40.0,at_station,,1.0
306,bus,6,50.0,35.0,at_station,,-1.0
306,bus,7,40.0,15.0,at_station,,1.0
306,bus,8,45.0,60.0,at_station,,-1.0
306,bus,9,15.0,20.0,at_station,,1.0
306,bus,10,50.0,55.0,at_station,,-1.0
306,bus,11,20.0,15.0,at_station,,1.0
306,bus,12,65.0,60.0,at_station,,1.0
306,bus,13,15.0,0.0,at_station,,-1.0
306,bus,14,50.0,75.0,at_station,,1.0
306,bus,15,0.0,15.0,at_station,,-1.0
306,bus,16,45.0,60.0,at_station,,1.0
306,bus,17,15.0,20.0,at_station,,-1.0
306,bus,18,50.0,55.0,at_station,,1.0
306,bus,19,20.0,15.0,at_station,,-1.0
306,bus,20,25.0,60.0,at_station,,1.0
306,bus,21,15.0,40.0,at_station,,-1.0
306,bus,22,50.0,35.0,at_station,,1.0
306,bus,23,40.0,15.0,at_station,,-1.0
307,drone,0,24.0,37.0,moving_to_pickup,295.0,
307,drone,1,67.0,5.0,moving_to_bus_station_finish_pickup,264.3068634048505,
307,bus,0,15.0,47.5,moving,,-1.0
307,bus,1,17.5,60.0,moving,,1.0
307,bus,2,47.5,15.0,moving,,-1.0
307,bus,3,50.0,27.5,moving,,1.0
307,bus,4,22.5,60.0,moving,,-1.0
307,bus,5,15.0,42.5,moving,,1.0
307,bus,6,50.0,32.5,moving,,-1.0
307,bus,7,42.5,15.0,moving,,1.0
307,bus,8,42.5,60.0,moving,,-1.0
307,bus,9,15.0,22.5,moving,,1.0
307,bus,10,50.0,52.5,moving,,-1.0
307,bus,11,22.5,15.0,moving,,1.0
307,bus,12,62.5,60.0,moving,,-1.0
307,bus,13,15.0,2.5,moving,,1.0
307,bus,14,50.0,72.5,moving,,-1.0
307,bus,15,2.5,15.0,moving,,1.0
307,bus,16,47.5,60.0,moving,,1.0
307,bus,17,15.0,17.5,moving,,-1.0
307,bus,18,50.0,57.5,moving,,1.0
307,bus,19,17.5,15.0,moving,,-1.0
307,bus,20,27.5,60.0,moving,,1.0
307,bus,21,15.0,37.5,moving,,-1.0
307,bus,22,50.0,37.5,moving,,1.0
307,bus,23,37.5,15.0,moving,,-1.0
308,drone,0,28.0,34.0,moving_to_pickup,290.0,
308,drone,1,62.69032892421115,7.5351006328169685,moving_to_bus_station_finish_pickup,259.3068634048505,
308,bus,0,15.0,42.5,moving,,-1.0
308,bus,1,22.5,60.0,moving,,1.0
308,bus,2,42.5,15.0,moving,,-1.0
308,bus,3,50.0,32.5,moving,,1.0
308,bus,4,17.5,60.0,moving,,-1.0
308,bus,5,15.0,47.5,moving,,1.0
308,bus,6,50.0,27.5,moving,,-1.0
308,bus,7,47.5,15.0,moving,,1.0
308,bus,8,37.5,60.0,moving,,-1.0
308,bus,9,15.0,27.5,moving,,1.0
308,bus,10,50.0,47.5,moving,,-1.0
308,bus,11,27.5,15.0,moving,,1.0
308,bus,12,57.5,60.0,moving,,-1.0
308,bus,13,15.0,7.5,moving,,1.0
308,bus,14,50.0,67.5,moving,,-1.0
308,bus,15,7.5,15.0,moving,,1.0
308,bus,16,52.5,60.0,moving,,1.0
308,bus,17,15.0,12.5,moving,,-1.0
308,bus,18,50.0,62.5,moving,,1.0
308,bus,19,12.5,15.0,moving,,-1.0
308,bus,20,32.5,60.0,moving,,1.0
308,bus,21,15.0,32.5,moving,,-1.0
308,bus,22,50.0,42.5,moving,,1.0
308,bus,23,32.5,15.0,moving,,-1.0
309,drone,0,32.0,31.0,moving_to_pickup,285.0,
309,drone,1,58.3806578484223,10.070201265633937,moving_to_bus_station_finish_pickup,254.3068634048505,
309,bus,0,15.0,40.0,at_station,,-1.0
309,bus,1,25.0,60.0,at_station,,1.0
309,bus,2,40.0,15.0,at_station,,-1.0
309,bus,3,50.0,35.0,at_station,,1.0
309,bus,4,15.0,60.0,at_station,,-1.0
309,bus,5,15.0,50.0,at_station,,1.0
309,bus,6,50.0,25.0,at_station,,-1.0
309,bus,7,50.0,15.0,at_station,,1.0
309,bus,8,35.0,60.0,at_station,,-1.0
309,bus,9,15.0,30.0,at_station,,1.0
309,bus,10,50.0,45.0,at_station,,-1.0
309,bus,11,30.0,15.0,at_station,,1.0
309,bus,12,55.0,60.0,at_station,,-1.0
309,bus,13,15.0,10.0,at_station,,1.0
309,bus,14,50.0,65.0,at_station,,-1.0
309,bus,15,10.0,15.0,at_station,,1.0
309,bus,16,55.0,60.0,at_station,,1.0
309,bus,17,15.0,10.0,at_station,,-1.0
309,bus,18,50.0,65.0,at_station,,1.0
309,bus,19,10.0,15.0,at_station,,-1.0
309,bus,20,35.0,60.0,at_station,,1.0
309,bus,21,15.0,30.0,at_station,,-1.0
309,bus,22,50.0,45.0,at_station,,1.0
309,bus,23,30.0,15.0,at_station,,-1.0
310,drone,0,36.0,28.0,moving_to_pickup,280.0,
310,drone,1,54.070986772633454,12.605301898450907,moving_to_bus_station_finish_pickup,249.3068634048505,
310,bus,0,15.0,40.0,at_station,,-1.0
310,bus,1,25.0,60.0,at_station,,1.0
310,bus,2,40.0,15.0,at_station,,-1.0
310,bus,3,50.0,35.0,at_station,,1.0
310,bus,4,15.0,60.0,at_station,,-1.0
310,bus,5,15.0,50.0,at_station,,1.0
310,bus,6,50.0,25.0,at_station,,-1.0
310,bus,7,50.0,15.0,at_station,,1.0
310,bus,8,35.0,60.0,at_station,,-1.0
310,bus,9,15.0,30.0,at_station,,1.0
310,bus,10,50.0,45.0,at_station,,-1.0
310,bus,11,30.0,15.0,at_station,,1.0
310,bus,12,55.0,60.0,at_station,,-1.0
310,bus,13,15.0,10.0,at_station,,1.0
310,bus,14,50.0,65.0,at_station,,-1.0
310,bus,15,10.0,15.0,at_station,,1.0
310,bus,16,55.0,60.0,at_station,,1.0
310,bus,17,15.0,10.0,at_station,,-1.0
310,bus,18,50.0,65.0,at_station,,1.0
310,bus,19,10.0,15.0,at_station,,-1.0
310,bus,20,35.0,60.0,at_station,,1.0
310,bus,21,15.0,30.0,at_station,,-1.0
310,bus,22,50.0,45.0,at_station,,1.0
310,bus,23,30.0,15.0,at_station,,-1.0
311,drone,0,40.0,25.0,moving_to_bus_station_finish_pickup,275.0,
311,drone,1,50.0,15.0,waiting_at_bus_station_for_pickup_bus,244.5837804815345,
311,bus,0,15.0,40.0,at_station,,-1.0
311,bus,1,25.0,60.0,at_station,,1.0
311,bus,2,40.0,15.0,at_station,,-1.0
311,bus,3,50.0,35.0,at_station,,1.0
311,bus,4,15.0,60.0,at_station,,-1.0
311,bus,5,15.0,50.0,at_station,,1.0
311,bus,6,50.0,25.0,at_station,,-1.0
311,bus,7,50.0,15.0,at_station,,1.0
311,bus,8,35.0,60.0,at_station,,-1.0
311,bus,9,15.0,30.0,at_station,,1.0
311,bus,10,50.0,45.0,at_station,,-1.0
311,bus,11,30.0,15.0,at_station,,1.0
311,bus,12,55.0,60.0,at_station,,-1.0
311,bus,13,15.0,10.0,at_station,,1.0
311,bus,14,50.0,65.0,at_station,,-1.0
311,bus,15,10.0,15.0,at_station,,1.0
311,bus,16,55.0,60.0,at_station,,1.0
311,bus,17,15.0,10.0,at_station,,-1.0
311,bus,18,50.0,65.0,at_station,,1.0
311,bus,19,10.0,15.0,at_station,,-1.0
311,bus,20,35.0,60.0,at_station,,1.0
311,bus,21,15.0,30.0,at_station,,-1.0
311,bus,22,50.0,45.0,at_station,,1.0
311,bus,23,30.0,15.0,at_station,,-1.0
312,drone,0,40.0,20.0,moving_to_bus_station_finish_pickup,270.0,
312,drone,1,50.0,15.0,waiting_at_bus_station_for_pickup_bus,244.5837804815345,
312,bus,0,15.0,37.5,moving,,-1.0
312,bus,1,27.5,60.0,moving,,1.0
312,bus,2,37.5,15.0,moving,,-1.0
312,bus,3,50.0,37.5,moving,,1.0
312,bus,4,15.0,57.5,moving,,-1.0
312,bus,5,15.0,52.5,moving,,1.0
312,bus,6,50.0,22.5,moving,,-1.0
312,bus,7,50.0,17.5,moving,,1.0
312,bus,8,32.5,60.0,moving,,-1.0
312,bus,9,15.0,32.5,moving,,1.0
312,bus,10,50.0,42.5,moving,,-1.0
312,bus,11,32.5,15.0,moving,,1.0
312,bus,12,52.5,60.0,moving,,-1.0
312,bus,13,15.0,12.5,moving,,1.0
312,bus,14,50.0,62.5,moving,,-1.0
312,bus,15,12.5,15.0,moving,,1.0
312,bus,16,57.5,60.0,moving,,1.0
312,bus,17,15.0,7.5,moving,,-1.0
312,bus,18,50.0,67.5,moving,,1.0
312,bus,19,7.5,15.0,moving,,-1.0
312,bus,20,37.5,60.0,moving,,1.0
312,bus,21,15.0,27.5,moving,,-1.0
312,bus,22,50.0,47.5,moving,,1.0
312,bus,23,27.5,15.0,moving,,-1.0
313,drone,0,40.0,15.0,waiting_at_bus_station_for_pickup_bus,265.0,
313,drone,1,50.0,15.0,waiting_at_bus_station_for_pickup_bus,244.5837804815345,
313,bus,0,15.0,32.5,moving,,-1.0
313,bus,1,32.5,60.0,moving,,1.0
313,bus,2,32.5,15.0,moving,,-1.0
313,bus,3,50.0,42.5,moving,,1.0
313,bus,4,15.0,52.5,moving,,-1.0
313,bus,5,15.0,57.5,moving,,1.0
313,bus,6,50.0,17.5,moving,,-1.0
313,bus,7,50.0,22.5,moving,,1.0
313,bus,8,27.5,60.0,moving,,-1.0
313,bus,9,15.0,37.5,moving,,1.0
313,bus,10,50.0,37.5,moving,,-1.0
313,bus,11,37.5,15.0,moving,,1.0
313,bus,12,47.5,60.0,moving,,-1.0
313,bus,13,15.0,17.5,moving,,1.0
313,bus,14,50.0,57.5,moving,,-1.0
313,bus,15,17.5,15.0,moving,,1.0
313,bus,16,62.5,60.0,moving,,1.0
313,bus,17,15.0,2.5,moving,,-1.0
313,bus,18,50.0,72.5,moving,,1.0
313,bus,19,2.5,15.0,moving,,-1.0
313,bus,20,42.5,60.0,moving,,1.0
313,bus,21,15.0,22.5,moving,,-1.0
313,bus,22,50.0,52.5,moving,,1.0
313,bus,23,22.5,15.0,moving,,-1.0
314,drone,0,40.0,15.0,waiting_at_bus_station_for_pickup_bus,265.0,
314,drone,1,50.0,15.0,waiting_at_bus_station_for_pickup_bus,244.5837804815345,
314,bus,0,15.0,30.0,at_station,,-1.0
314,bus,1,35.0,60.0,at_station,,1.0
314,bus,2,30.0,15.0,at_station,,-1.0
314,bus,3,50.0,45.0,at_station,,1.0
314,bus,4,15.0,50.0,at_station,,-1.0
314,bus,5,15.0,60.0,at_station,,1.0
314,bus,6,50.0,15.0,at_station,,-1.0
314,bus,7,50.0,25.0,at_station,,1.0
314,bus,8,25.0,60.0,at_station,,-1.0
314,bus,9,15.0,40.0,at_station,,1.0
314,bus,10,50.0,35.0,at_station,,-1.0
314,bus,11,40.0,15.0,at_station,,1.0
314,bus,12,45.0,60.0,at_station,,-1.0
314,bus,13,15.0,20.0,at_station,,1.0
314,bus,14,50.0,55.0,at_station,,-1.0
314,bus,15,20.0,15.0,at_station,,1.0
314,bus,16,65.0,60.0,at_station,,1.0
314,bus,17,15.0,0.0,at_station,,-1.0
314,bus,18,50.0,75.0,at_station,,1.0
314,bus,19,0.0,15.0,at_station,,-1.0
314,bus,20,45.0,60.0,at_station,,1.0
314,bus,21,15.0,20.0,at_station,,-1.0
314,bus,22,50.0,55.0,at_station,,1.0
314,bus,23,20.0,15.0,at_station,,-1.0
315,drone,0,40.0,15.0,waiting_at_bus_station_for_pickup_bus,265.0,
315,drone,1,50.0,15.0,waiting_at_bus_station_for_pickup_bus,244.5837804815345,
315,bus,0,15.0,30.0,at_station,,-1.0
315,bus,1,35.0,60.0,at_station,,1.0
315,bus,2,30.0,15.0,at_station,,-1.0
315,bus,3,50.0,45.0,at_station,,1.0
315,bus,4,15.0,50.0,at_station,,-1.0
315,bus,5,15.0,60.0,at_station,,1.0
315,bus,6,50.0,15.0,at_station,,-1.0
315,bus,7,50.0,25.0,at_station,,1.0
315,bus,8,25.0,60.0,at_station,,-1.0
315,bus,9,15.0,40.0,at_station,,1.0
315,bus,10,50.0,35.0,at_station,,-1.0
315,bus,11,40.0,15.0,at_station,,1.0
315,bus,12,45.0,60.0,at_station,,-1.0
315,bus,13,15.0,20.0,at_station,,1.0
315,bus,14,50.0,55.0,at_station,,-1.0
315,bus,15,20.0,15.0,at_station,,1.0
315,bus,16,65.0,60.0,at_station,,1.0
315,bus,17,15.0,0.0,at_station,,-1.0
315,bus,18,50.0,75.0,at_station,,1.0
315,bus,19,0.0,15.0,at_station,,-1.0
315,bus,20,45.0,60.0,at_station,,1.0
315,bus,21,15.0,20.0,at_station,,-1.0
315,bus,22,50.0,55.0,at_station,,1.0
315,bus,23,20.0,15.0,at_station,,-1.0
316,drone,0,40.0,15.0,waiting_at_bus_station_for_pickup_bus,265.0,
316,drone,1,50.0,15.0,waiting_at_bus_station_for_pickup_bus,244.5837804815345,
316,bus,0,15.0,30.0,at_station,,-1.0
316,bus,1,35.0,60.0,at_station,,1.0
316,bus,2,30.0,15.0,at_station,,-1.0
316,bus,3,50.0,45.0,at_station,,1.0
316,bus,4,15.0,50.0,at_station,,-1.0
316,bus,5,15.0,60.0,at_station,,1.0
316,bus,6,50.0,15.0,at_station,,-1.0
316,bus,7,50.0,25.0,at_station,,1.0
316,bus,8,25.0,60.0,at_station,,-1.0
316,bus,9,15.0,40.0,at_station,,1.0
316,bus,10,50.0,35.0,at_station,,-1.0
316,bus,11,40.0,15.0,at_station,,1.0
316,bus,12,45.0,60.0,at_station,,-1.0
316,bus,13,15.0,20.0,at_station,,1.0
316,bus,14,50.0,55.0,at_station,,-1.0
316,bus,15,20.0,15.0,at_station,,1.0
316,bus,16,65.0,60.0,at_station,,1.0
316,bus,17,15.0,0.0,at_station,,-1.0
316,bus,18,50.0,75.0,at_station,,1.0
316,bus,19,0.0,15.0,at_station,,-1.0
316,bus,20,45.0,60.0,at_station,,1.0
316,bus,21,15.0,20.0,at_station,,-1.0
316,bus,22,50.0,55.0,at_station,,1.0
316,bus,23,20.0,15.0,at_station,,-1.0
317,drone,0,40.0,15.0,waiting_at_bus_station_for_pickup_bus,265.0,
317,drone,1,50.0,15.0,waiting_at_bus_station_for_pickup_bus,244.5837804815345,
317,bus,0,15.0,27.5,moving,,-1.0
317,bus,1,37.5,60.0,moving,,1.0
317,bus,2,27.5,15.0,moving,,-1.0
317,bus,3,50.0,47.5,moving,,1.0
317,bus,4,15.0,47.5,moving,,-1.0
317,bus,5,17.5,60.0,moving,,1.0
317,bus,6,47.5,15.0,moving,,-1.0
317,bus,7,50.0,27.5,moving,,1.0
317,bus,8,22.5,60.0,moving,,-1.0
317,bus,9,15.0,42.5,moving,,1.0
317,bus,10,50.0,32.5,moving,,-1.0
317,bus,11,42.5,15.0,moving,,1.0
317,bus,12,42.5,60.0,moving,,-1.0
317,bus,13,15.0,22.5,moving,,1.0
317,bus,14,50.0,52.5,moving,,-1.0
317,bus,15,22.5,15.0,moving,,1.0
317,bus,16,62.5,60.0,moving,,-1.0
317,bus,17,15.0,2.5,moving,,1.0
317,bus,18,50.0,72.5,moving,,-1.0
317,bus,19,2.5,15.0,moving,,1.0
317,bus,20,47.5,60.0,moving,,1.0
317,bus,21,15.0,17.5,moving,,-1.0
317,bus,22,50.0,57.5,moving,,1.0
317,bus,23,17.5,15.0,moving,,-1.0
318,drone,0,40.0,15.0,waiting_at_bus_station_for_pickup_bus,265.0,
318,drone,1,50.0,15.0,waiting_at_bus_station_for_pickup_bus,244.5837804815345,
318,bus,0,15.0,22.5,moving,,-1.0
318,bus,1,42.5,60.0,moving,,1.0
318,bus,2,22.5,15.0,moving,,-1.0
318,bus,3,50.0,52.5,moving,,1.0
318,bus,4,15.0,42.5,moving,,-1.0
318,bus,5,22.5,60.0,moving,,1.0
318,bus,6,42.5,15.0,moving,,-1.0
318,bus,7,50.0,32.5,moving,,1.0
318,bus,8,17.5,60.0,moving,,-1.0
318,bus,9,15.0,47.5,moving,,1.0
318,bus,10,50.0,27.5,moving,,-1.0
318,bus,11,47.5,15.0,moving,,1.0
318,bus,12,37.5,60.0,moving,,-1.0
318,bus,13,15.0,27.5,moving,,1.0
318,bus,14,50.0,47.5,moving,,-1.0
318,bus,15,27.5,15.0,moving,,1.0
318,bus,16,57.5,60.0,moving,,-1.0
318,bus,17,15.0,7.5,moving,,1.0
318,bus,18,50.0,67.5,moving,,-1.0
318,bus,19,7.5,15.0,moving,,1.0
318,bus,20,52.5,60.0,moving,,1.0
318,bus,21,15.0,12.5,moving,,-1.0
318,bus,22,50.0,62.5,moving,,1.0
318,bus,23,12.5,15.0,moving,,-1.0
319,drone,0,40.0,15.0,waiting_at_bus_station_for_pickup_bus,265.0,
319,drone,1,50.0,15.0,waiting_at_bus_station_for_pickup_bus,244.5837804815345,
319,bus,0,15.0,20.0,at_station,,-1.0
319,bus,1,45.0,60.0,at_station,,1.0
319,bus,2,20.0,15.0,at_station,,-1.0
319,bus,3,50.0,55.0,at_station,,1.0
319,bus,4,15.0,40.0,at_station,,-1.0
319,bus,5,25.0,60.0,at_station,,1.0
319,bus,6,40.0,15.0,at_station,,-1.0
319,bus,7,50.0,35.0,at_station,,1.0
319,bus,8,15.0,60.0,at_station,,-1.0
319,bus,9,15.0,50.0,at_station,,1.0
319,bus,10,50.0,25.0,at_station,,-1.0
319,bus,11,50.0,15.0,at_station,,1.0
319,bus,12,35.0,60.0,at_station,,-1.0
319,bus,13,15.0,30.0,at_station,,1.0
319,bus,14,50.0,45.0,at_station,,-1.0
319,bus,15,30.0,15.0,at_station,,1.0
319,bus,16,55.0,60.0,at_station,,-1.0
319,bus,17,15.0,10.0,at_station,,1.0
319,bus,18,50.0,65.0,at_station,,-1.0
319,bus,19,10.0,15.0,at_station,,1.0
319,bus,20,55.0,60.0,at_station,,1.0
319,bus,21,15.0,10.0,at_station,,-1.0
319,bus,22,50.0,65.0,at_station,,1.0
319,bus,23,10.0,15.0,at_station,,-1.0
320,drone,0,40.0,15.0,waiting_at_bus_station_for_pickup_bus,265.0,
320,drone,1,50.0,15.0,waiting_at_bus_station_for_pickup_bus,244.5837804815345,
320,bus,0,15.0,20.0,at_station,,-1.0
320,bus,1,45.0,60.0,at_station,,1.0
320,bus,2,20.0,15.0,at_station,,-1.0
320,bus,3,50.0,55.0,at_station,,1.0
320,bus,4,15.0,40.0,at_station,,-1.0
320,bus,5,25.0,60.0,at_station,,1.0
320,bus,6,40.0,15.0,at_station,,-1.0
320,bus,7,50.0,35.0,at_station,,1.0
320,bus,8,15.0,60.0,at_station,,-1.0
320,bus,9,15.0,50.0,at_station,,1.0
320,bus,10,50.0,25.0,at_station,,-1.0
320,bus,11,50.0,15.0,at_station,,1.0
320,bus,12,35.0,60.0,at_station,,-1.0
320,bus,13,15.0,30.0,at_station,,1.0
320,bus,14,50.0,45.0,at_station,,-1.0
320,bus,15,30.0,15.0,at_station,,1.0
320,bus,16,55.0,60.0,at_station,,-1.0
320,bus,17,15.0,10.0,at_station,,1.0
320,bus,18,50.0,65.0,at_station,,-1.0
320,bus,19,10.0,15.0,at_station,,1.0
320,bus,20,55.0,60.0,at_station,,1.0
320,bus,21,15.0,10.0,at_station,,-1.0
320,bus,22,50.0,65.0,at_station,,1.0
320,bus,23,10.0,15.0,at_station,,-1.0
321,drone,0,40.0,15.0,waiting_at_bus_station_for_pickup_bus,265.0,
321,drone,1,50.0,15.0,waiting_at_bus_station_for_pickup_bus,244.5837804815345,
321,bus,0,15.0,20.0,at_station,,-1.0
321,bus,1,45.0,60.0,at_station,,1.0
321,bus,2,20.0,15.0,at_station,,-1.0
321,bus,3,50.0,55.0,at_station,,1.0
321,bus,4,15.0,40.0,at_station,,-1.0
321,bus,5,25.0,60.0,at_station,,1.0
321,bus,6,40.0,15.0,at_station,,-1.0
321,bus,7,50.0,35.0,at_station,,1.0
321,bus,8,15.0,60.0,at_station,,-1.0
321,bus,9,15.0,50.0,at_station,,1.0
321,bus,10,50.0,25.0,at_station,,-1.0
321,bus,11,50.0,15.0,at_station,,1.0
321,bus,12,35.0,60.0,at_station,,-1.0
321,bus,13,15.0,30.0,at_station,,1.0
321,bus,14,50.0,45.0,at_station,,-1.0
321,bus,15,30.0,15.0,at_station,,1.0
321,bus,16,55.0,60.0,at_station,,-1.0
321,bus,17,15.0,10.0,at_station,,1.0
321,bus,18,50.0,65.0,at_station,,-1.0
321,bus,19,10.0,15.0,at_station,,1.0
321,bus,20,55.0,60.0,at_station,,1.0
321,bus,21,15.0,10.0,at_station,,-1.0
321,bus,22,50.0,65.0,at_station,,1.0
321,bus,23,10.0,15.0,at_station,,-1.0
322,drone,0,40.0,15.0,waiting_at_bus_station_for_pickup_bus,265.0,
322,drone,1,50.0,15.0,waiting_at_bus_station_for_pickup_bus,244.5837804815345,
322,bus,0,15.0,17.5,moving,,-1.0
322,bus,1,47.5,60.0,moving,,1.0
322,bus,2,17.5,15.0,moving,,-1.0
322,bus,3,50.0,57.5,moving,,1.0
322,bus,4,15.0,37.5,moving,,-1.0
322,bus,5,27.5,60.0,moving,,1.0
322,bus,6,37.5,15.0,moving,,-1.0
322,bus,7,50.0,37.5,moving,,1.0
322,bus,8,15.0,57.5,moving,,-1.0
322,bus,9,15.0,52.5,moving,,1.0
322,bus,10,50.0,22.5,moving,,-1.0
322,bus,11,50.0,17.5,moving,,1.0
322,bus,12,32.5,60.0,moving,,-1.0
322,bus,13,15.0,32.5,moving,,1.0
322,bus,14,50.0,42.5,moving,,-1.0
322,bus,15,32.5,15.0,moving,,1.0
322,bus,16,52.5,60.0,moving,,-1.0
322,bus,17,15.0,12.5,moving,,1.0
322,bus,18,50.0,62.5,moving,,-1.0
322,bus,19,12.5,15.0,moving,,1.0
322,bus,20,57.5,60.0,moving,,1.0
322,bus,21,15.0,7.5,moving,,-1.0
322,bus,22,50.0,67.5,moving,,1.0
322,bus,23,7.5,15.0,moving,,-1.0
323,drone,0,40.0,15.0,waiting_at_bus_station_for_pickup_bus,265.0,
323,drone,1,50.0,15.0,waiting_at_bus_station_for_pickup_bus,244.5837804815345,
323,bus,0,15.0,12.5,moving,,-1.0
323,bus,1,52.5,60.0,moving,,1.0
323,bus,2,12.5,15.0,moving,,-1.0
323,bus,3,50.0,62.5,moving,,1.0
323,bus,4,15.0,32.5,moving,,-1.0
323,bus,5,32.5,60.0,moving,,1.0
323,bus,6,32.5,15.0,moving,,-1.0
323,bus,7,50.0,42.5,moving,,1.0
323,bus,8,15.0,52.5,moving,,-1.0
323,bus,9,15.0,57.5,moving,,1.0
323,bus,10,50.0,17.5,moving,,-1.0
323,bus,11,50.0,22.5,moving,,1.0
323,bus,12,27.5,60.0,moving,,-1.0
323,bus,13,15.0,37.5,moving,,1.0
323,bus,14,50.0,37.5,moving,,-1.0
323,bus,15,37.5,15.0,moving,,1.0
323,bus,16,47.5,60.0,moving,,-1.0
323,bus,17,15.0,17.5,moving,,1.0
323,bus,18,50.0,57.5,moving,,-1.0
323,bus,19,17.5,15.0,moving,,1.0
323,bus,20,62.5,60.0,moving,,1.0
323,bus,21,15.0,2.5,moving,,-1.0
323,bus,22,50.0,72.5,moving,,1.0
323,bus,23,2.5,15.0,moving,,-1.0
324,drone,0,40.0,15.0,waiting_at_bus_station_for_pickup_bus,265.0,
324,drone,1,50.0,15.0,waiting_at_bus_station_for_pickup_bus,244.5837804815345,
324,bus,0,15.0,10.0,at_station,,-1.0
324,bus,1,55.0,60.0,at_station,,1.0
324,bus,2,10.0,15.0,at_station,,-1.0
324,bus,3,50.0,65.0,at_station,,1.0
324,bus,4,15.0,30.0,at_station,,-1.0
324,bus,5,35.0,60.0,at_station,,1.0
324,bus,6,30.0,15.0,at_station,,-1.0
324,bus,7,50.0,45.0,at_station,,1.0
324,bus,8,15.0,50.0,at_station,,-1.0
324,bus,9,15.0,60.0,at_station,,1.0
324,bus,10,50.0,15.0,at_station,,-1.0
324,bus,11,50.0,25.0,at_station,,1.0
324,bus,12,25.0,60.0,at_station,,-1.0
324,bus,13,15.0,40.0,at_station,,1.0
324,bus,14,50.0,35.0,at_station,,-1.0
324,bus,15,40.0,15.0,at_station,,1.0
324,bus,16,45.0,60.0,at_station,,-1.0
324,bus,17,15.0,20.0,at_station,,1.0
324,bus,18,50.0,55.0,at_station,,-1.0
324,bus,19,20.0,15.0,at_station,,1.0
324,bus,20,65.0,60.0,at_station,,1.0
324,bus,21,15.0,0.0,at_station,,-1.0
324,bus,22,50.0,75.0,at_station,,1.0
324,bus,23,0.0,15.0,at_station,,-1.0
325,drone,0,40.0,15.0,waiting_at_bus_station_for_pickup_bus,265.0,
325,drone,1,51.42485134041481,19.792681781395267,moving_to_pickup,239.5837804815345,
325,bus,0,15.0,10.0,at_station,,-1.0
325,bus,1,55.0,60.0,at_station,,1.0
325,bus,2,10.0,15.0,at_station,,-1.0
325,bus,3,50.0,65.0,at_station,,1.0
325,bus,4,15.0,30.0,at_station,,-1.0
325,bus,5,35.0,60.0,at_station,,1.0
325,bus,6,30.0,15.0,at_station,,-1.0
325,bus,7,50.0,45.0,at_station,,1.0
325,bus,8,15.0,50.0,at_station,,-1.0
325,bus,9,15.0,60.0,at_station,,1.0
325,bus,10,50.0,15.0,at_station,,-1.0
325,bus,11,50.0,25.0,at_station,,1.0
325,bus,12,25.0,60.0,at_station,,-1.0
325,bus,13,15.0,40.0,at_station,,1.0
325,bus,14,50.0,35.0,at_station,,-1.0
325,bus,15,40.0,15.0,at_station,,1.0
325,bus,16,45.0,60.0,at_station,,-1.0
325,bus,17,15.0,20.0,at_station,,1.0
325,bus,18,50.0,55.0,at_station,,-1.0
325,bus,19,20.0,15.0,at_station,,1.0
325,bus,20,65.0,60.0,at_station,,1.0
325,bus,21,15.0,0.0,at_station,,-1.0
325,bus,22,50.0,75.0,at_station,,1.0
325,bus,23,0.0,15.0,at_station,,-1.0
326,drone,0,40.0,15.0,waiting_at_bus_station_for_pickup_bus,265.0,
326,drone,1,52.84970268082962,24.585363562790533,moving_to_pickup,234.5837804815345,
326,bus,0,15.0,10.0,at_station,,-1.0
326,bus,1,55.0,60.0,at_station,,1.0
326,bus,2,10.0,15.0,at_station,,-1.0
326,bus,3,50.0,65.0,at_station,,1.0
326,bus,4,15.0,30.0,at_station,,-1.0
326,bus,5,35.0,60.0,at_station,,1.0
326,bus,6,30.0,15.0,at_station,,-1.0
326,bus,7,50.0,45.0,at_station,,1.0
326,bus,8,15.0,50.0,at_station,,-1.0
326,bus,9,15.0,60.0,at_station,,1.0
326,bus,10,50.0,15.0,at_station,,-1.0
326,bus,11,50.0,25.0,at_station,,1.0
326,bus,12,25.0,60.0,at_station,,-1.0
326,bus,13,15.0,40.0,at_station,,1.0
326,bus,14,50.0,35.0,at_station,,-1.0
326,bus,15,40.0,15.0,at_station,,1.0
326,bus,16,45.0,60.0,at_station,,-1.0
326,bus,17,15.0,20.0,at_station,,1.0
326,bus,18,50.0,55.0,at_station,,-1.0
326,bus,19,20.0,15.0,at_station,,1.0
326,bus,20,65.0,60.0,at_station,,1.0
326,bus,21,15.0,0.0,at_station,,-1.0
326,bus,22,50.0,75.0,at_station,,1.0
326,bus,23,0.0,15.0,at_station,,-1.0
327,drone,0,40.0,15.0,waiting_at_bus_station_for_pickup_bus,265.0,
327,drone,1,54.274554021244434,29.3780453441858,moving_to_pickup,229.5837804815345,
327,bus,0,15.0,7.5,moving,,-1.0
327,bus,1,57.5,60.0,moving,,1.0
327,bus,2,7.5,15.0,moving,,-1.0
327,bus,3,50.0,67.5,moving,,1.0
327,bus,4,15.0,27.5,moving,,-1.0
327,bus,5,37.5,60.0,moving,,1.0
327,bus,6,27.5,15.0,moving,,-1.0
327,bus,7,50.0,47.5,moving,,1.0
327,bus,8,15.0,47.5,moving,,-1.0
327,bus,9,17.5,60.0,moving,,1.0
327,bus,10,47.5,15.0,moving,,-1.0
327,bus,11,50.0,27.5,moving,,1.0
327,bus,12,22.5,60.0,moving,,-1.0
327,bus,13,15.0,42.5,moving,,1.0
327,bus,14,50.0,32.5,moving,,-1.0
327,bus,15,42.5,15.0,moving,,1.0
327,bus,16,42.5,60.0,moving,,-1.0
327,bus,17,15.0,22.5,moving,,1.0
327,bus,18,50.0,52.5,moving,,-1.0
327,bus,19,22.5,15.0,moving,,1.0
327,bus,20,62.5,60.0,moving,,-1.0
327,bus,21,15.0,2.5,moving,,1.0
327,bus,22,50.0,72.5,moving,,-1.0
327,bus,23,2.5,15.0,moving,,1.0
328,drone,0,40.0,15.0,waiting_at_bus_station_for_pickup_bus,265.0,
328,drone,1,55.699405361659245,34.17072712558107,moving_to_pickup,224.5837804815345,
328,bus,0,15.0,2.5,moving,,-1.0
328,bus,1,62.5,60.0,moving,,1.0
328,bus,2,2.5,15.0,moving,,-1.0
328,bus,3,50.0,72.5,moving,,1.0
328,bus,4,15.0,22.5,moving,,-1.0
328,bus,5,42.5,60.0,moving,,1.0
328,bus,6,22.5,15.0,moving,,-1.0
328,bus,7,50.0,52.5,moving,,1.0
328,bus,8,15.0,42.5,moving,,-1.0
328,bus,9,22.5,60.0,moving,,1.0
328,bus,10,42.5,15.0,moving,,-1.0
328,bus,11,50.0,32.5,moving,,1.0
328,bus,12,17.5,60.0,moving,,-1.0
328,bus,13,15.0,47.5,moving,,1.0
328,bus,14,50.0,27.5,moving,,-1.0
328,bus,15,47.5,15.0,moving,,1.0
328,bus,16,37.5,60.0,moving,,-1.0
328,bus,17,15.0,27.5,moving,,1.0
328,bus,18,50.0,47.5,moving,,-1.0
328,bus,19,27.5,15.0,moving,,1.0
328,bus,20,57.5,60.0,moving,,-1.0
328,bus,21,15.0,7.5,moving,,1.0
328,bus,22,50.0,67.5,moving,,-1.0
328,bus,23,7.5,15.0,moving,,1.0
329,drone,0,40.0,15.0,waiting_at_bus_station_for_pickup_bus,265.0,
329,drone,1,57.12425670207405,38.96340890697633,moving_to_pickup,219.5837804815345,
329,bus,0,15.0,0.0,at_station,,-1.0
329,bus,1,65.0,60.0,at_station,,1.0
329,bus,2,0.0,15.0,at_station,,-1.0
329,bus,3,50.0,75.0,at_station,,1.0
329,bus,4,15.0,20.0,at_station,,-1.0
329,bus,5,45.0,60.0,at_station,,1.0
329,bus,6,20.0,15.0,at_station,,-1.0
329,bus,7,50.0,55.0,at_station,,1.0
329,bus,8,15.0,40.0,at_station,,-1.0
329,bus,9,25.0,60.0,at_station,,1.0
329,bus,10,40.0,15.0,at_station,,-1.0
329,bus,11,50.0,35.0,at_station,,1.0
329,bus,12,15.0,60.0,at_station,,-1.0
329,bus,13,15.0,50.0,at_station,,1.0
329,bus,14,50.0,25.0,at_station,,-1.0
329,bus,15,50.0,15.0,at_station,,1.0
329,bus,16,35.0,60.0,at_station,,-1.0
329,bus,17,15.0,30.0,at_station,,1.0
329,bus,18,50.0,45.0,at_station,,-1.0
329,bus,19,30.0,15.0,at_station,,1.0
329,bus,20,55.0,60.0,at_station,,-1.0
329,bus,21,15.0,10.0,at_station,,1.0
329,bus,22,50.0,65.0,at_station,,-1.0
329,bus,23,10.0,15.0,at_station,,1.0
330,drone,0,40.0,15.0,waiting_at_bus_station_for_pickup_bus,265.0,
330,drone,1,58.54910804248886,43.7560906883716,moving_to_pickup,214.5837804815345,
330,bus,0,15.0,0.0,at_station,,-1.0
330,bus,1,65.0,60.0,at_station,,1.0
330,bus,2,0.0,15.0,at_station,,-1.0
330,bus,3,50.0,75.0,at_station,,1.0
330,bus,4,15.0,20.0,at_station,,-1.0
330,bus,5,45.0,60.0,at_station,,1.0
330,bus,6,20.0,15.0,at_station,,-1.0
330,bus,7,50.0,55.0,at_station,,1.0
330,bus,8,15.0,40.0,at_station,,-1.0
330,bus,9,25.0,60.0,at_station,,1.0
330,bus,10,40.0,15.0,at_station,,-1.0
330,bus,11,50.0,35.0,at_station,,1.0
330,bus,12,15.0,60.0,at_station,,-1.0
330,bus,13,15.0,50.0,at_station,,1.0
330,bus,14,50.0,25.0,at_station,,-1.0
330,bus,15,50.0,15.0,at_station,,1.0
330,bus,16,35.0,60.0,at_station,,-1.0
330,bus,17,15.0,30.0,at_station,,1.0
330,bus,18,50.0,45.0,at_station,,-1.0
330,bus,19,30.0,15.0,at_station,,1.0
330,bus,20,55.0,60.0,at_station,,-1.0
330,bus,21,15.0,10.0,at_station,,1.0
330,bus,22,50.0,65.0,at_station,,-1.0
330,bus,23,10.0,15.0,at_station,,1.0
331,drone,0,40.0,15.0,waiting_at_bus_station_for_pickup_bus,265.0,
331,drone,1,59.973959382903665,48.548772469766874,moving_to_pickup,209.5837804815345,
331,bus,0,15.0,0.0,at_station,,-1.0
331,bus,1,65.0,60.0,at_station,,1.0
331,bus,2,0.0,15.0,at_station,,-1.0
331,bus,3,50.0,75.0,at_station,,1.0
331,bus,4,15.0,20.0,at_station,,-1.0
331,bus,5,45.0,60.0,at_station,,1.0
331,bus,6,20.0,15.0,at_station,,-1.0
331,bus,7,50.0,55.0,at_station,,1.0
331,bus,8,15.0,40.0,at_station,,-1.0
331,bus,9,25.0,60.0,at_station,,1.0
331,bus,10,40.0,15.0,at_station,,-1.0
331,bus,11,50.0,35.0,at_station,,1.0
331,bus,12,15.0,60.0,at_station,,-1.0
331,bus,13,15.0,50.0,at_station,,1.0
331,bus,14,50.0,25.0,at_station,,-1.0
331,bus,15,50.0,15.0,at_station,,1.0
331,bus,16,35.0,60.0,at_station,,-1.0
331,bus,17,15.0,30.0,at_station,,1.0
331,bus,18,50.0,45.0,at_station,,-1.0
331,bus,19,30.0,15.0,at_station,,1.0
331,bus,20,55.0,60.0,at_station,,-1.0
331,bus,21,15.0,10.0,at_station,,1.0
331,bus,22,50.0,65.0,at_station,,-1.0
331,bus,23,10.0,15.0,at_station,,1.0
332,drone,0,40.0,15.0,waiting_at_bus_station_for_pickup_bus,265.0,
332,drone,1,61.0,52.0,moving_to_bus_station_finish_pickup,205.9832623502969,
332,bus,0,15.0,2.5,moving,,1.0
332,bus,1,62.5,60.0,moving,,-1.0
332,bus,2,2.5,15.0,moving,,1.0
332,bus,3,50.0,72.5,moving,,-1.0
332,bus,4,15.0,17.5,moving,,-1.0
332,bus,5,47.5,60.0,moving,,1.0
332,bus,6,17.5,15.0,moving,,-1.0
332,bus,7,50.0,57.5,moving,,1.0
332,bus,8,15.0,37.5,moving,,-1.0
332,bus,9,27.5,60.0,moving,,1.0
332,bus,10,37.5,15.0,moving,,-1.0
332,bus,11,50.0,37.5,moving,,1.0
332,bus,12,15.0,57.5,moving,,-1.0
332,bus,13,15.0,52.5,moving,,1.0
332,bus,14,50.0,22.5,moving,,-1.0
332,bus,15,50.0,17.5,moving,,1.0
332,bus,16,32.5,60.0,moving,,-1.0
332,bus,17,15.0,32.5,moving,,1.0
332,bus,18,50.0,42.5,moving,,-1.0
332,bus,19,32.5,15.0,moving,,1.0
332,bus,20,52.5,60.0,moving,,-1.0
332,bus,21,15.0,12.5,moving,,1.0
332,bus,22,50.0,62.5,moving,,-1.0
332,bus,23,12.5,15.0,moving,,1.0
333,drone,0,40.0,15.0,waiting_at_bus_station_for_pickup_bus,265.0,
333,drone,1,56.17618089381134,53.31558702896054,moving_to_bus_station_finish_pickup,200.9832623502969,
333,bus,0,15.0,7.5,moving,,1.0
333,bus,1,57.5,60.0,moving,,-1.0
333,bus,2,7.5,15.0,moving,,1.0
333,bus,3,50.0,67.5,moving,,-1.0
333,bus,4,15.0,12.5,moving,,-1.0
333,bus,5,52.5,60.0,moving,,1.0
333,bus,6,12.5,15.0,moving,,-1.0
333,bus,7,50.0,62.5,moving,,1.0
333,bus,8,15.0,32.5,moving,,-1.0
333,bus,9,32.5,60.0,moving,,1.0
333,bus,10,32.5,15.0,moving,,-1.0
333,bus,11,50.0,42.5,moving,,1.0
333,bus,12,15.0,52.5,moving,,-1.0
333,bus,13,15.0,57.5,moving,,1.0
333,bus,14,50.0,17.5,moving,,-1.0
333,bus,15,50.0,22.5,moving,,1.0
333,bus,16,27.5,60.0,moving,,-1.0
333,bus,17,15.0,37.5,moving,,1.0
333,bus,18,50.0,37.5,moving,,-1.0
333,bus,19,37.5,15.0,moving,,1.0
333,bus,20,47.5,60.0,moving,,-1.0
333,bus,21,15.0,17.5,moving,,1.0
333,bus,22,50.0,57.5,moving,,-1.0
333,bus,23,17.5,15.0,moving,,1.0
334,drone,0,40.0,15.0,waiting_at_bus_station_for_pickup_bus,265.0,
334,drone,1,51.352361787622684,54.631174057921086,moving_to_bus_station_finish_pickup,195.9832623502969,
334,bus,0,15.0,10.0,at_station,,1.0
334,bus,1,55.0,60.0,at_station,,-1.0
334,bus,2,10.0,15.0,at_station,,1.0
334,bus,3,50.0,65.0,at_station,,-1.0
334,bus,4,15.0,10.0,at_station,,-1.0
334,bus,5,55.0,60.0,at_station,,1.0
334,bus,6,10.0,15.0,at_station,,-1.0
334,bus,7,50.0,65.0,at_station,,1.0
334,bus,8,15.0,30.0,at_station,,-1.0
334,bus,9,35.0,60.0,at_station,,1.0
334,bus,10,30.0,15.0,at_station,,-1.0
334,bus,11,50.0,45.0,at_station,,1.0
334,bus,12,15.0,50.0,at_station,,-1.0
334,bus,13,15.0,60.0,at_station,,1.0
334,bus,14,50.0,15.0,at_station,,-1.0
334,bus,15,50.0,25.0,at_station,,1.0
334,bus,16,25.0,60.0,at_station,,-1.0
334,bus,17,15.0,40.0,at_station,,1.0
334,bus,18,50.0,35.0,at_station,,-1.0
334,bus,19,40.0,15.0,at_station,,1.0
334,bus,20,45.0,60.0,at_station,,-1.0
334,bus,21,15.0,20.0,at_station,,1.0
334,bus,22,50.0,55.0,at_station,,-1.0
334,bus,23,20.0,15.0,at_station,,1.0
335,drone,0,40.0,15.0,waiting_at_bus_station_for_pickup_bus,265.0,
335,drone,1,50.0,55.0,waiting_at_bus_station_for_pickup_bus,194.58150809930552,
335,bus,0,15.0,10.0,at_station,,1.0
335,bus,1,55.0,60.0,at_station,,-1.0
335,bus,2,10.0,15.0,at_station,,1.0
335,bus,3,50.0,65.0,at_station,,-1.0
335,bus,4,15.0,10.0,at_station,,-1.0
335,bus,5,55.0,60.0,at_station,,1.0
335,bus,6,10.0,15.0,at_station,,-1.0
335,bus,7,50.0,65.0,at_station,,1.0
335,bus,8,15.0,30.0,at_station,,-1.0
335,bus,9,35.0,60.0,at_station,,1.0
335,bus,10,30.0,15.0,at_station,,-1.0
335,bus,11,50.0,45.0,at_station,,1.0
335,bus,12,15.0,50.0,at_station,,-1.0
335,bus,13,15.0,60.0,at_station,,1.0
335,bus,14,50.0,15.0,at_station,,-1.0
335,bus,15,50.0,25.0,at_station,,1.0
335,bus,16,25.0,60.0,at_station,,-1.0
335,bus,17,15.0,40.0,at_station,,1.0
335,bus,18,50.0,35.0,at_station,,-1.0
335,bus,19,40.0,15.0,at_station,,1.0
335,bus,20,45.0,60.0,at_station,,-1.0
335,bus,21,15.0,20.0,at_station,,1.0
335,bus,22,50.0,55.0,at_station,,-1.0
335,bus,23,20.0,15.0,at_station,,1.0
336,drone,0,40.0,15.0,waiting_at_bus_station_for_pickup_bus,265.0,
336,drone,1,45.40427484990971,53.03040350710416,moving_to_bus_station_for_delivery,189.58150809930552,
336,bus,0,15.0,10.0,at_station,,1.0
336,bus,1,55.0,60.0,at_station,,-1.0
336,bus,2,10.0,15.0,at_station,,1.0
336,bus,3,50.0,65.0,at_station,,-1.0
336,bus,4,15.0,10.0,at_station,,-1.0
336,bus,5,55.0,60.0,at_station,,1.0
336,bus,6,10.0,15.0,at_station,,-1.0
336,bus,7,50.0,65.0,at_station,,1.0
336,bus,8,15.0,30.0,at_station,,-1.0
336,bus,9,35.0,60.0,at_station,,1.0
336,bus,10,30.0,15.0,at_station,,-1.0
336,bus,11,50.0,45.0,at_station,,1.0
336,bus,12,15.0,50.0,at_station,,-1.0
336,bus,13,15.0,60.0,at_station,,1.0
336,bus,14,50.0,15.0,at_station,,-1.0
336,bus,15,50.0,25.0,at_station,,1.0
336,bus,16,25.0,60.0,at_station,,-1.0
336,bus,17,15.0,40.0,at_station,,1.0
336,bus,18,50.0,35.0,at_station,,-1.0
336,bus,19,40.0,15.0,at_station,,1.0
336,bus,20,45.0,60.0,at_station,,-1.0
336,bus,21,15.0,20.0,at_station,,1.0
336,bus,22,50.0,55.0,at_station,,-1.0
336,bus,23,20.0,15.0,at_station,,1.0
337,drone,0,40.0,15.0,waiting_at_bus_station_for_pickup_bus,265.0,
337,drone,1,40.80854969981942,51.06080701420832,moving_to_bus_station_for_delivery,184.58150809930552,
337,bus,0,15.0,12.5,moving,,1.0
337,bus,1,52.5,60.0,moving,,-1.0
337,bus,2,12.5,15.0,moving,,1.0
337,bus,3,50.0,62.5,moving,,-1.0
337,bus,4,15.0,7.5,moving,,-1.0
337,bus,5,57.5,60.0,moving,,1.0
337,bus,6,7.5,15.0,moving,,-1.0
337,bus,7,50.0,67.5,moving,,1.0
337,bus,8,15.0,27.5,moving,,-1.0
337,bus,9,37.5,60.0,moving,,1.0
337,bus,10,27.5,15.0,moving,,-1.0
337,bus,11,50.0,47.5,moving,,1.0
337,bus,12,15.0,47.5,moving,,-1.0
337,bus,13,17.5,60.0,moving,,1.0
337,bus,14,47.5,15.0,moving,,-1.0
337,bus,15,50.0,27.5,moving,,1.0
337,bus,16,22.5,60.0,moving,,-1.0
337,bus,17,15.0,42.5,moving,,1.0
337,bus,18,50.0,32.5,moving,,-1.0
337,bus,19,42.5,15.0,moving,,1.0
337,bus,20,42.5,60.0,moving,,-1.0
337,bus,21,15.0,22.5,moving,,1.0
337,bus,22,50.0,52.5,moving,,-1.0
337,bus,23,22.5,15.0,moving,,1.0
338,drone,0,40.0,15.0,waiting_at_bus_station_for_pickup_bus,265.0,
338,drone,1,36.212824549729135,49.09121052131248,moving_to_bus_station_for_delivery,179.58150809930552,
338,bus,0,15.0,17.5,moving,,1.0
338,bus,1,47.5,60.0,moving,,-1.0
338,bus,2,17.5,15.0,moving,,1.0
338,bus,3,50.0,57.5,moving,,-1.0
338,bus,4,15.0,2.5,moving,,-1.0
338,bus,5,62.5,60.0,moving,,1.0
338,bus,6,2.5,15.0,moving,,-1.0
338,bus,7,50.0,72.5,moving,,1.0
338,bus,8,15.0,22.5,moving,,-1.0
338,bus,9,42.5,60.0,moving,,1.0
338,bus,10,22.5,15.0,moving,,-1.0
338,bus,11,50.0,52.5,moving,,1.0
338,bus,12,15.0,42.5,moving,,-1.0
338,bus,13,22.5,60.0,moving,,1.0
338,bus,14,42.5,15.0,moving,,-1.0
338,bus,15,50.0,32.5,moving,,1.0
338,bus,16,17.5,60.0,moving,,-1.0
338,bus,17,15.0,47.5,moving,,1.0
338,bus,18,50.0,27.5,moving,,-1.0
338,bus,19,47.5,15.0,moving,,1.0
338,bus,20,37.5,60.0,moving,,-1.0
338,bus,21,15.0,27.5,moving,,1.0
338,bus,22,50.0,47.5,moving,,-1.0
338,bus,23,27.5,15.0,moving,,1.0
339,drone,0,40.0,15.0,waiting_at_bus_station_for_pickup_bus,265.0,
339,drone,1,31.617099399638846,47.121614028416644,moving_to_bus_station_for_delivery,174.58150809930552,
339,bus,0,15.0,20.0,at_station,,1.0
339,bus,1,45.0,60.0,at_station,,-1.0
339,bus,2,20.0,15.0,at_station,,1.0
339,bus,3,50.0,55.0,at_station,,-1.0
339,bus,4,15.0,0.0,at_station,,-1.0
339,bus,5,65.0,60.0,at_station,,1.0
339,bus,6,0.0,15.0,at_station,,-1.0
339,bus,7,50.0,75.0,at_station,,1.0
339,bus,8,15.0,20.0,at_station,,-1.0
339,bus,9,45.0,60.0,at_station,,1.0
339,bus,10,20.0,15.0,at_station,,-1.0
339,bus,11,50.0,55.0,at_station,,1.0
339,bus,12,15.0,40.0,at_station,,-1.0
339,bus,13,25.0,60.0,at_station,,1.0
339,bus,14,40.0,15.0,at_station,,-1.0
339,bus,15,50.0,35.0,at_station,,1.0
339,bus,16,15.0,60.0,at_station,,-1.0
339,bus,17,15.0,50.0,at_station,,1.0
339,bus,18,50.0,25.0,at_station,,-1.0
339,bus,19,50.0,15.0,at_station,,1.0
339,bus,20,35.0,60.0,at_station,,-1.0
339,bus,21,15.0,30.0,at_station,,1.0
339,bus,22,50.0,45.0,at_station,,-1.0
339,bus,23,30.0,15.0,at_station,,1.0
340,drone,0,35.14928749927334,16.212678125181665,moving_to_pickup,260.0,
340,drone,1,27.021374249548558,45.152017535520805,moving_to_bus_station_for_delivery,169.58150809930552,
340,bus,0,15.0,20.0,at_station,,1.0
340,bus,1,45.0,60.0,at_station,,-1.0
340,bus,2,20.0,15.0,at_station,,1.0
340,bus,3,50.0,55.0,at_station,,-1.0
340,bus,4,15.0,0.0,at_station,,-1.0
340,bus,5,65.0,60.0,at_station,,1.0
340,bus,6,0.0,15.0,at_station,,-1.0
340,bus,7,50.0,75.0,at_station,,1.0
340,bus,8,15.0,20.0,at_station,,-1.0
340,bus,9,45.0,60.0,at_station,,1.0
340,bus,10,20.0,15.0,at_station,,-1.0
340,bus,11,50.0,55.0,at_station,,1.0
340,bus,12,15.0,40.0,at_station,,-1.0
340,bus,13,25.0,60.0,at_station,,1.0
340,bus,14,40.0,15.0,at_station,,-1.0
340,bus,15,50.0,35.0,at_station,,1.0
340,bus,16,15.0,60.0,at_station,,-1.0
340,bus,17,15.0,50.0,at_station,,1.0
340,bus,18,50.0,25.0,at_station,,-1.0
340,bus,19,50.0,15.0,at_station,,1.0
340,bus,20,35.0,60.0,at_station,,-1.0
340,bus,21,15.0,30.0,at_station,,1.0
340,bus,22,50.0,45.0,at_station,,-1.0
340,bus,23,30.0,15.0,at_station,,1.0
341,drone,0,30.298574998546684,17.42535625036333,moving_to_pickup,255.0,
341,drone,1,22.42564909945827,43.182421042624966,moving_to_bus_station_for_delivery,164.58150809930552,
341,bus,0,15.0,20.0,at_station,,1.0
341,bus,1,45.0,60.0,at_station,,-1.0
341,bus,2,20.0,15.0,at_station,,1.0
341,bus,3,50.0,55.0,at_station,,-1.0
341,bus,4,15.0,0.0,at_station,,-1.0
341,bus,5,65.0,60.0,at_station,,1.0
341,bus,6,0.0,15.0,at_station,,-1.0
341,bus,7,50.0,75.0,at_station,,1.0
341,bus,8,15.0,20.0,at_station,,-1.0
341,bus,9,45.0,60.0,at_station,,1.0
341,bus,10,20.0,15.0,at_station,,-1.0
341,bus,11,50.0,55.0,at_station,,1.0
341,bus,12,15.0,40.0,at_station,,-1.0
341,bus,13,25.0,60.0,at_station,,1.0
341,bus,14,40.0,15.0,at_station,,-1.0
341,bus,15,50.0,35.0,at_station,,1.0
341,bus,16,15.0,60.0,at_station,,-1.0
341,bus,17,15.0,50.0,at_station,,1.0
341,bus,18,50.0,25.0,at_station,,-1.0
341,bus,19,50.0,15.0,at_station,,1.0
341,bus,20,35.0,60.0,at_station,,-1.0
341,bus,21,15.0,30.0,at_station,,1.0
341,bus,22,50.0,45.0,at_station,,-1.0
341,bus,23,30.0,15.0,at_station,,1.0
342,drone,0,25.447862497820026,18.638034375544994,moving_to_pickup,250.0,
342,drone,1,17.829923949367977,41.212824549729135,moving_to_bus_station_for_delivery,159.58150809930552,
342,bus,0,15.0,22.5,moving,,1.0
342,bus,1,42.5,60.0,moving,,-1.0
342,bus,2,22.5,15.0,moving,,1.0
342,bus,3,50.0,52.5,moving,,-1.0
342,bus,4,15.0,2.5,moving,,1.0
342,bus,5,62.5,60.0,moving,,-1.0
342,bus,6,2.5,15.0,moving,,1.0
342,bus,7,50.0,72.5,moving,,-1.0
342,bus,8,15.0,17.5,moving,,-1.0
342,bus,9,47.5,60.0,moving,,1.0
342,bus,10,17.5,15.0,moving,,-1.0
342,bus,11,50.0,57.5,moving,,1.0
342,bus,12,15.0,37.5,moving,,-1.0
342,bus,13,27.5,60.0,moving,,1.0
342,bus,14,37.5,15.0,moving,,-1.0
342,bus,15,50.0,37.5,moving,,1.0
342,bus,16,15.0,57.5,moving,,-1.0
342,bus,17,15.0,52.5,moving,,1.0
342,bus,18,50.0,22.5,moving,,-1.0
342,bus,19,50.0,17.5,moving,,1.0
342,bus,20,32.5,60.0,moving,,-1.0
342,bus,21,15.0,32.5,moving,,1.0
342,bus,22,50.0,42.5,moving,,-1.0
342,bus,23,32.5,15.0,moving,,1.0
343,drone,0,20.597149997093368,19.850712500726658,moving_to_pickup,245.0,
343,drone,1,15.0,40.0,waiting_at_bus_station_for_delivery,156.50264256998597,
343,bus,0,15.0,27.5,moving,,1.0
343,bus,1,37.5,60.0,moving,,-1.0
343,bus,2,27.5,15.0,moving,,1.0
343,bus,3,50.0,47.5,moving,,-1.0
343,bus,4,15.0,7.5,moving,,1.0
343,bus,5,57.5,60.0,moving,,-1.0
343,bus,6,7.5,15.0,moving,,1.0
343,bus,7,50.0,67.5,moving,,-1.0
343,bus,8,15.0,12.5,moving,,-1.0
343,bus,9,52.5,60.0,moving,,1.0
343,bus,10,12.5,15.0,moving,,-1.0
343,bus,11,50.0,62.5,moving,,1.0
343,bus,12,15.0,32.5,moving,,-1.0
343,bus,13,32.5,60.0,moving,,1.0
343,bus,14,32.5,15.0,moving,,-1.0
343,bus,15,50.0,42.5,moving,,1.0
343,bus,16,15.0,52.5,moving,,-1.0
343,bus,17,15.0,57.5,moving,,1.0
343,bus,18,50.0,17.5,moving,,-1.0
343,bus,19,50.0,22.5,moving,,1.0
343,bus,20,27.5,60.0,moving,,-1.0
343,bus,21,15.0,37.5,moving,,1.0
343,bus,22,50.0,37.5,moving,,-1.0
343,bus,23,37.5,15.0,moving,,1.0
344,drone,0,20.0,20.0,moving_to_bus_station_finish_pickup,244.3844718719117,
344,drone,1,15.0,40.0,waiting_at_bus_station_for_delivery,156.50264256998597,
344,bus,0,15.0,30.0,at_station,,1.0
344,bus,1,35.0,60.0,at_station,,-1.0
344,bus,2,30.0,15.0,at_station,,1.0
344,bus,3,50.0,45.0,at_station,,-1.0
344,bus,4,15.0,10.0,at_station,,1.0
344,bus,5,55.0,60.0,at_station,,-1.0
344,bus,6,10.0,15.0,at_station,,1.0
344,bus,7,50.0,65.0,at_station,,-1.0
344,bus,8,15.0,10.0,at_station,,-1.0
344,bus,9,55.0,60.0,at_station,,1.0
344,bus,10,10.0,15.0,at_station,,-1.0
344,bus,11,50.0,65.0,at_station,,1.0
344,bus,12,15.0,30.0,at_station,,-1.0
344,bus,13,35.0,60.0,at_station,,1.0
344,bus,14,30.0,15.0,at_station,,-1.0
344,bus,15,50.0,45.0,at_station,,1.0
344,bus,16,15.0,50.0,at_station,,-1.0
344,bus,17,15.0,60.0,at_station,,1.0
344,bus,18,50.0,15.0,at_station,,-1.0
344,bus,19,50.0,25.0,at_station,,1.0
344,bus,20,25.0,60.0,at_station,,-1.0
344,bus,21,15.0,40.0,at_station,,1.0
344,bus,22,50.0,35.0,at_station,,-1.0
344,bus,23,40.0,15.0,at_station,,1.0
345,drone,0,15.0,20.0,waiting_at_bus_station_for_pickup_bus,239.3844718719117,
345,drone,1,15.0,40.0,waiting_at_bus_station_for_delivery,156.50264256998597,
345,bus,0,15.0,30.0,at_station,,1.0
345,bus,1,35.0,60.0,at_station,,-1.0
345,bus,2,30.0,15.0,at_station,,1.0
345,bus,3,50.0,45.0,at_station,,-1.0
345,bus,4,15.0,10.0,at_station,,1.0
345,bus,5,55.0,60.0,at_station,,-1.0
345,bus,6,10.0,15.0,at_station,,1.0
345,bus,7,50.0,65.0,at_station,,-1.0
345,bus,8,15.0,10.0,at_station,,-1.0
345,bus,9,55.0,60.0,at_station,,1.0
345,bus,10,10.0,15.0,at_station,,-1.0
345,bus,11,50.0,65.0,at_station,,1.0
345,bus,12,15.0,30.0,at_station,,-1.0
345,bus,13,35.0,60.0,at_station,,1.0
345,bus,14,30.0,15.0,at_station,,-1.0
345,bus,15,50.0,45.0,at_station,,1.0
345,bus,16,15.0,50.0,at_station,,-1.0
345,bus,17,15.0,60.0,at_station,,1.0
345,bus,18,50.0,15.0,at_station,,-1.0
345,bus,19,50.0,25.0,at_station,,1.0
345,bus,20,25.0,60.0,at_station,,-1.0
345,bus,21,15.0,40.0,at_station,,1.0
345,bus,22,50.0,35.0,at_station,,-1.0
345,bus,23,40.0,15.0,at_station,,1.0
346,drone,0,15.0,20.0,waiting_at_bus_station_for_pickup_bus,239.3844718719117,
346,drone,1,15.0,40.0,waiting_at_bus_station_for_delivery,156.50264256998597,
346,bus,0,15.0,30.0,at_station,,1.0
346,bus,1,35.0,60.0,at_station,,-1.0
346,bus,2,30.0,15.0,at_station,,1.0
346,bus,3,50.0,45.0,at_station,,-1.0
346,bus,4,15.0,10.0,at_station,,1.0
346,bus,5,55.0,60.0,at_station,,-1.0
346,bus,6,10.0,15.0,at_station,,1.0
346,bus,7,50.0,65.0,at_station,,-1.0
346,bus,8,15.0,10.0,at_station,,-1.0
346,bus,9,55.0,60.0,at_station,,1.0
346,bus,10,10.0,15.0,at_station,,-1.0
346,bus,11,50.0,65.0,at_station,,1.0
346,bus,12,15.0,30.0,at_station,,-1.0
346,bus,13,35.0,60.0,at_station,,1.0
346,bus,14,30.0,15.0,at_station,,-1.0
346,bus,15,50.0,45.0,at_station,,1.0
346,bus,16,15.0,50.0,at_station,,-1.0
346,bus,17,15.0,60.0,at_station,,1.0
346,bus,18,50.0,15.0,at_station,,-1.0
346,bus,19,50.0,25.0,at_station,,1.0
346,bus,20,25.0,60.0,at_station,,-1.0
346,bus,21,15.0,40.0,at_station,,1.0
346,bus,22,50.0,35.0,at_station,,-1.0
346,bus,23,40.0,15.0,at_station,,1.0
347,drone,0,15.0,20.0,waiting_at_bus_station_for_pickup_bus,239.3844718719117,
347,drone,1,15.0,40.0,waiting_at_bus_station_for_delivery,156.50264256998597,
347,bus,0,15.0,32.5,moving,,1.0
347,bus,1,32.5,60.0,moving,,-1.0
347,bus,2,32.5,15.0,moving,,1.0
347,bus,3,50.0,42.5,moving,,-1.0
347,bus,4,15.0,12.5,moving,,1.0
347,bus,5,52.5,60.0,moving,,-1.0
347,bus,6,12.5,15.0,moving,,1.0
347,bus,7,50.0,62.5,moving,,-1.0
347,bus,8,15.0,7.5,moving,,-1.0
347,bus,9,57.5,60.0,moving,,1.0
347,bus,10,7.5,15.0,moving,,-1.0
347,bus,11,50.0,67.5,moving,,1.0
347,bus,12,15.0,27.5,moving,,-1.0
347,bus,13,37.5,60.0,moving,,1.0
347,bus,14,27.5,15.0,moving,,-1.0
347,bus,15,50.0,47.5,moving,,1.0
347,bus,16,15.0,47.5,moving,,-1.0
347,bus,17,17.5,60.0,moving,,1.0
347,bus,18,47.5,15.0,moving,,-1.0
347,bus,19,50.0,27.5,moving,,1.0
347,bus,20,22.5,60.0,moving,,-1.0
347,bus,21,15.0,42.5,moving,,1.0
347,bus,22,50.0,32.5,moving,,-1.0
347,bus,23,42.5,15.0,moving,,1.0
348,drone,0,15.0,20.0,waiting_at_bus_station_for_pickup_bus,239.3844718719117,
348,drone,1,15.0,40.0,waiting_at_bus_station_for_delivery,156.50264256998597,
348,bus,0,15.0,37.5,moving,,1.0
348,bus,1,27.5,60.0,moving,,-1.0
348,bus,2,37.5,15.0,moving,,1.0
348,bus,3,50.0,37.5,moving,,-1.0
348,bus,4,15.0,17.5,moving,,1.0
348,bus,5,47.5,60.0,moving,,-1.0
348,bus,6,17.5,15.0,moving,,1.0
348,bus,7,50.0,57.5,moving,,-1.0
348,bus,8,15.0,2.5,moving,,-1.0
348,bus,9,62.5,60.0,moving,,1.0
348,bus,10,2.5,15.0,moving,,-1.0
348,bus,11,50.0,72.5,moving,,1.0
348,bus,12,15.0,22.5,moving,,-1.0
348,bus,13,42.5,60.0,moving,,1.0
348,bus,14,22.5,15.0,moving,,-1.0
348,bus,15,50.0,52.5,moving,,1.0
348,bus,16,15.0,42.5,moving,,-1.0
348,bus,17,22.5,60.0,moving,,1.0
348,bus,18,42.5,15.0,moving,,-1.0
348,bus,19,50.0,32.5,moving,,1.0
348,bus,20,17.5,60.0,moving,,-1.0
348,bus,21,15.0,47.5,moving,,1.0
348,bus,22,50.0,27.5,moving,,-1.0
348,bus,23,47.5,15.0,moving,,1.0
349,drone,0,15.0,20.0,waiting_at_bus_station_for_pickup_bus,239.3844718719117,
349,drone,1,15.0,40.0,waiting_at_bus_station_for_delivery,156.50264256998597,
349,bus,0,15.0,40.0,at_station,,1.0
349,bus,1,25.0,60.0,at_station,,-1.0
349,bus,2,40.0,15.0,at_station,,1.0
349,bus,3,50.0,35.0,at_station,,-1.0
349,bus,4,15.0,20.0,at_station,,1.0
349,bus,5,45.0,60.0,at_station,,-1.0
349,bus,6,20.0,15.0,at_station,,1.0
349,bus,7,50.0,55.0,at_station,,-1.0
349,bus,8,15.0,0.0,at_station,,-1.0
349,bus,9,65.0,60.0,at_station,,1.0
349,bus,10,0.0,15.0,at_station,,-1.0
349,bus,11,50.0,75.0,at_station,,1.0
349,bus,12,15.0,20.0,at_station,,-1.0
349,bus,13,45.0,60.0,at_station,,1.0
349,bus,14,20.0,15.0,at_station,,-1.0
349,bus,15,50.0,55.0,at_station,,1.0
349,bus,16,15.0,40.0,at_station,,-1.0
349,bus,17,25.0,60.0,at_station,,1.0
349,bus,18,40.0,15.0,at_station,,-1.0
349,bus,19,50.0,35.0,at_station,,1.0
349,bus,20,15.0,60.0,at_station,,-1.0
349,bus,21,15.0,50.0,at_station,,1.0
349,bus,22,50.0,25.0,at_station,,-1.0
349,bus,23,50.0,15.0,at_station,,1.0
350,drone,0,15.0,20.0,waiting_at_bus_station_for_pickup_bus,239.3844718719117,
350,drone,1,15.0,40.0,waiting_at_bus_station_for_delivery,156.50264256998597,
350,bus,0,15.0,40.0,at_station,,1.0
350,bus,1,25.0,60.0,at_station,,-1.0
350,bus,2,40.0,15.0,at_station,,1.0
350,bus,3,50.0,35.0,at_station,,-1.0
350,bus,4,15.0,20.0,at_station,,1.0
350,bus,5,45.0,60.0,at_station,,-1.0
350,bus,6,20.0,15.0,at_station,,1.0
350,bus,7,50.0,55.0,at_station,,-1.0
350,bus,8,15.0,0.0,at_station,,-1.0
350,bus,9,65.0,60.0,at_station,,1.0
350,bus,10,0.0,15.0,at_station,,-1.0
350,bus,11,50.0,75.0,at_station,,1.0
350,bus,12,15.0,20.0,at_station,,-1.0
350,bus,13,45.0,60.0,at_station,,1.0
350,bus,14,20.0,15.0,at_station,,-1.0
350,bus,15,50.0,55.0,at_station,,1.0
350,bus,16,15.0,40.0,at_station,,-1.0
350,bus,17,25.0,60.0,at_station,,1.0
350,bus,18,40.0,15.0,at_station,,-1.0
350,bus,19,50.0,35.0,at_station,,1.0
350,bus,20,15.0,60.0,at_station,,-1.0
350,bus,21,15.0,50.0,at_station,,1.0
350,bus,22,50.0,25.0,at_station,,-1.0
350,bus,23,50.0,15.0,at_station,,1.0
351,drone,0,15.0,20.0,waiting_at_bus_station_for_pickup_bus,239.3844718719117,
351,drone,1,15.0,40.0,waiting_at_bus_station_for_delivery,156.50264256998597,
351,bus,0,15.0,40.0,at_station,,1.0
351,bus,1,25.0,60.0,at_station,,-1.0
351,bus,2,40.0,15.0,at_station,,1.0
351,bus,3,50.0,35.0,at_station,,-1.0
351,bus,4,15.0,20.0,at_station,,1.0
351,bus,5,45.0,60.0,at_station,,-1.0
351,bus,6,20.0,15.0,at_station,,1.0
351,bus,7,50.0,55.0,at_station,,-1.0
351,bus,8,15.0,0.0,at_station,,-1.0
351,bus,9,65.0,60.0,at_station,,1.0
351,bus,10,0.0,15.0,at_station,,-1.0
351,bus,11,50.0,75.0,at_station,,1.0
351,bus,12,15.0,20.0,at_station,,-1.0
351,bus,13,45.0,60.0,at_station,,1.0
351,bus,14,20.0,15.0,at_station,,-1.0
351,bus,15,50.0,55.0,at_station,,1.0
351,bus,16,15.0,40.0,at_station,,-1.0
351,bus,17,25.0,60.0,at_station,,1.0
351,bus,18,40.0,15.0,at_station,,-1.0
351,bus,19,50.0,35.0,at_station,,1.0
351,bus,20,15.0,60.0,at_station,,-1.0
351,bus,21,15.0,50.0,at_station,,1.0
351,bus,22,50.0,25.0,at_station,,-1.0
351,bus,23,50.0,15.0,at_station,,1.0
352,drone,0,15.0,20.0,waiting_at_bus_station_for_pickup_bus,239.3844718719117,
352,drone,1,15.0,40.0,waiting_at_bus_station_for_delivery,156.50264256998597,
352,bus,0,15.0,42.5,moving,,1.0
352,bus,1,22.5,60.0,moving,,-1.0
352,bus,2,42.5,15.0,moving,,1.0
352,bus,3,50.0,32.5,moving,,-1.0
352,bus,4,15.0,22.5,moving,,1.0
352,bus,5,42.5,60.0,moving,,-1.0
352,bus,6,22.5,15.0,moving,,1.0
352,bus,7,50.0,52.5,moving,,-1.0
352,bus,8,15.0,2.5,moving,,1.0
352,bus,9,62.5,60.0,moving,,-1.0
352,bus,10,2.5,15.0,moving,,1.0
352,bus,11,50.0,72.5,moving,,-1.0
352,bus,12,15.0,17.5,moving,,-1.0
352,bus,13,47.5,60.0,moving,,1.0
352,bus,14,17.5,15.0,moving,,-1.0
352,bus,15,50.0,57.5,moving,,1.0
352,bus,16,15.0,37.5,moving,,-1.0
352,bus,17,27.5,60.0,moving,,1.0
352,bus,18,37.5,15.0,moving,,-1.0
352,bus,19,50.0,37.5,moving,,1.0
352,bus,20,15.0,57.5,moving,,-1.0
352,bus,21,15.0,52.5,moving,,1.0
352,bus,22,50.0,22.5,moving,,-1.0
352,bus,23,50.0,17.5,moving,,1.0
353,drone,0,15.0,20.0,waiting_at_bus_station_for_pickup_bus,239.3844718719117,
353,drone,1,15.0,40.0,waiting_at_bus_station_for_delivery,156.50264256998597,
353,bus,0,15.0,47.5,moving,,1.0
353,bus,1,17.5,60.0,moving,,-1.0
353,bus,2,47.5,15.0,moving,,1.0
353,bus,3,50.0,27.5,moving,,-1.0
353,bus,4,15.0,27.5,moving,,1.0
353,bus,5,37.5,60.0,moving,,-1.0
353,bus,6,27.5,15.0,moving,,1.0
353,bus,7,50.0,47.5,moving,,-1.0
353,bus,8,15.0,7.5,moving,,1.0
353,bus,9,57.5,60.0,moving,,-1.0
353,bus,10,7.5,15.0,moving,,1.0
353,bus,11,50.0,67.5,moving,,-1.0
353,bus,12,15.0,12.5,moving,,-1.0
353,bus,13,52.5,60.0,moving,,1.0
353,bus,14,12.5,15.0,moving,,-1.0
353,bus,15,50.0,62.5,moving,,1.0
353,bus,16,15.0,32.5,moving,,-1.0
353,bus,17,32.5,60.0,moving,,1.0
353,bus,18,32.5,15.0,moving,,-1.0
353,bus,19,50.0,42.5,moving,,1.0
353,bus,20,15.0,52.5,moving,,-1.0
353,bus,21,15.0,57.5,moving,,1.0
353,bus,22,50.0,17.5,moving,,-1.0
353,bus,23,50.0,22.5,moving,,1.0
354,drone,0,15.0,20.0,waiting_at_bus_station_for_pickup_bus,239.3844718719117,
354,drone,1,15.0,40.0,waiting_at_bus_station_for_delivery,156.50264256998597,
354,bus,0,15.0,50.0,at_station,,1.0
354,bus,1,15.0,60.0,at_station,,-1.0
354,bus,2,50.0,15.0,at_station,,1.0
354,bus,3,50.0,25.0,at_station,,-1.0
354,bus,4,15.0,30.0,at_station,,1.0
354,bus,5,35.0,60.0,at_station,,-1.0
354,bus,6,30.0,15.0,at_station,,1.0
354,bus,7,50.0,45.0,at_station,,-1.0
354,bus,8,15.0,10.0,at_station,,1.0
354,bus,9,55.0,60.0,at_station,,-1.0
354,bus,10,10.0,15.0,at_station,,1.0
354,bus,11,50.0,65.0,at_station,,-1.0
354,bus,12,15.0,10.0,at_station,,-1.0
354,bus,13,55.0,60.0,at_station,,1.0
354,bus,14,10.0,15.0,at_station,,-1.0
354,bus,15,50.0,65.0,at_station,,1.0
354,bus,16,15.0,30.0,at_station,,-1.0
354,bus,17,35.0,60.0,at_station,,1.0
354,bus,18,30.0,15.0,at_station,,-1.0
354,bus,19,50.0,45.0,at_station,,1.0
354,bus,20,15.0,50.0,at_station,,-1.0
354,bus,21,15.0,60.0,at_station,,1.0
354,bus,22,50.0,15.0,at_station,,-1.0
354,bus,23,50.0,25.0,at_station,,1.0
355,drone,0,15.0,20.0,waiting_at_bus_station_for_pickup_bus,239.3844718719117,
355,drone,1,15.0,40.0,waiting_at_bus_station_for_delivery,156.50264256998597,
355,bus,0,15.0,50.0,at_station,,1.0
355,bus,1,15.0,60.0,at_station,,-1.0
355,bus,2,50.0,15.0,at_station,,1.0
355,bus,3,50.0,25.0,at_station,,-1.0
355,bus,4,15.0,30.0,at_station,,1.0
355,bus,5,35.0,60.0,at_station,,-1.0
355,bus,6,30.0,15.0,at_station,,1.0
355,bus,7,50.0,45.0,at_station,,-1.0
355,bus,8,15.0,10.0,at_station,,1.0
355,bus,9,55.0,60.0,at_station,,-1.0
355,bus,10,10.0,15.0,at_station,,1.0
355,bus,11,50.0,65.0,at_station,,-1.0
355,bus,12,15.0,10.0,at_station,,-1.0
355,bus,13,55.0,60.0,at_station,,1.0
355,bus,14,10.0,15.0,at_station,,-1.0
355,bus,15,50.0,65.0,at_station,,1.0
355,bus,16,15.0,30.0,at_station,,-1.0
355,bus,17,35.0,60.0,at_station,,1.0
355,bus,18,30.0,15.0,at_station,,-1.0
355,bus,19,50.0,45.0,at_station,,1.0
355,bus,20,15.0,50.0,at_station,,-1.0
355,bus,21,15.0,60.0,at_station,,1.0
355,bus,22,50.0,15.0,at_station,,-1.0
355,bus,23,50.0,25.0,at_station,,1.0
356,drone,0,15.0,20.0,waiting_at_bus_station_for_pickup_bus,239.3844718719117,
356,drone,1,15.0,40.0,waiting_at_bus_station_for_delivery,156.50264256998597,
356,bus,0,15.0,50.0,at_station,,1.0
356,bus,1,15.0,60.0,at_station,,-1.0
356,bus,2,50.0,15.0,at_station,,1.0
356,bus,3,50.0,25.0,at_station,,-1.0
356,bus,4,15.0,30.0,at_station,,1.0
356,bus,5,35.0,60.0,at_station,,-1.0
356,bus,6,30.0,15.0,at_station,,1.0
356,bus,7,50.0,45.0,at_station,,-1.0
356,bus,8,15.0,10.0,at_station,,1.0
356,bus,9,55.0,60.0,at_station,,-1.0
356,bus,10,10.0,15.0,at_station,,1.0
356,bus,11,50.0,65.0,at_station,,-1.0
356,bus,12,15.0,10.0,at_station,,-1.0
356,bus,13,55.0,60.0,at_station,,1.0
356,bus,14,10.0,15.0,at_station,,-1.0
356,bus,15,50.0,65.0,at_station,,1.0
356,bus,16,15.0,30.0,at_station,,-1.0
356,bus,17,35.0,60.0,at_station,,1.0
356,bus,18,30.0,15.0,at_station,,-1.0
356,bus,19,50.0,45.0,at_station,,1.0
356,bus,20,15.0,50.0,at_station,,-1.0
356,bus,21,15.0,60.0,at_station,,1.0
356,bus,22,50.0,15.0,at_station,,-1.0
356,bus,23,50.0,25.0,at_station,,1.0
357,drone,0,15.0,20.0,waiting_at_bus_station_for_pickup_bus,239.3844718719117,
357,drone,1,15.0,40.0,waiting_at_bus_station_for_delivery,156.50264256998597,
357,bus,0,15.0,52.5,moving,,1.0
357,bus,1,15.0,57.5,moving,,-1.0
357,bus,2,50.0,17.5,moving,,1.0
357,bus,3,50.0,22.5,moving,,-1.0
357,bus,4,15.0,32.5,moving,,1.0
357,bus,5,32.5,60.0,moving,,-1.0
357,bus,6,32.5,15.0,moving,,1.0
357,bus,7,50.0,42.5,moving,,-1.0
357,bus,8,15.0,12.5,moving,,1.0
357,bus,9,52.5,60.0,moving,,-1.0
357,bus,10,12.5,15.0,moving,,1.0
357,bus,11,50.0,62.5,moving,,-1.0
357,bus,12,15.0,7.5,moving,,-1.0
357,bus,13,57.5,60.0,moving,,1.0
357,bus,14,7.5,15.0,moving,,-1.0
357,bus,15,50.0,67.5,moving,,1.0
357,bus,16,15.0,27.5,moving,,-1.0
357,bus,17,37.5,60.0,moving,,1.0
357,bus,18,27.5,15.0,moving,,-1.0
357,bus,19,50.0,47.5,moving,,1.0
357,bus,20,15.0,47.5,moving,,-1.0
357,bus,21,17.5,60.0,moving,,1.0
357,bus,22,47.5,15.0,moving,,-1.0
357,bus,23,50.0,27.5,moving,,1.0
358,drone,0,15.0,20.0,waiting_at_bus_station_for_pickup_bus,239.3844718719117,
358,drone,1,15.0,40.0,waiting_at_bus_station_for_delivery,156.50264256998597,
358,bus,0,15.0,57.5,moving,,1.0
358,bus,1,15.0,52.5,moving,,-1.0
358,bus,2,50.0,22.5,moving,,1.0
358,bus,3,50.0,17.5,moving,,-1.0
358,bus,4,15.0,37.5,moving,,1.0
358,bus,5,27.5,60.0,moving,,-1.0
358,bus,6,37.5,15.0,moving,,1.0
358,bus,7,50.0,37.5,moving,,-1.0
358,bus,8,15.0,17.5,moving,,1.0
358,bus,9,47.5,60.0,moving,,-1.0
358,bus,10,17.5,15.0,moving,,1.0
358,bus,11,50.0,57.5,moving,,-1.0
358,bus,12,15.0,2.5,moving,,-1.0
358,bus,13,62.5,60.0,moving,,1.0
358,bus,14,2.5,15.0,moving,,-1.0
358,bus,15,50.0,72.5,moving,,1.0
358,bus,16,15.0,22.5,moving,,-1.0
358,bus,17,42.5,60.0,moving,,1.0
358,bus,18,22.5,15.0,moving,,-1.0
358,bus,19,50.0,52.5,moving,,1.0
358,bus,20,15.0,42.5,moving,,-1.0
358,bus,21,22.5,60.0,moving,,1.0
358,bus,22,42.5,15.0,moving,,-1.0
358,bus,23,50.0,32.5,moving,,1.0
359,drone,0,15.0,20.0,waiting_at_bus_station_for_pickup_bus,239.3844718719117,
359,drone,1,15.0,40.0,waiting_at_bus_station_for_delivery,156.50264256998597,
359,bus,0,15.0,60.0,at_station,,1.0
359,bus,1,15.0,50.0,at_station,,-1.0
359,bus,2,50.0,25.0,at_station,,1.0
359,bus,3,50.0,15.0,at_station,,-1.0
359,bus,4,15.0,40.0,at_station,,1.0
359,bus,5,25.0,60.0,at_station,,-1.0
359,bus,6,40.0,15.0,at_station,,1.0
359,bus,7,50.0,35.0,at_station,,-1.0
359,bus,8,15.0,20.0,at_station,,1.0
359,bus,9,45.0,60.0,at_station,,-1.0
359,bus,10,20.0,15.0,at_station,,1.0
359,bus,11,50.0,55.0,at_station,,-1.0
359,bus,12,15.0,0.0,at_station,,-1.0
359,bus,13,65.0,60.0,at_station,,1.0
359,bus,14,0.0,15.0,at_station,,-1.0
359,bus,15,50.0,75.0,at_station,,1.0
359,bus,16,15.0,20.0,at_station,,-1.0
359,bus,17,45.0,60.0,at_station,,1.0
359,bus,18,20.0,15.0,at_station,,-1.0
359,bus,19,50.0,55.0,at_station,,1.0
359,bus,20,15.0,40.0,at_station,,-1.0
359,bus,21,25.0,60.0,at_station,,1.0
359,bus,22,40.0,15.0,at_station,,-1.0
359,bus,23,50.0,35.0,at_station,,1.0
360,drone,0,18.535533905932738,23.535533905932738,moving_to_pickup,234.3844718719117,
360,drone,1,14.0,37.0,idle,153.3403649098176,
360,bus,0,15.0,60.0,at_station,,1.0
360,bus,1,15.0,50.0,at_station,,-1.0
360,bus,2,50.0,25.0,at_station,,1.0
360,bus,3,50.0,15.0,at_station,,-1.0
360,bus,4,15.0,40.0,at_station,,1.0
360,bus,5,25.0,60.0,at_station,,-1.0
360,bus,6,40.0,15.0,at_station,,1.0
360,bus,7,50.0,35.0,at_station,,-1.0
360,bus,8,15.0,20.0,at_station,,1.0
360,bus,9,45.0,60.0,at_station,,-1.0
360,bus,10,20.0,15.0,at_station,,1.0
360,bus,11,50.0,55.0,at_station,,-1.0
360,bus,12,15.0,0.0,at_station,,-1.0
360,bus,13,65.0,60.0,at_station,,1.0
360,bus,14,0.0,15.0,at_station,,-1.0
360,bus,15,50.0,75.0,at_station,,1.0
360,bus,16,15.0,20.0,at_station,,-1.0
360,bus,17,45.0,60.0,at_station,,1.0
360,bus,18,20.0,15.0,at_station,,-1.0
360,bus,19,50.0,55.0,at_station,,1.0
360,bus,20,15.0,40.0,at_station,,-1.0
360,bus,21,25.0,60.0,at_station,,1.0
360,bus,22,40.0,15.0,at_station,,-1.0
360,bus,23,50.0,35.0,at_station,,1.0
361,drone,0,22.0,27.0,moving_to_bus_station_finish_pickup,229.48497693530004,
361,drone,1,17.77040797943153,33.71609627597899,moving_to_pickup,148.3403649098176,
361,bus,0,15.0,60.0,at_station,,1.0
361,bus,1,15.0,50.0,at_station,,-1.0
361,bus,2,50.0,25.0,at_station,,1.0
361,bus,3,50.0,15.0,at_station,,-1.0
361,bus,4,15.0,40.0,at_station,,1.0
361,bus,5,25.0,60.0,at_station,,-1.0
361,bus,6,40.0,15.0,at_station,,1.0
361,bus,7,50.0,35.0,at_station,,-1.0
361,bus,8,15.0,20.0,at_station,,1.0
361,bus,9,45.0,60.0,at_station,,-1.0
361,bus,10,20.0,15.0,at_station,,1.0
361,bus,11,50.0,55.0,at_station,,-1.0
361,bus,12,15.0,0.0,at_station,,-1.0
361,bus,13,65.0,60.0,at_station,,1.0
361,bus,14,0.0,15.0,at_station,,-1.0
361,bus,15,50.0,75.0,at_station,,1.0
361,bus,16,15.0,20.0,at_station,,-1.0
361,bus,17,45.0,60.0,at_station,,1.0
361,bus,18,20.0,15.0,at_station,,-1.0
361,bus,19,50.0,55.0,at_station,,1.0
361,bus,20,15.0,40.0,at_station,,-1.0
361,bus,21,25.0,60.0,at_station,,1.0
361,bus,22,40.0,15.0,at_station,,-1.0
361,bus,23,50.0,35.0,at_station,,1.0
362,drone,0,17.40427484990971,28.96959649289584,moving_to_bus_station_finish_pickup,224.48497693530004,
362,drone,1,21.540815958863057,30.432192551957982,moving_to_pickup,143.3403649098176,
362,bus,0,17.5,60.0,moving,,1.0
362,bus,1,15.0,47.5,moving,,-1.0
362,bus,2,50.0,27.5,moving,,1.0
362,bus,3,47.5,15.0,moving,,-1.0
362,bus,4,15.0,42.5,moving,,1.0
362,bus,5,22.5,60.0,moving,,-1.0
362,bus,6,42.5,15.0,moving,,1.0
362,bus,7,50.0,32.5,moving,,-1.0
362,bus,8,15.0,22.5,moving,,1.0
362,bus,9,42.5,60.0,moving,,-1.0
362,bus,10,22.5,15.0,moving,,1.0
362,bus,11,50.0,52.5,moving,,-1.0
362,bus,12,15.0,2.5,moving,,1.0
362,bus,13,62.5,60.0,moving,,-1.0
362,bus,14,2.5,15.0,moving,,1.0
362,bus,15,50.0,72.5,moving,,-1.0
362,bus,16,15.0,17.5,moving,,-1.0
362,bus,17,47.5,60.0,moving,,1.0
362,bus,18,17.5,15.0,moving,,-1.0
362,bus,19,50.0,57.5,moving,,1.0
362,bus,20,15.0,37.5,moving,,-1.0
362,bus,21,27.5,60.0,moving,,1.0
362,bus,22,37.5,15.0,moving,,-1.0
362,bus,23,50.0,37.5,moving,,1.0
363,drone,0,15.0,30.0,waiting_at_bus_station_for_pickup_bus,221.86920382943612,
363,drone,1,25.311223938294585,27.148288827936973,moving_to_pickup,138.3403649098176,
363,bus,0,22.5,60.0,moving,,1.0
363,bus,1,15.0,42.5,moving,,-1.0
363,bus,2,50.0,32.5,moving,,1.0
363,bus,3,42.5,15.0,moving,,-1.0
363,bus,4,15.0,47.5,moving,,1.0
363,bus,5,17.5,60.0,moving,,-1.0
363,bus,6,47.5,15.0,moving,,1.0
363,bus,7,50.0,27.5,moving,,-1.0
363,bus,8,15.0,27.5,moving,,1.0
363,bus,9,37.5,60.0,moving,,-1.0
363,bus,10,27.5,15.0,moving,,1.0
363,bus,11,50.0,47.5,moving,,-1.0
363,bus,12,15.0,7.5,moving,,1.0
363,bus,13,57.5,60.0,moving,,-1.0
363,bus,14,7.5,15.0,moving,,1.0
363,bus,15,50.0,67.5,moving,,-1.0
363,bus,16,15.0,12.5,moving,,-1.0
363,bus,17,52.5,60.0,moving,,1.0
363,bus,18,12.5,15.0,moving,,-1.0
363,bus,19,50.0,62.5,moving,,1.0
363,bus,20,15.0,32.5,moving,,-1.0
363,bus,21,32.5,60.0,moving,,1.0
363,bus,22,32.5,15.0,moving,,-1.0
363,bus,23,50.0,42.5,moving,,1.0
364,drone,0,15.0,30.0,waiting_at_bus_station_for_pickup_bus,221.86920382943612,
364,drone,1,29.081631917726114,23.864385103915964,moving_to_pickup,133.3403649098176,
364,bus,0,25.0,60.0,at_station,,1.0
364,bus,1,15.0,40.0,at_station,,-1.0
364,bus,2,50.0,35.0,at_station,,1.0
364,bus,3,40.0,15.0,at_station,,-1.0
364,bus,4,15.0,50.0,at_station,,1.0
364,bus,5,15.0,60.0,at_station,,-1.0
364,bus,6,50.0,15.0,at_station,,1.0
364,bus,7,50.0,25.0,at_station,,-1.0
364,bus,8,15.0,30.0,at_station,,1.0
364,bus,9,35.0,60.0,at_station,,-1.0
364,bus,10,30.0,15.0,at_station,,1.0
364,bus,11,50.0,45.0,at_station,,-1.0
364,bus,12,15.0,10.0,at_station,,1.0
364,bus,13,55.0,60.0,at_station,,-1.0
364,bus,14,10.0,15.0,at_station,,1.0
364,bus,15,50.0,65.0,at_station,,-1.0
364,bus,16,15.0,10.0,at_station,,-1.0
364,bus,17,55.0,60.0,at_station,,1.0
364,bus,18,10.0,15.0,at_station,,-1.0
364,bus,19,50.0,65.0,at_station,,1.0
364,bus,20,15.0,30.0,at_station,,-1.0
364,bus,21,35.0,60.0,at_station,,1.0
364,bus,22,30.0,15.0,at_station,,-1.0
364,bus,23,50.0,45.0,at_station,,1.0
365,drone,0,15.0,30.0,waiting_at_bus_station_for_pickup_bus,221.86920382943612,
365,drone,1,32.852039897157645,20.580481379894955,moving_to_pickup,128.3403649098176,
365,bus,0,25.0,60.0,at_station,,1.0
365,bus,1,15.0,40.0,at_station,,-1.0
365,bus,2,50.0,35.0,at_station,,1.0
365,bus,3,40.0,15.0,at_station,,-1.0
365,bus,4,15.0,50.0,at_station,,1.0
365,bus,5,15.0,60.0,at_station,,-1.0
365,bus,6,50.0,15.0,at_station,,1.0
365,bus,7,50.0,25.0,at_station,,-1.0
365,bus,8,15.0,30.0,at_station,,1.0
365,bus,9,35.0,60.0,at_station,,-1.0
365,bus,10,30.0,15.0,at_station,,1.0
365,bus,11,50.0,45.0,at_station,,-1.0
365,bus,12,15.0,10.0,at_station,,1.0
365,bus,13,55.0,60.0,at_station,,-1.0
365,bus,14,10.0,15.0,at_station,,1.0
365,bus,15,50.0,65.0,at_station,,-1.0
365,bus,16,15.0,10.0,at_station,,-1.0
365,bus,17,55.0,60.0,at_station,,1.0
365,bus,18,10.0,15.0,at_station,,-1.0
365,bus,19,50.0,65.0,at_station,,1.0
365,bus,20,15.0,30.0,at_station,,-1.0
365,bus,21,35.0,60.0,at_station,,1.0
365,bus,22,30.0,15.0,at_station,,-1.0
365,bus,23,50.0,45.0,at_station,,1.0
366,drone,0,15.0,30.0,waiting_at_bus_station_for_pickup_bus,221.86920382943612,
366,drone,1,36.62244787658918,17.296577655873946,moving_to_pickup,123.3403649098176,
366,bus,0,25.0,60.0,at_station,,1.0
366,bus,1,15.0,40.0,at_station,,-1.0
366,bus,2,50.0,35.0,at_station,,1.0
366,bus,3,40.0,15.0,at_station,,-1.0
366,bus,4,15.0,50.0,at_station,,1.0
366,bus,5,15.0,60.0,at_station,,-1.0
366,bus,6,50.0,15.0,at_station,,1.0
366,bus,7,50.0,25.0,at_station,,-1.0
366,bus,8,15.0,30.0,at_station,,1.0
366,bus,9,35.0,60.0,at_station,,-1.0
366,bus,10,30.0,15.0,at_station,,1.0
366,bus,11,50.0,45.0,at_station,,-1.0
366,bus,12,15.0,10.0,at_station,,1.0
366,bus,13,55.0,60.0,at_station,,-1.0
366,bus,14,10.0,15.0,at_station,,1.0
366,bus,15,50.0,65.0,at_station,,-1.0
366,bus,16,15.0,10.0,at_station,,-1.0
366,bus,17,55.0,60.0,at_station,,1.0
366,bus,18,10.0,15.0,at_station,,-1.0
366,bus,19,50.0,65.0,at_station,,1.0
366,bus,20,15.0,30.0,at_station,,-1.0
366,bus,21,35.0,60.0,at_station,,1.0
366,bus,22,30.0,15.0,at_station,,-1.0
366,bus,23,50.0,45.0,at_station,,1.0
367,drone,0,15.0,30.0,waiting_at_bus_station_for_pickup_bus,221.86920382943612,
367,drone,1,40.3928558560207,14.012673931852936,moving_to_pickup,118.3403649098176,
367,bus,0,27.5,60.0,moving,,1.0
367,bus,1,15.0,37.5,moving,,-1.0
367,bus,2,50.0,37.5,moving,,1.0
367,bus,3,37.5,15.0,moving,,-1.0
367,bus,4,15.0,52.5,moving,,1.0
367,bus,5,15.0,57.5,moving,,-1.0
367,bus,6,50.0,17.5,moving,,1.0
367,bus,7,50.0,22.5,moving,,-1.0
367,bus,8,15.0,32.5,moving,,1.0
367,bus,9,32.5,60.0,moving,,-1.0
367,bus,10,32.5,15.0,moving,,1.0
367,bus,11,50.0,42.5,moving,,-1.0
367,bus,12,15.0,12.5,moving,,1.0
367,bus,13,52.5,60.0,moving,,-1.0
367,bus,14,12.5,15.0,moving,,1.0
367,bus,15,50.0,62.5,moving,,-1.0
367,bus,16,15.0,7.5,moving,,-1.0
367,bus,17,57.5,60.0,moving,,1.0
367,bus,18,7.5,15.0,moving,,-1.0
367,bus,19,50.0,67.5,moving,,1.0
367,bus,20,15.0,27.5,moving,,-1.0
367,bus,21,37.5,60.0,moving,,1.0
367,bus,22,27.5,15.0,moving,,-1.0
367,bus,23,50.0,47.5,moving,,1.0
368,drone,0,15.0,30.0,waiting_at_bus_station_for_pickup_bus,221.86920382943612,
368,drone,1,44.163263835452234,10.728770207831927,moving_to_pickup,113.3403649098176,
368,bus,0,32.5,60.0,moving,,1.0
368,bus,1,15.0,32.5,moving,,-1.0
368,bus,2,50.0,42.5,moving,,1.0
368,bus,3,32.5,15.0,moving,,-1.0
368,bus,4,15.0,57.5,moving,,1.0
368,bus,5,15.0,52.5,moving,,-1.0
368,bus,6,50.0,22.5,moving,,1.0
368,bus,7,50.0,17.5,moving,,-1.0
368,bus,8,15.0,37.5,moving,,1.0
368,bus,9,27.5,60.0,moving,,-1.0
368,bus,10,37.5,15.0,moving,,1.0
368,bus,11,50.0,37.5,moving,,-1.0
368,bus,12,15.0,17.5,moving,,1.0
368,bus,13,47.5,60.0,moving,,-1.0
368,bus,14,17.5,15.0,moving,,1.0
368,bus,15,50.0,57.5,moving,,-1.0
368,bus,16,15.0,2.5,moving,,-1.0
368,bus,17,62.5,60.0,moving,,1.0
368,bus,18,2.5,15.0,moving,,-1.0
368,bus,19,50.0,72.5,moving,,1.0
368,bus,20,15.0,22.5,moving,,-1.0
368,bus,21,42.5,60.0,moving,,1.0
368,bus,22,22.5,15.0,moving,,-1.0
368,bus,23,50.0,52.5,moving,,1.0
369,drone,0,15.0,30.0,waiting_at_bus_station_for_pickup_bus,221.86920382943612,
369,drone,1,45.0,10.0,moving_to_bus_station_finish_pickup,112.23075532762866,
369,bus,0,35.0,60.0,at_station,,1.0
369,bus,1,15.0,30.0,at_station,,-1.0
369,bus,2,50.0,45.0,at_station,,1.0
369,bus,3,30.0,15.0,at_station,,-1.0
369,bus,4,15.0,60.0,at_station,,1.0
369,bus,5,15.0,50.0,at_station,,-1.0
369,bus,6,50.0,25.0,at_station,,1.0
369,bus,7,50.0,15.0,at_station,,-1.0
369,bus,8,15.0,40.0,at_station,,1.0
369,bus,9,25.0,60.0,at_station,,-1.0
369,bus,10,40.0,15.0,at_station,,1.0
369,bus,11,50.0,35.0,at_station,,-1.0
369,bus,12,15.0,20.0,at_station,,1.0
369,bus,13,45.0,60.0,at_station,,-1.0
369,bus,14,20.0,15.0,at_station,,1.0
369,bus,15,50.0,55.0,at_station,,-1.0
369,bus,16,15.0,0.0,at_station,,-1.0
369,bus,17,65.0,60.0,at_station,,1.0
369,bus,18,0.0,15.0,at_station,,-1.0
369,bus,19,50.0,75.0,at_station,,1.0
369,bus,20,15.0,20.0,at_station,,-1.0
369,bus,21,45.0,60.0,at_station,,1.0
369,bus,22,20.0,15.0,at_station,,-1.0
369,bus,23,50.0,55.0,at_station,,1.0
370,drone,0,15.0,30.0,waiting_at_bus_station_for_pickup_bus,221.86920382943612,
370,drone,1,41.46446609406726,13.535533905932738,moving_to_bus_station_finish_pickup,107.23075532762866,
370,bus,0,35.0,60.0,at_station,,1.0
370,bus,1,15.0,30.0,at_station,,-1.0
370,bus,2,50.0,45.0,at_station,,1.0
370,bus,3,30.0,15.0,at_station,,-1.0
370,bus,4,15.0,60.0,at_station,,1.0
370,bus,5,15.0,50.0,at_station,,-1.0
370,bus,6,50.0,25.0,at_station,,1.0
370,bus,7,50.0,15.0,at_station,,-1.0
370,bus,8,15.0,40.0,at_station,,1.0
370,bus,9,25.0,60.0,at_station,,-1.0
370,bus,10,40.0,15.0,at_station,,1.0
370,bus,11,50.0,35.0,at_station,,-1.0
370,bus,12,15.0,20.0,at_station,,1.0
370,bus,13,45.0,60.0,at_station,,-1.0
370,bus,14,20.0,15.0,at_station,,1.0
370,bus,15,50.0,55.0,at_station,,-1.0
370,bus,16,15.0,0.0,at_station,,-1.0
370,bus,17,65.0,60.0,at_station,,1.0
370,bus,18,0.0,15.0,at_station,,-1.0
370,bus,19,50.0,75.0,at_station,,1.0
370,bus,20,15.0,20.0,at_station,,-1.0
370,bus,21,45.0,60.0,at_station,,1.0
370,bus,22,20.0,15.0,at_station,,-1.0
370,bus,23,50.0,55.0,at_station,,1.0
371,drone,0,15.0,30.0,waiting_at_bus_station_for_pickup_bus,221.86920382943612,
371,drone,1,40.0,15.0,waiting_at_bus_station_for_pickup_bus,105.15968751576318,
371,bus,0,35.0,60.0,at_station,,1.0
371,bus,1,15.0,30.0,at_station,,-1.0
371,bus,2,50.0,45.0,at_station,,1.0
371,bus,3,30.0,15.0,at_station,,-1.0
371,bus,4,15.0,60.0,at_station,,1.0
371,bus,5,15.0,50.0,at_station,,-1.0
371,bus,6,50.0,25.0,at_station,,1.0
371,bus,7,50.0,15.0,at_station,,-1.0
371,bus,8,15.0,40.0,at_station,,1.0
371,bus,9,25.0,60.0,at_station,,-1.0
371,bus,10,40.0,15.0,at_station,,1.0
371,bus,11,50.0,35.0,at_station,,-1.0
371,bus,12,15.0,20.0,at_station,,1.0
371,bus,13,45.0,60.0,at_station,,-1.0
371,bus,14,20.0,15.0,at_station,,1.0
371,bus,15,50.0,55.0,at_station,,-1.0
371,bus,16,15.0,0.0,at_station,,-1.0
371,bus,17,65.0,60.0,at_station,,1.0
371,bus,18,0.0,15.0,at_station,,-1.0
371,bus,19,50.0,75.0,at_station,,1.0
371,bus,20,15.0,20.0,at_station,,-1.0
371,bus,21,45.0,60.0,at_station,,1.0
371,bus,22,20.0,15.0,at_station,,-1.0
371,bus,23,50.0,55.0,at_station,,1.0
372,drone,0,15.0,30.0,waiting_at_bus_station_for_pickup_bus,221.86920382943612,
372,drone,1,40.0,15.0,waiting_at_bus_station_for_pickup_bus,105.15968751576318,
372,bus,0,37.5,60.0,moving,,1.0
372,bus,1,15.0,27.5,moving,,-1.0
372,bus,2,50.0,47.5,moving,,1.0
372,bus,3,27.5,15.0,moving,,-1.0
372,bus,4,17.5,60.0,moving,,1.0
372,bus,5,15.0,47.5,moving,,-1.0
372,bus,6,50.0,27.5,moving,,1.0
372,bus,7,47.5,15.0,moving,,-1.0
372,bus,8,15.0,42.5,moving,,1.0
372,bus,9,22.5,60.0,moving,,-1.0
372,bus,10,42.5,15.0,moving,,1.0
372,bus,11,50.0,32.5,moving,,-1.0
372,bus,12,15.0,22.5,moving,,1.0
372,bus,13,42.5,60.0,moving,,-1.0
372,bus,14,22.5,15.0,moving,,1.0
372,bus,15,50.0,52.5,moving,,-1.0
372,bus,16,15.0,2.5,moving,,1.0
372,bus,17,62.5,60.0,moving,,-1.0
372,bus,18,2.5,15.0,moving,,1.0
372,bus,19,50.0,72.5,moving,,-1.0
372,bus,20,15.0,17.5,moving,,-1.0
372,bus,21,47.5,60.0,moving,,1.0
372,bus,22,17.5,15.0,moving,,-1.0
372,bus,23,50.0,57.5,moving,,1.0
373,drone,0,15.0,30.0,waiting_at_bus_station_for_pickup_bus,221.86920382943612,
373,drone,1,40.0,15.0,waiting_at_bus_station_for_pickup_bus,105.15968751576318,
373,bus,0,42.5,60.0,moving,,1.0
373,bus,1,15.0,22.5,moving,,-1.0
373,bus,2,50.0,52.5,moving,,1.0
373,bus,3,22.5,15.0,moving,,-1.0
373,bus,4,22.5,60.0,moving,,1.0
373,bus,5,15.0,42.5,moving,,-1.0
373,bus,6,50.0,32.5,moving,,1.0
373,bus,7,42.5,15.0,moving,,-1.0
373,bus,8,15.0,47.5,moving,,1.0
373,bus,9,17.5,60.0,moving,,-1.0
373,bus,10,47.5,15.0,moving,,1.0
373,bus,11,50.0,27.5,moving,,-1.0
373,bus,12,15.0,27.5,moving,,1.0
373,bus,13,37.5,60.0,moving,,-1.0
373,bus,14,27.5,15.0,moving,,1.0
373,bus,15,50.0,47.5,moving,,-1.0
373,bus,16,15.0,7.5,moving,,1.0
373,bus,17,57.5,60.0,moving,,-1.0
373,bus,18,7.5,15.0,moving,,1.0
373,bus,19,50.0,67.5,moving,,-1.0
373,bus,20,15.0,12.5,moving,,-1.0
373,bus,21,52.5,60.0,moving,,1.0
373,bus,22,12.5,15.0,moving,,-1.0
373,bus,23,50.0,62.5,moving,,1.0
374,drone,0,15.0,30.0,waiting_at_bus_station_for_pickup_bus,221.86920382943612,
374,drone,1,40.0,15.0,waiting_at_bus_station_for_pickup_bus,105.15968751576318,
374,bus,0,45.0,60.0,at_station,,1.0
374,bus,1,15.0,20.0,at_station,,-1.0
374,bus,2,50.0,55.0,at_station,,1.0
374,bus,3,20.0,15.0,at_station,,-1.0
374,bus,4,25.0,60.0,at_station,,1.0
374,bus,5,15.0,40.0,at_station,,-1.0
374,bus,6,50.0,35.0,at_station,,1.0
374,bus,7,40.0,15.0,at_station,,-1.0
374,bus,8,15.0,50.0,at_station,,1.0
374,bus,9,15.0,60.0,at_station,,-1.0
374,bus,10,50.0,15.0,at_station,,1.0
374,bus,11,50.0,25.0,at_station,,-1.0
374,bus,12,15.0,30.0,at_station,,1.0
374,bus,13,35.0,60.0,at_station,,-1.0
374,bus,14,30.0,15.0,at_station,,1.0
374,bus,15,50.0,45.0,at_station,,-1.0
374,bus,16,15.0,10.0,at_station,,1.0
374,bus,17,55.0,60.0,at_station,,-1.0
374,bus,18,10.0,15.0,at_station,,1.0
374,bus,19,50.0,65.0,at_station,,-1.0
374,bus,20,15.0,10.0,at_station,,-1.0
374,bus,21,55.0,60.0,at_station,,1.0
374,bus,22,10.0,15.0,at_station,,-1.0
374,bus,23,50.0,65.0,at_station,,1.0
375,drone,0,20.0,30.0,moving_to_pickup,216.86920382943612,
375,drone,1,43.12347523777212,18.90434404721515,to_charging_station,100.15968751576318,
375,bus,0,45.0,60.0,at_station,,1.0
375,bus,1,15.0,20.0,at_station,,-1.0
375,bus,2,50.0,55.0,at_station,,1.0
375,bus,3,20.0,15.0,at_station,,-1.0
375,bus,4,25.0,60.0,at_station,,1.0
375,bus,5,15.0,40.0,at_station,,-1.0
375,bus,6,50.0,35.0,at_station,,1.0
375,bus,7,40.0,15.0,at_station,,-1.0
375,bus,8,15.0,50.0,at_station,,1.0
375,bus,9,15.0,60.0,at_station,,-1.0
375,bus,10,50.0,15.0,at_station,,1.0
375,bus,11,50.0,25.0,at_station,,-1.0
375,bus,12,15.0,30.0,at_station,,1.0
375,bus,13,35.0,60.0,at_station,,-1.0
375,bus,14,30.0,15.0,at_station,,1.0
375,bus,15,50.0,45.0,at_station,,-1.0
375,bus,16,15.0,10.0,at_station,,1.0
375,bus,17,55.0,60.0,at_station,,-1.0
375,bus,18,10.0,15.0,at_station,,1.0
375,bus,19,50.0,65.0,at_station,,-1.0
375,bus,20,15.0,10.0,at_station,,-1.0
375,bus,21,55.0,60.0,at_station,,1.0
375,bus,22,10.0,15.0,at_station,,-1.0
375,bus,23,50.0,65.0,at_station,,1.0
376,drone,0,25.0,30.0,moving_to_bus_station_finish_pickup,211.86920382943612,
376,drone,1,46.24695047554424,22.808688094430302,to_charging_station,95.15968751576318,
376,bus,0,45.0,60.0,at_station,,1.0
376,bus,1,15.0,20.0,at_station,,-1.0
376,bus,2,50.0,55.0,at_station,,1.0
376,bus,3,20.0,15.0,at_station,,-1.0
376,bus,4,25.0,60.0,at_station,,1.0
376,bus,5,15.0,40.0,at_station,,-1.0
376,bus,6,50.0,35.0,at_station,,1.0
376,bus,7,40.0,15.0,at_station,,-1.0
376,bus,8,15.0,50.0,at_station,,1.0
376,bus,9,15.0,60.0,at_station,,-1.0
376,bus,10,50.0,15.0,at_station,,1.0
376,bus,11,50.0,25.0,at_station,,-1.0
376,bus,12,15.0,30.0,at_station,,1.0
376,bus,13,35.0,60.0,at_station,,-1.0
376,bus,14,30.0,15.0,at_station,,1.0
376,bus,15,50.0,45.0,at_station,,-1.0
376,bus,16,15.0,10.0,at_station,,1.0
376,bus,17,55.0,60.0,at_station,,-1.0
376,bus,18,10.0,15.0,at_station,,1.0
376,bus,19,50.0,65.0,at_station,,-1.0
376,bus,20,15.0,10.0,at_station,,-1.0
376,bus,21,55.0,60.0,at_station,,1.0
376,bus,22,10.0,15.0,at_station,,-1.0
376,bus,23,50.0,65.0,at_station,,1.0
377,drone,0,20.0,30.0,moving_to_bus_station_finish_pickup,206.86920382943612,
377,drone,1,49.37042571331636,26.713032141645453,to_charging_station,90.15968751576318,
377,bus,0,47.5,60.0,moving,,1.0
377,bus,1,15.0,17.5,moving,,-1.0
377,bus,2,50.0,57.5,moving,,1.0
377,bus,3,17.5,15.0,moving,,-1.0
377,bus,4,27.5,60.0,moving,,1.0
377,bus,5,15.0,37.5,moving,,-1.0
377,bus,6,50.0,37.5,moving,,1.0
377,bus,7,37.5,15.0,moving,,-1.0
377,bus,8,15.0,52.5,moving,,1.0
377,bus,9,15.0,57.5,moving,,-1.0
377,bus,10,50.0,17.5,moving,,1.0
377,bus,11,50.0,22.5,moving,,-1.0
377,bus,12,15.0,32.5,moving,,1.0
377,bus,13,32.5,60.0,moving,,-1.0
377,bus,14,32.5,15.0,moving,,1.0
377,bus,15,50.0,42.5,moving,,-1.0
377,bus,16,15.0,12.5,moving,,1.0
377,bus,17,52.5,60.0,moving,,-1.0
377,bus,18,12.5,15.0,moving,,1.0
377,bus,19,50.0,62.5,moving,,-1.0
377,bus,20,15.0,7.5,moving,,-1.0
377,bus,21,57.5,60.0,moving,,1.0
377,bus,22,7.5,15.0,moving,,-1.0
377,bus,23,50.0,67.5,moving,,1.0
378,drone,0,15.0,30.0,waiting_at_bus_station_for_pickup_bus,201.86920382943612,
378,drone,1,52.49390095108848,30.617376188860604,to_charging_station,85.15968751576318,
378,bus,0,52.5,60.0,moving,,1.0
378,bus,1,15.0,12.5,moving,,-1.0
378,bus,2,50.0,62.5,moving,,1.0
378,bus,3,12.5,15.0,moving,,-1.0
378,bus,4,32.5,60.0,moving,,1.0
378,bus,5,15.0,32.5,moving,,-1.0
378,bus,6,50.0,42.5,moving,,1.0
378,bus,7,32.5,15.0,moving,,-1.0
378,bus,8,15.0,57.5,moving,,1.0
378,bus,9,15.0,52.5,moving,,-1.0
378,bus,10,50.0,22.5,moving,,1.0
378,bus,11,50.0,17.5,moving,,-1.0
378,bus,12,15.0,37.5,moving,,1.0
378,bus,13,27.5,60.0,moving,,-1.0
378,bus,14,37.5,15.0,moving,,1.0
378,bus,15,50.0,37.5,moving,,-1.0
378,bus,16,15.0,17.5,moving,,1.0
378,bus,17,47.5,60.0,moving,,-1.0
378,bus,18,17.5,15.0,moving,,1.0
378,bus,19,50.0,57.5,moving,,-1.0
378,bus,20,15.0,2.5,moving,,-1.0
378,bus,21,62.5,60.0,moving,,1.0
378,bus,22,2.5,15.0,moving,,-1.0
378,bus,23,50.0,72.5,moving,,1.0
379,drone,0,15.0,30.0,waiting_at_bus_station_for_pickup_bus,201.86920382943612,
379,drone,1,55.617376188860604,34.52172023607575,to_charging_station,80.15968751576318,
379,bus,0,55.0,60.0,at_station,,1.0
379,bus,1,15.0,10.0,at_station,,-1.0
379,bus,2,50.0,65.0,at_station,,1.0
379,bus,3,10.0,15.0,at_station,,-1.0
379,bus,4,35.0,60.0,at_station,,1.0
379,bus,5,15.0,30.0,at_station,,-1.0
379,bus,6,50.0,45.0,at_station,,1.0
379,bus,7,30.0,15.0,at_station,,-1.0
379,bus,8,15.0,60.0,at_station,,1.0
379,bus,9,15.0,50.0,at_station,,-1.0
379,bus,10,50.0,25.0,at_station,,1.0
379,bus,11,50.0,15.0,at_station,,-1.0
379,bus,12,15.0,40.0,at_station,,1.0
379,bus,13,25.0,60.0,at_station,,-1.0
379,bus,14,40.0,15.0,at_station,,1.0
379,bus,15,50.0,35.0,at_station,,-1.0
379,bus,16,15.0,20.0,at_station,,1.0
379,bus,17,45.0,60.0,at_station,,-1.0
379,bus,18,20.0,15.0,at_station,,1.0
379,bus,19,50.0,55.0,at_station,,-1.0
379,bus,20,15.0,0.0,at_station,,-1.0
379,bus,21,65.0,60.0,at_station,,1.0
379,bus,22,0.0,15.0,at_station,,-1.0
379,bus,23,50.0,75.0,at_station,,1.0
380,drone,0,15.0,30.0,waiting_at_bus_station_for_pickup_bus,201.86920382943612,
380,drone,1,58.74085142663272,38.426064283290906,to_charging_station,75.15968751576318,
380,bus,0,55.0,60.0,at_station,,1.0
380,bus,1,15.0,10.0,at_station,,-1.0
380,bus,2,50.0,65.0,at_station,,1.0
380,bus,3,10.0,15.0,at_station,,-1.0
380,bus,4,35.0,60.0,at_station,,1.0
380,bus,5,15.0,30.0,at_station,,-1.0
380,bus,6,50.0,45.0,at_station,,1.0
380,bus,7,30.0,15.0,at_station,,-1.0
380,bus,8,15.0,60.0,at_station,,1.0
380,bus,9,15.0,50.0,at_station,,-1.0
380,bus,10,50.0,25.0,at_station,,1.0
380,bus,11,50.0,15.0,at_station,,-1.0
380,bus,12,15.0,40.0,at_station,,1.0
380,bus,13,25.0,60.0,at_station,,-1.0
380,bus,14,40.0,15.0,at_station,,1.0
380,bus,15,50.0,35.0,at_station,,-1.0
380,bus,16,15.0,20.0,at_station,,1.0
380,bus,17,45.0,60.0,at_station,,-1.0
380,bus,18,20.0,15.0,at_station,,1.0
380,bus,19,50.0,55.0,at_station,,-1.0
380,bus,20,15.0,0.0,at_station,,-1.0
380,bus,21,65.0,60.0,at_station,,1.0
380,bus,22,0.0,15.0,at_station,,-1.0
380,bus,23,50.0,75.0,at_station,,1.0
381,drone,0,15.0,30.0,waiting_at_bus_station_for_pickup_bus,201.86920382943612,
381,drone,1,60.0,40.0,idle,300.0,
381,bus,0,55.0,60.0,at_station,,1.0
381,bus,1,15.0,10.0,at_station,,-1.0
381,bus,2,50.0,65.0,at_station,,1.0
381,bus,3,10.0,15.0,at_station,,-1.0
381,bus,4,35.0,60.0,at_station,,1.0
381,bus,5,15.0,30.0,at_station,,-1.0
381,bus,6,50.0,45.0,at_station,,1.0
381,bus,7,30.0,15.0,at_station,,-1.0
381,bus,8,15.0,60.0,at_station,,1.0
381,bus,9,15.0,50.0,at_station,,-1.0
381,bus,10,50.0,25.0,at_station,,1.0
381,bus,11,50.0,15.0,at_station,,-1.0
381,bus,12,15.0,40.0,at_station,,1.0
381,bus,13,25.0,60.0,at_station,,-1.0
381,bus,14,40.0,15.0,at_station,,1.0
381,bus,15,50.0,35.0,at_station,,-1.0
381,bus,16,15.0,20.0,at_station,,1.0
381,bus,17,45.0,60.0,at_station,,-1.0
381,bus,18,20.0,15.0,at_station,,1.0
381,bus,19,50.0,55.0,at_station,,-1.0
381,bus,20,15.0,0.0,at_station,,-1.0
381,bus,21,65.0,60.0,at_station,,1.0
381,bus,22,0.0,15.0,at_station,,-1.0
381,bus,23,50.0,75.0,at_station,,1.0
382,drone,0,15.0,30.0,waiting_at_bus_station_for_pickup_bus,201.86920382943612,
382,drone,1,55.76000847997456,37.3500052999841,moving_to_bus_station_for_delivery,295.0,
382,bus,0,57.5,60.0,moving,,1.0
382,bus,1,15.0,7.5,moving,,-1.0
382,bus,2,50.0,67.5,moving,,1.0
382,bus,3,7.5,15.0,moving,,-1.0
382,bus,4,37.5,60.0,moving,,1.0
382,bus,5,15.0,27.5,moving,,-1.0
382,bus,6,50.0,47.5,moving,,1.0
382,bus,7,27.5,15.0,moving,,-1.0
382,bus,8,17.5,60.0,moving,,1.0
382,bus,9,15.0,47.5,moving,,-1.0
382,bus,10,50.0,27.5,moving,,1.0
382,bus,11,47.5,15.0,moving,,-1.0
382,bus,12,15.0,42.5,moving,,1.0
382,bus,13,22.5,60.0,moving,,-1.0
382,bus,14,42.5,15.0,moving,,1.0
382,bus,15,50.0,32.5,moving,,-1.0
382,bus,16,15.0,22.5,moving,,1.0
382,bus,17,42.5,60.0,moving,,-1.0
382,bus,18,22.5,15.0,moving,,1.0
382,bus,19,50.0,52.5,moving,,-1.0
382,bus,20,15.0,2.5,moving,,1.0
382,bus,21,62.5,60.0,moving,,-1.0
382,bus,22,2.5,15.0,moving,,1.0
382,bus,23,50.0,72.5,moving,,-1.0
383,drone,0,15.0,30.0,waiting_at_bus_station_for_pickup_bus,201.86920382943612,
383,drone,1,51.52001695994912,34.700010599968195,moving_to_bus_station_for_delivery,290.0,
383,bus,0,62.5,60.0,moving,,1.0
383,bus,1,15.0,2.5,moving,,-1.0
383,bus,2,50.0,72.5,moving,,1.0
383,bus,3,2.5,15.0,moving,,-1.0
383,bus,4,42.5,60.0,moving,,1.0
383,bus,5,15.0,22.5,moving,,-1.0
383,bus,6,50.0,52.5,moving,,1.0
383,bus,7,22.5,15.0,moving,,-1.0
383,bus,8,22.5,60.0,moving,,1.0
383,bus,9,15.0,42.5,moving,,-1.0
383,bus,10,50.0,32.5,moving,,1.0
383,bus,11,42.5,15.0,moving,,-1.0
383,bus,12,15.0,47.5,moving,,1.0
383,bus,13,17.5,60.0,moving,,-1.0
383,bus,14,47.5,15.0,moving,,1.0
383,bus,15,50.0,27.5,moving,,-1.0
383,bus,16,15.0,27.5,moving,,1.0
383,bus,17,37.5,60.0,moving,,-1.0
383,bus,18,27.5,15.0,moving,,1.0
383,bus,19,50.0,47.5,moving,,-1.0
383,bus,20,15.0,7.5,moving,,1.0
383,bus,21,57.5,60.0,moving,,-1.0
383,bus,22,7.5,15.0,moving,,1.0
383,bus,23,50.0,67.5,moving,,-1.0
384,drone,0,15.0,30.0,waiting_at_bus_station_for_pickup_bus,201.86920382943612,
384,drone,1,47.280025439923676,32.05001589995229,moving_to_bus_station_for_delivery,285.0,
384,bus,0,65.0,60.0,at_station,,1.0
384,bus,1,15.0,0.0,at_station,,-1.0
384,bus,2,50.0,75.0,at_station,,1.0
384,bus,3,0.0,15.0,at_station,,-1.0
384,bus,4,45.0,60.0,at_station,,1.0
384,bus,5,15.0,20.0,at_station,,-1.0
384,bus,6,50.0,55.0,at_station,,1.0
384,bus,7,20.0,15.0,at_station,,-1.0
384,bus,8,25.0,60.0,at_station,,1.0
384,bus,9,15.0,40.0,at_station,,-1.0
384,bus,10,50.0,35.0,at_station,,1.0
384,bus,11,40.0,15.0,at_station,,-1.0
384,bus,12,15.0,50.0,at_station,,1.0
384,bus,13,15.0,60.0,at_station,,-1.0
384,bus,14,50.0,15.0,at_station,,1.0
384,bus,15,50.0,25.0,at_station,,-1.0
384,bus,16,15.0,30.0,at_station,,1.0
384,bus,17,35.0,60.0,at_station,,-1.0
384,bus,18,30.0,15.0,at_station,,1.0
384,bus,19,50.0,45.0,at_station,,-1.0
384,bus,20,15.0,10.0,at_station,,1.0
384,bus,21,55.0,60.0,at_station,,-1.0
384,bus,22,10.0,15.0,at_station,,1.0
384,bus,23,50.0,65.0,at_station,,-1.0
385,drone,0,16.58113883008419,25.25658350974743,moving_to_bus_station_for_delivery,196.86920382943612,
385,drone,1,43.040033919898235,29.400021199936393,moving_to_bus_station_for_delivery,280.0,
385,bus,0,65.0,60.0,at_station,,1.0
385,bus,1,15.0,0.0,at_station,,-1.0
385,bus,2,50.0,75.0,at_station,,1.0
385,bus,3,0.0,15.0,at_station,,-1.0
385,bus,4,45.0,60.0,at_station,,1.0
385,bus,5,15.0,20.0,at_station,,-1.0
385,bus,6,50.0,55.0,at_station,,1.0
385,bus,7,20.0,15.0,at_station,,-1.0
385,bus,8,25.0,60.0,at_station,,1.0
385,bus,9,15.0,40.0,at_station,,-1.0
385,bus,10,50.0,35.0,at_station,,1.0
385,bus,11,40.0,15.0,at_station,,-1.0
385,bus,12,15.0,50.0,at_station,,1.0
385,bus,13,15.0,60.0,at_station,,-1.0
385,bus,14,50.0,15.0,at_station,,1.0
385,bus,15,50.0,25.0,at_station,,-1.0
385,bus,16,15.0,30.0,at_station,,1.0
385,bus,17,35.0,60.0,at_station,,-1.0
385,bus,18,30.0,15.0,at_station,,1.0
385,bus,19,50.0,45.0,at_station,,-1.0
385,bus,20,15.0,10.0,at_station,,1.0
385,bus,21,55.0,60.0,at_station,,-1.0
385,bus,22,10.0,15.0,at_station,,1.0
385,bus,23,50.0,65.0,at_station,,-1.0
386,drone,0,18.162277660168378,20.51316701949486,moving_to_bus_station_for_delivery,191.86920382943612,
386,drone,1,38.800042399872794,26.750026499920494,moving_to_bus_station_for_delivery,275.0,
386,bus,0,65.0,60.0,at_station,,1.0
386,bus,1,15.0,0.0,at_station,,-1.0
386,bus,2,50.0,75.0,at_station,,1.0
386,bus,3,0.0,15.0,at_station,,-1.0
386,bus,4,45.0,60.0,at_station,,1.0
386,bus,5,15.0,20.0,at_station,,-1.0
386,bus,6,50.0,55.0,at_station,,1.0
386,bus,7,20.0,15.0,at_station,,-1.0
386,bus,8,25.0,60.0,at_station,,1.0
386,bus,9,15.0,40.0,at_station,,-1.0
386,bus,10,50.0,35.0,at_station,,1.0
386,bus,11,40.0,15.0,at_station,,-1.0
386,bus,12,15.0,50.0,at_station,,1.0
386,bus,13,15.0,60.0,at_station,,-1.0
386,bus,14,50.0,15.0,at_station,,1.0
386,bus,15,50.0,25.0,at_station,,-1.0
386,bus,16,15.0,30.0,at_station,,1.0
386,bus,17,35.0,60.0,at_station,,-1.0
386,bus,18,30.0,15.0,at_station,,1.0
386,bus,19,50.0,45.0,at_station,,-1.0
386,bus,20,15.0,10.0,at_station,,1.0
386,bus,21,55.0,60.0,at_station,,-1.0
386,bus,22,10.0,15.0,at_station,,1.0
386,bus,23,50.0,65.0,at_station,,-1.0
387,drone,0,19.74341649025257,15.769750529242291,moving_to_bus_station_for_delivery,186.86920382943612,
387,drone,1,34.56005087984735,24.100031799904595,moving_to_bus_station_for_delivery,270.0,
387,bus,0,62.5,60.0,moving,,-1.0
387,bus,1,15.0,2.5,moving,,1.0
387,bus,2,50.0,72.5,moving,,-1.0
387,bus,3,2.5,15.0,moving,,1.0
387,bus,4,47.5,60.0,moving,,1.0
387,bus,5,15.0,17.5,moving,,-1.0
387,bus,6,50.0,57.5,moving,,1.0
387,bus,7,17.5,15.0,moving,,-1.0
387,bus,8,27.5,60.0,moving,,1.0
387,bus,9,15.0,37.5,moving,,-1.0
387,bus,10,50.0,37.5,moving,,1.0
387,bus,11,37.5,15.0,moving,,-1.0
387,bus,12,15.0,52.5,moving,,1.0
387,bus,13,15.0,57.5,moving,,-1.0
387,bus,14,50.0,17.5,moving,,1.0
387,bus,15,50.0,22.5,moving,,-1.0
387,bus,16,15.0,32.5,moving,,1.0
387,bus,17,32.5,60.0,moving,,-1.0
387,bus,18,32.5,15.0,moving,,1.0
387,bus,19,50.0,42.5,moving,,-1.0
387,bus,20,15.0,12.5,moving,,1.0
387,bus,21,52.5,60.0,moving,,-1.0
387,bus,22,12.5,15.0,moving,,1.0
387,bus,23,50.0,62.5,moving,,-1.0
388,drone,0,20.0,15.0,waiting_at_bus_station_for_delivery,186.05781552859423,
388,drone,1,30.32005935982191,21.450037099888696,moving_to_bus_station_for_delivery,265.0,
388,bus,0,57.5,60.0,moving,,-1.0
388,bus,1,15.0,7.5,moving,,1.0
388,bus,2,50.0,67.5,moving,,-1.0
388,bus,3,7.5,15.0,moving,,1.0
388,bus,4,52.5,60.0,moving,,1.0
388,bus,5,15.0,12.5,moving,,-1.0
388,bus,6,50.0,62.5,moving,,1.0
388,bus,7,12.5,15.0,moving,,-1.0
388,bus,8,32.5,60.0,moving,,1.0
388,bus,9,15.0,32.5,moving,,-1.0
388,bus,10,50.0,42.5,moving,,1.0
388,bus,11,32.5,15.0,moving,,-1.0
388,bus,12,15.0,57.5,moving,,1.0
388,bus,13,15.0,52.5,moving,,-1.0
388,bus,14,50.0,22.5,moving,,1.0
388,bus,15,50.0,17.5,moving,,-1.0
388,bus,16,15.0,37.5,moving,,1.0
388,bus,17,27.5,60.0,moving,,-1.0
388,bus,18,37.5,15.0,moving,,1.0
388,bus,19,50.0,37.5,moving,,-1.0
388,bus,20,15.0,17.5,moving,,1.0
388,bus,21,47.5,60.0,moving,,-1.0
388,bus,22,17.5,15.0,moving,,1.0
388,bus,23,50.0,57.5,moving,,-1.0
389,drone,0,20.0,15.0,waiting_at_bus_station_for_delivery,186.05781552859423,
389,drone,1,26.08006783979647,18.800042399872797,moving_to_bus_station_for_delivery,260.0,
389,bus,0,55.0,60.0,at_station,,-1.0
389,bus,1,15.0,10.0,at_station,,1.0
389,bus,2,50.0,65.0,at_station,,-1.0
389,bus,3,10.0,15.0,at_station,,1.0
389,bus,4,55.0,60.0,at_station,,1.0
389,bus,5,15.0,10.0,at_station,,-1.0
389,bus,6,50.0,65.0,at_station,,1.0
389,bus,7,10.0,15.0,at_station,,-1.0
389,bus,8,35.0,60.0,at_station,,1.0
389,bus,9,15.0,30.0,at_station,,-1.0
389,bus,10,50.0,45.0,at_station,,1.0
389,bus,11,30.0,15.0,at_station,,-1.0
389,bus,12,15.0,60.0,at_station,,1.0
389,bus,13,15.0,50.0,at_station,,-1.0
389,bus,14,50.0,25.0,at_station,,1.0
389,bus,15,50.0,15.0,at_station,,-1.0
389,bus,16,15.0,40.0,at_station,,1.0
389,bus,17,25.0,60.0,at_station,,-1.0
389,bus,18,40.0,15.0,at_station,,1.0
389,bus,19,50.0,35.0,at_station,,-1.0
389,bus,20,15.0,20.0,at_station,,1.0
389,bus,21,45.0,60.0,at_station,,-1.0
389,bus,22,20.0,15.0,at_station,,1.0
389,bus,23,50.0,55.0,at_station,,-1.0
390,drone,0,20.0,15.0,waiting_at_bus_station_for_delivery,186.05781552859423,
390,drone,1,21.840076319771033,16.150047699856895,moving_to_bus_station_for_delivery,255.0,
390,bus,0,55.0,60.0,at_station,,-1.0
390,bus,1,15.0,10.0,at_station,,1.0
390,bus,2,50.0,65.0,at_station,,-1.0
390,bus,3,10.0,15.0,at_station,,1.0
390,bus,4,55.0,60.0,at_station,,1.0
390,bus,5,15.0,10.0,at_station,,-1.0
390,bus,6,50.0,65.0,at_station,,1.0
390,bus,7,10.0,15.0,at_station,,-1.0
390,bus,8,35.0,60.0,at_station,,1.0
390,bus,9,15.0,30.0,at_station,,-1.0
390,bus,10,50.0,45.0,at_station,,1.0
390,bus,11,30.0,15.0,at_station,,-1.0
390,bus,12,15.0,60.0,at_station,,1.0
390,bus,13,15.0,50.0,at_station,,-1.0
390,bus,14,50.0,25.0,at_station,,1.0
390,bus,15,50.0,15.0,at_station,,-1.0
390,bus,16,15.0,40.0,at_station,,1.0
390,bus,17,25.0,60.0,at_station,,-1.0
390,bus,18,40.0,15.0,at_station,,1.0
390,bus,19,50.0,35.0,at_station,,-1.0
390,bus,20,15.0,20.0,at_station,,1.0
390,bus,21,45.0,60.0,at_station,,-1.0
390,bus,22,20.0,15.0,at_station,,1.0
390,bus,23,50.0,55.0,at_station,,-1.0
391,drone,0,20.0,15.0,waiting_at_bus_station_for_delivery,186.05781552859423,
391,drone,1,20.0,15.0,waiting_at_bus_station_for_delivery,252.830094339717,
391,bus,0,55.0,60.0,at_station,,-1.0
391,bus,1,15.0,10.0,at_station,,1.0
391,bus,2,50.0,65.0,at_station,,-1.0
391,bus,3,10.0,15.0,at_station,,1.0
391,bus,4,55.0,60.0,at_station,,1.0
391,bus,5,15.0,10.0,at_station,,-1.0
391,bus,6,50.0,65.0,at_station,,1.0
391,bus,7,10.0,15.0,at_station,,-1.0
391,bus,8,35.0,60.0,at_station,,1.0
391,bus,9,15.0,30.0,at_station,,-1.0
391,bus,10,50.0,45.0,at_station,,1.0
391,bus,11,30.0,15.0,at_station,,-1.0
391,bus,12,15.0,60.0,at_station,,1.0
391,bus,13,15.0,50.0,at_station,,-1.0
391,bus,14,50.0,25.0,at_station,,1.0
391,bus,15,50.0,15.0,at_station,,-1.0
391,bus,16,15.0,40.0,at_station,,1.0
391,bus,17,25.0,60.0,at_station,,-1.0
391,bus,18,40.0,15.0,at_station,,1.0
391,bus,19,50.0,35.0,at_station,,-1.0
391,bus,20,15.0,20.0,at_station,,1.0
391,bus,21,45.0,60.0,at_station,,-1.0
391,bus,22,20.0,15.0,at_station,,1.0
391,bus,23,50.0,55.0,at_station,,-1.0
392,drone,0,20.0,15.0,waiting_at_bus_station_for_delivery,186.05781552859423,
392,drone,1,20.0,15.0,waiting_at_bus_station_for_delivery,252.830094339717,
392,bus,0,52.5,60.0,moving,,-1.0
392,bus,1,15.0,12.5,moving,,1.0
392,bus,2,50.0,62.5,moving,,-1.0
392,bus,3,12.5,15.0,moving,,1.0
392,bus,4,57.5,60.0,moving,,1.0
392,bus,5,15.0,7.5,moving,,-1.0
392,bus,6,50.0,67.5,moving,,1.0
392,bus,7,7.5,15.0,moving,,-1.0
392,bus,8,37.5,60.0,moving,,1.0
392,bus,9,15.0,27.5,moving,,-1.0
392,bus,10,50.0,47.5,moving,,1.0
392,bus,11,27.5,15.0,moving,,-1.0
392,bus,12,17.5,60.0,moving,,1.0
392,bus,13,15.0,47.5,moving,,-1.0
392,bus,14,50.0,27.5,moving,,1.0
392,bus,15,47.5,15.0,moving,,-1.0
392,bus,16,15.0,42.5,moving,,1.0
392,bus,17,22.5,60.0,moving,,-1.0
392,bus,18,42.5,15.0,moving,,1.0
392,bus,19,50.0,32.5,moving,,-1.0
392,bus,20,15.0,22.5,moving,,1.0
392,bus,21,42.5,60.0,moving,,-1.0
392,bus,22,22.5,15.0,moving,,1.0
392,bus,23,50.0,52.5,moving,,-1.0
393,drone,0,20.0,15.0,waiting_at_bus_station_for_delivery,186.05781552859423,
393,drone,1,20.0,15.0,waiting_at_bus_station_for_delivery,252.830094339717,
393,bus,0,47.5,60.0,moving,,-1.0
393,bus,1,15.0,17.5,moving,,1.0
393,bus,2,50.0,57.5,moving,,-1.0
393,bus,3,17.5,15.0,moving,,1.0
393,bus,4,62.5,60.0,moving,,1.0
393,bus,5,15.0,2.5,moving,,-1.0
393,bus,6,50.0,72.5,moving,,1.0
393,bus,7,2.5,15.0,moving,,-1.0
393,bus,8,42.5,60.0,moving,,1.0
393,bus,9,15.0,22.5,moving,,-1.0
393,bus,10,50.0,52.5,moving,,1.0
393,bus,11,22.5,15.0,moving,,-1.0
393,bus,12,22.5,60.0,moving,,1.0
393,bus,13,15.0,42.5,moving,,-1.0
393,bus,14,50.0,32.5,moving,,1.0
393,bus,15,42.5,15.0,moving,,-1.0
393,bus,16,15.0,47.5,moving,,1.0
393,bus,17,17.5,60.0,moving,,-1.0
393,bus,18,47.5,15.0,moving,,1.0
393,bus,19,50.0,27.5,moving,,-1.0
393,bus,20,15.0,27.5,moving,,1.0
393,bus,21,37.5,60.0,moving,,-1.0
393,bus,22,27.5,15.0,moving,,1.0
393,bus,23,50.0,47.5,moving,,-1.0
394,drone,0,20.0,15.0,waiting_at_bus_station_for_delivery,186.05781552859423,
394,drone,1,20.0,15.0,waiting_at_bus_station_for_delivery,252.830094339717,
394,bus,0,45.0,60.0,at_station,,-1.0
394,bus,1,15.0,20.0,at_station,,1.0
394,bus,2,50.0,55.0,at_station,,-1.0
394,bus,3,20.0,15.0,at_station,,1.0
394,bus,4,65.0,60.0,at_station,,1.0
394,bus,5,15.0,0.0,at_station,,-1.0
394,bus,6,50.0,75.0,at_station,,1.0
394,bus,7,0.0,15.0,at_station,,-1.0
394,bus,8,45.0,60.0,at_station,,1.0
394,bus,9,15.0,20.0,at_station,,-1.0
394,bus,10,50.0,55.0,at_station,,1.0
394,bus,11,20.0,15.0,at_station,,-1.0
394,bus,12,25.0,60.0,at_station,,1.0
394,bus,13,15.0,40.0,at_station,,-1.0
394,bus,14,50.0,35.0,at_station,,1.0
394,bus,15,40.0,15.0,at_station,,-1.0
394,bus,16,15.0,50.0,at_station,,1.0
394,bus,17,15.0,60.0,at_station,,-1.0
394,bus,18,50.0,15.0,at_station,,1.0
394,bus,19,50.0,25.0,at_station,,-1.0
394,bus,20,15.0,30.0,at_station,,1.0
394,bus,21,35.0,60.0,at_station,,-1.0
394,bus,22,30.0,15.0,at_station,,1.0
394,bus,23,50.0,45.0,at_station,,-1.0
395,drone,0,20.0,15.0,waiting_at_bus_station_for_delivery,186.05781552859423,
395,drone,1,20.0,15.0,waiting_at_bus_station_for_delivery,252.830094339717,
395,bus,0,45.0,60.0,at_station,,-1.0
395,bus,1,15.0,20.0,at_station,,1.0
395,bus,2,50.0,55.0,at_station,,-1.0
395,bus,3,20.0,15.0,at_station,,1.0
395,bus,4,65.0,60.0,at_station,,1.0
395,bus,5,15.0,0.0,at_station,,-1.0
395,bus,6,50.0,75.0,at_station,,1.0
395,bus,7,0.0,15.0,at_station,,-1.0
395,bus,8,45.0,60.0,at_station,,1.0
395,bus,9,15.0,20.0,at_station,,-1.0
395,bus,10,50.0,55.0,at_station,,1.0
395,bus,11,20.0,15.0,at_station,,-1.0
395,bus,12,25.0,60.0,at_station,,1.0
395,bus,13,15.0,40.0,at_station,,-1.0
395,bus,14,50.0,35.0,at_station,,1.0
395,bus,15,40.0,15.0,at_station,,-1.0
395,bus,16,15.0,50.0,at_station,,1.0
395,bus,17,15.0,60.0,at_station,,-1.0
395,bus,18,50.0,15.0,at_station,,1.0
395,bus,19,50.0,25.0,at_station,,-1.0
395,bus,20,15.0,30.0,at_station,,1.0
395,bus,21,35.0,60.0,at_station,,-1.0
395,bus,22,30.0,15.0,at_station,,1.0
395,bus,23,50.0,45.0,at_station,,-1.0
396,drone,0,20.0,15.0,waiting_at_bus_station_for_delivery,186.05781552859423,
396,drone,1,20.0,15.0,waiting_at_bus_station_for_delivery,252.830094339717,
396,bus,0,45.0,60.0,at_station,,-1.0
396,bus,1,15.0,20.0,at_station,,1.0
396,bus,2,50.0,55.0,at_station,,-1.0
396,bus,3,20.0,15.0,at_station,,1.0
396,bus,4,65.0,60.0,at_station,,1.0
396,bus,5,15.0,0.0,at_station,,-1.0
396,bus,6,50.0,75.0,at_station,,1.0
396,bus,7,0.0,15.0,at_station,,-1.0
396,bus,8,45.0,60.0,at_station,,1.0
396,bus,9,15.0,20.0,at_station,,-1.0
396,bus,10,50.0,55.0,at_station,,1.0
396,bus,11,20.0,15.0,at_station,,-1.0
396,bus,12,25.0,60.0,at_station,,1.0
396,bus,13,15.0,40.0,at_station,,-1.0
396,bus,14,50.0,35.0,at_station,,1.0
396,bus,15,40.0,15.0,at_station,,-1.0
396,bus,16,15.0,50.0,at_station,,1.0
396,bus,17,15.0,60.0,at_station,,-1.0
396,bus,18,50.0,15.0,at_station,,1.0
396,bus,19,50.0,25.0,at_station,,-1.0
396,bus,20,15.0,30.0,at_station,,1.0
396,bus,21,35.0,60.0,at_station,,-1.0
396,bus,22,30.0,15.0,at_station,,1.0
396,bus,23,50.0,45.0,at_station,,-1.0
397,drone,0,20.0,15.0,waiting_at_bus_station_for_delivery,186.05781552859423,
397,drone,1,20.0,15.0,waiting_at_bus_station_for_delivery,252.830094339717,
397,bus,0,42.5,60.0,moving,,-1.0
397,bus,1,15.0,22.5,moving,,1.0
397,bus,2,50.0,52.5,moving,,-1.0
397,bus,3,22.5,15.0,moving,,1.0
397,bus,4,62.5,60.0,moving,,-1.0
397,bus,5,15.0,2.5,moving,,1.0
397,bus,6,50.0,72.5,moving,,-1.0
397,bus,7,2.5,15.0,moving,,1.0
397,bus,8,47.5,60.0,moving,,1.0
397,bus,9,15.0,17.5,moving,,-1.0
397,bus,10,50.0,57.5,moving,,1.0
397,bus,11,17.5,15.0,moving,,-1.0
397,bus,12,27.5,60.0,moving,,1.0
397,bus,13,15.0,37.5,moving,,-1.0
397,bus,14,50.0,37.5,moving,,1.0
397,bus,15,37.5,15.0,moving,,-1.0
397,bus,16,15.0,52.5,moving,,1.0
397,bus,17,15.0,57.5,moving,,-1.0
397,bus,18,50.0,17.5,moving,,1.0
397,bus,19,50.0,22.5,moving,,-1.0
397,bus,20,15.0,32.5,moving,,1.0
397,bus,21,32.5,60.0,moving,,-1.0
397,bus,22,32.5,15.0,moving,,1.0
397,bus,23,50.0,42.5,moving,,-1.0
398,drone,0,20.0,15.0,waiting_at_bus_station_for_delivery,186.05781552859423,
398,drone,1,20.0,15.0,waiting_at_bus_station_for_delivery,252.830094339717,
398,bus,0,37.5,60.0,moving,,-1.0
398,bus,1,15.0,27.5,moving,,1.0
398,bus,2,50.0,47.5,moving,,-1.0
398,bus,3,27.5,15.0,moving,,1.0
398,bus,4,57.5,60.0,moving,,-1.0
398,bus,5,15.0,7.5,moving,,1.0
398,bus,6,50.0,67.5,moving,,-1.0
398,bus,7,7.5,15.0,moving,,1.0
398,bus,8,52.5,60.0,moving,,1.0
398,bus,9,15.0,12.5,moving,,-1.0
398,bus,10,50.0,62.5,moving,,1.0
398,bus,11,12.5,15.0,moving,,-1.0
398,bus,12,32.5,60.0,moving,,1.0
398,bus,13,15.0,32.5,moving,,-1.0
398,bus,14,50.0,42.5,moving,,1.0
398,bus,15,32.5,15.0,moving,,-1.0
398,bus,16,15.0,57.5,moving,,1.0
398,bus,17,15.0,52.5,moving,,-1.0
398,bus,18,50.0,22.5,moving,,1.0
398,bus,19,50.0,17.5,moving,,-1.0
398,bus,20,15.0,37.5,moving,,1.0
398,bus,21,27.5,60.0,moving,,-1.0
398,bus,22,37.5,15.0,moving,,1.0
398,bus,23,50.0,37.5,moving,,-1.0
399,drone,0,20.0,15.0,waiting_at_bus_station_for_delivery,186.05781552859423,
399,drone,1,20.0,15.0,waiting_at_bus_station_for_delivery,252.830094339717,
399,bus,0,35.0,60.0,at_station,,-1.0
399,bus,1,15.0,30.0,at_station,,1.0
399,bus,2,50.0,45.0,at_station,,-1.0
399,bus,3,30.0,15.0,at_station,,1.0
399,bus,4,55.0,60.0,at_station,,-1.0
399,bus,5,15.0,10.0,at_station,,1.0
399,bus,6,50.0,65.0,at_station,,-1.0
399,bus,7,10.0,15.0,at_station,,1.0
399,bus,8,55.0,60.0,at_station,,1.0
399,bus,9,15.0,10.0,at_station,,-1.0
399,bus,10,50.0,65.0,at_station,,1.0
399,bus,11,10.0,15.0,at_station,,-1.0
399,bus,12,35.0,60.0,at_station,,1.0
399,bus,13,15.0,30.0,at_station,,-1.0
399,bus,14,50.0,45.0,at_station,,1.0
399,bus,15,30.0,15.0,at_station,,-1.0
399,bus,16,15.0,60.0,at_station,,1.0
399,bus,17,15.0,50.0,at_station,,-1.0
399,bus,18,50.0,25.0,at_station,,1.0
399,bus,19,50.0,15.0,at_station,,-1.0
399,bus,20,15.0,40.0,at_station,,1.0
399,bus,21,25.0,60.0,at_station,,-1.0
399,bus,22,40.0,15.0,at_station,,1.0
399,bus,23,50.0,35.0,at_station,,-1.0
400,drone,0,20.0,15.0,waiting_at_bus_station_for_delivery,186.05781552859423,
400,drone,1,20.0,15.0,waiting_at_bus_station_for_delivery,252.830094339717,
400,bus,0,35.0,60.0,at_station,,-1.0
400,bus,1,15.0,30.0,at_station,,1.0
400,bus,2,50.0,45.0,at_station,,-1.0
400,bus,3,30.0,15.0,at_station,,1.0
400,bus,4,55.0,60.0,at_station,,-1.0
400,bus,5,15.0,10.0,at_station,,1.0
400,bus,6,50.0,65.0,at_station,,-1.0
400,bus,7,10.0,15.0,at_station,,1.0
400,bus,8,55.0,60.0,at_station,,1.0
400,bus,9,15.0,10.0,at_station,,-1.0
400,bus,10,50.0,65.0,at_station,,1.0
400,bus,11,10.0,15.0,at_station,,-1.0
400,bus,12,35.0,60.0,at_station,,1.0
400,bus,13,15.0,30.0,at_station,,-1.0
400,bus,14,50.0,45.0,at_station,,1.0
400,bus,15,30.0,15.0,at_station,,-1.0
400,bus,16,15.0,60.0,at_station,,1.0
400,bus,17,15.0,50.0,at_station,,-1.0
400,bus,18,50.0,25.0,at_station,,1.0
400,bus,19,50.0,15.0,at_station,,-1.0
400,bus,20,15.0,40.0,at_station,,1.0
400,bus,21,25.0,60.0,at_station,,-1.0
400,bus,22,40.0,15.0,at_station,,1.0
400,bus,23,50.0,35.0,at_station,,-1.0
401,drone,0,20.0,15.0,waiting_at_bus_station_for_delivery,186.05781552859423,
401,drone,1,20.0,15.0,waiting_at_bus_station_for_delivery,252.830094339717,
401,bus,0,35.0,60.0,at_station,,-1.0
401,bus,1,15.0,30.0,at_station,,1.0
401,bus,2,50.0,45.0,at_station,,-1.0
401,bus,3,30.0,15.0,at_station,,1.0
401,bus,4,55.0,60.0,at_station,,-1.0
401,bus,5,15.0,10.0,at_station,,1.0
401,bus,6,50.0,65.0,at_station,,-1.0
401,bus,7,10.0,15.0,at_station,,1.0
401,bus,8,55.0,60.0,at_station,,1.0
401,bus,9,15.0,10.0,at_station,,-1.0
401,bus,10,50.0,65.0,at_station,,1.0
401,bus,11,10.0,15.0,at_station,,-1.0
401,bus,12,35.0,60.0,at_station,,1.0
401,bus,13,15.0,30.0,at_station,,-1.0
401,bus,14,50.0,45.0,at_station,,1.0
401,bus,15,30.0,15.0,at_station,,-1.0
401,bus,16,15.0,60.0,at_station,,1.0
401,bus,17,15.0,50.0,at_station,,-1.0
401,bus,18,50.0,25.0,at_station,,1.0
401,bus,19,50.0,15.0,at_station,,-1.0
401,bus,20,15.0,40.0,at_station,,1.0
401,bus,21,25.0,60.0,at_station,,-1.0
401,bus,22,40.0,15.0,at_station,,1.0
401,bus,23,50.0,35.0,at_station,,-1.0
402,drone,0,20.0,15.0,waiting_at_bus_station_for_delivery,186.05781552859423,
402,drone,1,20.0,15.0,waiting_at_bus_station_for_delivery,252.830094339717,
402,bus,0,32.5,60.0,moving,,-1.0
402,bus,1,15.0,32.5,moving,,1.0
402,bus,2,50.0,42.5,moving,,-1.0
402,bus,3,32.5,15.0,moving,,1.0
402,bus,4,52.5,60.0,moving,,-1.0
402,bus,5,15.0,12.5,moving,,1.0
402,bus,6,50.0,62.5,moving,,-1.0
402,bus,7,12.5,15.0,moving,,1.0
402,bus,8,57.5,60.0,moving,,1.0
402,bus,9,15.0,7.5,moving,,-1.0
402,bus,10,50.0,67.5,moving,,1.0
402,bus,11,7.5,15.0,moving,,-1.0
402,bus,12,37.5,60.0,moving,,1.0
402,bus,13,15.0,27.5,moving,,-1.0
402,bus,14,50.0,47.5,moving,,1.0
402,bus,15,27.5,15.0,moving,,-1.0
402,bus,16,17.5,60.0,moving,,1.0
402,bus,17,15.0,47.5,moving,,-1.0
402,bus,18,50.0,27.5,moving,,1.0
402,bus,19,47.5,15.0,moving,,-1.0
402,bus,20,15.0,42.5,moving,,1.0
402,bus,21,22.5,60.0,moving,,-1.0
402,bus,22,42.5,15.0,moving,,1.0
402,bus,23,50.0,32.5,moving,,-1.0
403,drone,0,20.0,15.0,waiting_at_bus_station_for_delivery,186.05781552859423,
403,drone,1,20.0,15.0,waiting_at_bus_station_for_delivery,252.830094339717,
403,bus,0,27.5,60.0,moving,,-1.0
403,bus,1,15.0,37.5,moving,,1.0
403,bus,2,50.0,37.5,moving,,-1.0
403,bus,3,37.5,15.0,moving,,1.0
403,bus,4,47.5,60.0,moving,,-1.0
403,bus,5,15.0,17.5,moving,,1.0
403,bus,6,50.0,57.5,moving,,-1.0
403,bus,7,17.5,15.0,moving,,1.0
403,bus,8,62.5,60.0,moving,,1.0
403,bus,9,15.0,2.5,moving,,-1.0
403,bus,10,50.0,72.5,moving,,1.0
403,bus,11,2.5,15.0,moving,,-1.0
403,bus,12,42.5,60.0,moving,,1.0
403,bus,13,15.0,22.5,moving,,-1.0
403,bus,14,50.0,52.5,moving,,1.0
403,bus,15,22.5,15.0,moving,,-1.0
403,bus,16,22.5,60.0,moving,,1.0
403,bus,17,15.0,42.5,moving,,-1.0
403,bus,18,50.0,32.5,moving,,1.0
403,bus,19,42.5,15.0,moving,,-1.0
403,bus,20,15.0,47.5,moving,,1.0
403,bus,21,17.5,60.0,moving,,-1.0
403,bus,22,47.5,15.0,moving,,1.0
403,bus,23,50.0,27.5,moving,,-1.0
404,drone,0,20.0,15.0,waiting_at_bus_station_for_delivery,186.05781552859423,
404,drone,1,20.0,15.0,waiting_at_bus_station_for_delivery,252.830094339717,
404,bus,0,25.0,60.0,at_station,,-1.0
404,bus,1,15.0,40.0,at_station,,1.0
404,bus,2,50.0,35.0,at_station,,-1.0
404,bus,3,40.0,15.0,at_station,,1.0
404,bus,4,45.0,60.0,at_station,,-1.0
404,bus,5,15.0,20.0,at_station,,1.0
404,bus,6,50.0,55.0,at_station,,-1.0
404,bus,7,20.0,15.0,at_station,,1.0
404,bus,8,65.0,60.0,at_station,,1.0
404,bus,9,15.0,0.0,at_station,,-1.0
404,bus,10,50.0,75.0,at_station,,1.0
404,bus,11,0.0,15.0,at_station,,-1.0
404,bus,12,45.0,60.0,at_station,,1.0
404,bus,13,15.0,20.0,at_station,,-1.0
404,bus,14,50.0,55.0,at_station,,1.0
404,bus,15,20.0,15.0,at_station,,-1.0
404,bus,16,25.0,60.0,at_station,,1.0
404,bus,17,15.0,40.0,at_station,,-1.0
404,bus,18,50.0,35.0,at_station,,1.0
404,bus,19,40.0,15.0,at_station,,-1.0
404,bus,20,15.0,50.0,at_station,,1.0
404,bus,21,15.0,60.0,at_station,,-1.0
404,bus,22,50.0,15.0,at_station,,1.0
404,bus,23,50.0,25.0,at_station,,-1.0
405,drone,0,20.0,15.0,waiting_at_bus_station_for_delivery,186.05781552859423,
405,drone,1,20.0,15.0,waiting_at_bus_station_for_delivery,252.830094339717,
405,bus,0,25.0,60.0,at_station,,-1.0
405,bus,1,15.0,40.0,at_station,,1.0
405,bus,2,50.0,35.0,at_station,,-1.0
405,bus,3,40.0,15.0,at_station,,1.0
405,bus,4,45.0,60.0,at_station,,-1.0
405,bus,5,15.0,20.0,at_station,,1.0
405,bus,6,50.0,55.0,at_station,,-1.0
405,bus,7,20.0,15.0,at_station,,1.0
405,bus,8,65.0,60.0,at_station,,1.0
405,bus,9,15.0,0.0,at_station,,-1.0
405,bus,10,50.0,75.0,at_station,,1.0
405,bus,11,0.0,15.0,at_station,,-1.0
405,bus,12,45.0,60.0,at_station,,1.0
405,bus,13,15.0,20.0,at_station,,-1.0
405,bus,14,50.0,55.0,at_station,,1.0
405,bus,15,20.0,15.0,at_station,,-1.0
405,bus,16,25.0,60.0,at_station,,1.0
405,bus,17,15.0,40.0,at_station,,-1.0
405,bus,18,50.0,35.0,at_station,,1.0
405,bus,19,40.0,15.0,at_station,,-1.0
405,bus,20,15.0,50.0,at_station,,1.0
405,bus,21,15.0,60.0,at_station,,-1.0
405,bus,22,50.0,15.0,at_station,,1.0
405,bus,23,50.0,25.0,at_station,,-1.0
406,drone,0,20.0,15.0,waiting_at_bus_station_for_delivery,186.05781552859423,
406,drone,1,20.0,15.0,waiting_at_bus_station_for_delivery,252.830094339717,
406,bus,0,25.0,60.0,at_station,,-1.0
406,bus,1,15.0,40.0,at_station,,1.0
406,bus,2,50.0,35.0,at_station,,-1.0
406,bus,3,40.0,15.0,at_station,,1.0
406,bus,4,45.0,60.0,at_station,,-1.0
406,bus,5,15.0,20.0,at_station,,1.0
406,bus,6,50.0,55.0,at_station,,-1.0
406,bus,7,20.0,15.0,at_station,,1.0
406,bus,8,65.0,60.0,at_station,,1.0
406,bus,9,15.0,0.0,at_station,,-1.0
406,bus,10,50.0,75.0,at_station,,1.0
406,bus,11,0.0,15.0,at_station,,-1.0
406,bus,12,45.0,60.0,at_station,,1.0
406,bus,13,15.0,20.0,at_station,,-1.0
406,bus,14,50.0,55.0,at_station,,1.0
406,bus,15,20.0,15.0,at_station,,-1.0
406,bus,16,25.0,60.0,at_station,,1.0
406,bus,17,15.0,40.0,at_station,,-1.0
406,bus,18,50.0,35.0,at_station,,1.0
406,bus,19,40.0,15.0,at_station,,-1.0
406,bus,20,15.0,50.0,at_station,,1.0
406,bus,21,15.0,60.0,at_station,,-1.0
406,bus,22,50.0,15.0,at_station,,1.0
406,bus,23,50.0,25.0,at_station,,-1.0
407,drone,0,20.0,15.0,waiting_at_bus_station_for_delivery,186.05781552859423,
407,drone,1,20.0,15.0,waiting_at_bus_station_for_delivery,252.830094339717,
407,bus,0,22.5,60.0,moving,,-1.0
407,bus,1,15.0,42.5,moving,,1.0
407,bus,2,50.0,32.5,moving,,-1.0
407,bus,3,42.5,15.0,moving,,1.0
407,bus,4,42.5,60.0,moving,,-1.0
407,bus,5,15.0,22.5,moving,,1.0
407,bus,6,50.0,52.5,moving,,-1.0
407,bus,7,22.5,15.0,moving,,1.0
407,bus,8,62.5,60.0,moving,,-1.0
407,bus,9,15.0,2.5,moving,,1.0
407,bus,10,50.0,72.5,moving,,-1.0
407,bus,11,2.5,15.0,moving,,1.0
407,bus,12,47.5,60.0,moving,,1.0
407,bus,13,15.0,17.5,moving,,-1.0
407,bus,14,50.0,57.5,moving,,1.0
407,bus,15,17.5,15.0,moving,,-1.0
407,bus,16,27.5,60.0,moving,,1.0
407,bus,17,15.0,37.5,moving,,-1.0
407,bus,18,50.0,37.5,moving,,1.0
407,bus,19,37.5,15.0,moving,,-1.0
407,bus,20,15.0,52.5,moving,,1.0
407,bus,21,15.0,57.5,moving,,-1.0
407,bus,22,50.0,17.5,moving,,1.0
407,bus,23,50.0,22.5,moving,,-1.0
408,drone,0,20.0,15.0,waiting_at_bus_station_for_delivery,186.05781552859423,
408,drone,1,20.0,15.0,waiting_at_bus_station_for_delivery,252.830094339717,
408,bus,0,17.5,60.0,moving,,-1.0
408,bus,1,15.0,47.5,moving,,1.0
408,bus,2,50.0,27.5,moving,,-1.0
408,bus,3,47.5,15.0,moving,,1.0
408,bus,4,37.5,60.0,moving,,-1.0
408,bus,5,15.0,27.5,moving,,1.0
408,bus,6,50.0,47.5,moving,,-1.0
408,bus,7,27.5,15.0,moving,,1.0
408,bus,8,57.5,60.0,moving,,-1.0
408,bus,9,15.0,7.5,moving,,1.0
408,bus,10,50.0,67.5,moving,,-1.0
408,bus,11,7.5,15.0,moving,,1.0
408,bus,12,52.5,60.0,moving,,1.0
408,bus,13,15.0,12.5,moving,,-1.0
408,bus,14,50.0,62.5,moving,,1.0
408,bus,15,12.5,15.0,moving,,-1.0
408,bus,16,32.5,60.0,moving,,1.0
408,bus,17,15.0,32.5,moving,,-1.0
408,bus,18,50.0,42.5,moving,,1.0
408,bus,19,32.5,15.0,moving,,-1.0
408,bus,20,15.0,57.5,moving,,1.0
408,bus,21,15.0,52.5,moving,,-1.0
408,bus,22,50.0,22.5,moving,,1.0
408,bus,23,50.0,17.5,moving,,-1.0
409,drone,0,20.0,15.0,waiting_at_bus_station_for_delivery,186.05781552859423,
409,drone,1,20.0,15.0,waiting_at_bus_station_for_delivery,252.830094339717,
409,bus,0,15.0,60.0,at_station,,-1.0
409,bus,1,15.0,50.0,at_station,,1.0
409,bus,2,50.0,25.0,at_station,,-1.0
409,bus,3,50.0,15.0,at_station,,1.0
409,bus,4,35.0,60.0,at_station,,-1.0
409,bus,5,15.0,30.0,at_station,,1.0
409,bus,6,50.0,45.0,at_station,,-1.0
409,bus,7,30.0,15.0,at_station,,1.0
409,bus,8,55.0,60.0,at_station,,-1.0
409,bus,9,15.0,10.0,at_station,,1.0
409,bus,10,50.0,65.0,at_station,,-1.0
409,bus,11,10.0,15.0,at_station,,1.0
409,bus,12,55.0,60.0,at_station,,1.0
409,bus,13,15.0,10.0,at_station,,-1.0
409,bus,14,50.0,65.0,at_station,,1.0
409,bus,15,10.0,15.0,at_station,,-1.0
409,bus,16,35.0,60.0,at_station,,1.0
409,bus,17,15.0,30.0,at_station,,-1.0
409,bus,18,50.0,45.0,at_station,,1.0
409,bus,19,30.0,15.0,at_station,,-1.0
409,bus,20,15.0,60.0,at_station,,1.0
409,bus,21,15.0,50.0,at_station,,-1.0
409,bus,22,50.0,25.0,at_station,,1.0
409,bus,23,50.0,15.0,at_station,,-1.0
410,drone,0,20.0,15.0,waiting_at_bus_station_for_delivery,186.05781552859423,
410,drone,1,20.0,15.0,waiting_at_bus_station_for_delivery,252.830094339717,
410,bus,0,15.0,60.0,at_station,,-1.0
410,bus,1,15.0,50.0,at_station,,1.0
410,bus,2,50.0,25.0,at_station,,-1.0
410,bus,3,50.0,15.0,at_station,,1.0
410,bus,4,35.0,60.0,at_station,,-1.0
410,bus,5,15.0,30.0,at_station,,1.0
410,bus,6,50.0,45.0,at_station,,-1.0
410,bus,7,30.0,15.0,at_station,,1.0
410,bus,8,55.0,60.0,at_station,,-1.0
410,bus,9,15.0,10.0,at_station,,1.0
410,bus,10,50.0,65.0,at_station,,-1.0
410,bus,11,10.0,15.0,at_station,,1.0
410,bus,12,55.0,60.0,at_station,,1.0
410,bus,13,15.0,10.0,at_station,,-1.0
410,bus,14,50.0,65.0,at_station,,1.0
410,bus,15,10.0,15.0,at_station,,-1.0
410,bus,16,35.0,60.0,at_station,,1.0
410,bus,17,15.0,30.0,at_station,,-1.0
410,bus,18,50.0,45.0,at_station,,1.0
410,bus,19,30.0,15.0,at_station,,-1.0
410,bus,20,15.0,60.0,at_station,,1.0
410,bus,21,15.0,50.0,at_station,,-1.0
410,bus,22,50.0,25.0,at_station,,1.0
410,bus,23,50.0,15.0,at_station,,-1.0
411,drone,0,20.0,15.0,waiting_at_bus_station_for_delivery,186.05781552859423,
411,drone,1,20.0,15.0,waiting_at_bus_station_for_delivery,252.830094339717,
411,bus,0,15.0,60.0,at_station,,-1.0
411,bus,1,15.0,50.0,at_station,,1.0
411,bus,2,50.0,25.0,at_station,,-1.0
411,bus,3,50.0,15.0,at_station,,1.0
411,bus,4,35.0,60.0,at_station,,-1.0
411,bus,5,15.0,30.0,at_station,,1.0
411,bus,6,50.0,45.0,at_station,,-1.0
411,bus,7,30.0,15.0,at_station,,1.0
411,bus,8,55.0,60.0,at_station,,-1.0
411,bus,9,15.0,10.0,at_station,,1.0
411,bus,10,50.0,65.0,at_station,,-1.0
411,bus,11,10.0,15.0,at_station,,1.0
411,bus,12,55.0,60.0,at_station,,1.0
411,bus,13,15.0,10.0,at_station,,-1.0
411,bus,14,50.0,65.0,at_station,,1.0
411,bus,15,10.0,15.0,at_station,,-1.0
411,bus,16,35.0,60.0,at_station,,1.0
411,bus,17,15.0,30.0,at_station,,-1.0
411,bus,18,50.0,45.0,at_station,,1.0
411,bus,19,30.0,15.0,at_station,,-1.0
411,bus,20,15.0,60.0,at_station,,1.0
411,bus,21,15.0,50.0,at_station,,-1.0
411,bus,22,50.0,25.0,at_station,,1.0
411,bus,23,50.0,15.0,at_station,,-1.0
412,drone,0,20.0,15.0,waiting_at_bus_station_for_delivery,186.05781552859423,
412,drone,1,20.0,15.0,waiting_at_bus_station_for_delivery,252.830094339717,
412,bus,0,15.0,57.5,moving,,-1.0
412,bus,1,15.0,52.5,moving,,1.0
412,bus,2,50.0,22.5,moving,,-1.0
412,bus,3,50.0,17.5,moving,,1.0
412,bus,4,32.5,60.0,moving,,-1.0
412,bus,5,15.0,32.5,moving,,1.0
412,bus,6,50.0,42.5,moving,,-1.0
412,bus,7,32.5,15.0,moving,,1.0
412,bus,8,52.5,60.0,moving,,-1.0
412,bus,9,15.0,12.5,moving,,1.0
412,bus,10,50.0,62.5,moving,,-1.0
412,bus,11,12.5,15.0,moving,,1.0
412,bus,12,57.5,60.0,moving,,1.0
412,bus,13,15.0,7.5,moving,,-1.0
412,bus,14,50.0,67.5,moving,,1.0
412,bus,15,7.5,15.0,moving,,-1.0
412,bus,16,37.5,60.0,moving,,1.0
412,bus,17,15.0,27.5,moving,,-1.0
412,bus,18,50.0,47.5,moving,,1.0
412,bus,19,27.5,15.0,moving,,-1.0
412,bus,20,17.5,60.0,moving,,1.0
412,bus,21,15.0,47.5,moving,,-1.0
412,bus,22,50.0,27.5,moving,,1.0
412,bus,23,47.5,15.0,moving,,-1.0
413,drone,0,20.0,15.0,waiting_at_bus_station_for_delivery,186.05781552859423,
413,drone,1,20.0,15.0,waiting_at_bus_station_for_delivery,252.830094339717,
413,bus,0,15.0,52.5,moving,,-1.0
413,bus,1,15.0,57.5,moving,,1.0
413,bus,2,50.0,17.5,moving,,-1.0
413,bus,3,50.0,22.5,moving,,1.0
413,bus,4,27.5,60.0,moving,,-1.0
413,bus,5,15.0,37.5,moving,,1.0
413,bus,6,50.0,37.5,moving,,-1.0
413,bus,7,37.5,15.0,moving,,1.0
413,bus,8,47.5,60.0,moving,,-1.0
413,bus,9,15.0,17.5,moving,,1.0
413,bus,10,50.0,57.5,moving,,-1.0
413,bus,11,17.5,15.0,moving,,1.0
413,bus,12,62.5,60.0,moving,,1.0
413,bus,13,15.0,2.5,moving,,-1.0
413,bus,14,50.0,72.5,moving,,1.0
413,bus,15,2.5,15.0,moving,,-1.0
413,bus,16,42.5,60.0,moving,,1.0
413,bus,17,15.0,22.5,moving,,-1.0
413,bus,18,50.0,52.5,moving,,1.0
413,bus,19,22.5,15.0,moving,,-1.0
413,bus,20,22.5,60.0,moving,,1.0
413,bus,21,15.0,42.5,moving,,-1.0
413,bus,22,50.0,32.5,moving,,1.0
413,bus,23,42.5,15.0,moving,,-1.0
414,drone,0,20.0,15.0,waiting_at_bus_station_for_delivery,186.05781552859423,
414,drone,1,20.0,15.0,waiting_at_bus_station_for_delivery,252.830094339717,
414,bus,0,15.0,50.0,at_station,,-1.0
414,bus,1,15.0,60.0,at_station,,1.0
414,bus,2,50.0,15.0,at_station,,-1.0
414,bus,3,50.0,25.0,at_station,,1.0
414,bus,4,25.0,60.0,at_station,,-1.0
414,bus,5,15.0,40.0,at_station,,1.0
414,bus,6,50.0,35.0,at_station,,-1.0
414,bus,7,40.0,15.0,at_station,,1.0
414,bus,8,45.0,60.0,at_station,,-1.0
414,bus,9,15.0,20.0,at_station,,1.0
414,bus,10,50.0,55.0,at_station,,-1.0
414,bus,11,20.0,15.0,at_station,,1.0
414,bus,12,65.0,60.0,at_station,,1.0
414,bus,13,15.0,0.0,at_station,,-1.0
414,bus,14,50.0,75.0,at_station,,1.0
414,bus,15,0.0,15.0,at_station,,-1.0
414,bus,16,45.0,60.0,at_station,,1.0
414,bus,17,15.0,20.0,at_station,,-1.0
414,bus,18,50.0,55.0,at_station,,1.0
414,bus,19,20.0,15.0,at_station,,-1.0
414,bus,20,25.0,60.0,at_station,,1.0
414,bus,21,15.0,40.0,at_station,,-1.0
414,bus,22,50.0,35.0,at_station,,1.0
414,bus,23,40.0,15.0,at_station,,-1.0
415,drone,0,20.0,15.0,waiting_at_bus_station_for_delivery,186.05781552859423,
415,drone,1,20.0,15.0,waiting_at_bus_station_for_delivery,252.830094339717,
415,bus,0,15.0,50.0,at_station,,-1.0
415,bus,1,15.0,60.0,at_station,,1.0
415,bus,2,50.0,15.0,at_station,,-1.0
415,bus,3,50.0,25.0,at_station,,1.0
415,bus,4,25.0,60.0,at_station,,-1.0
415,bus,5,15.0,40.0,at_station,,1.0
415,bus,6,50.0,35.0,at_station,,-1.0
415,bus,7,40.0,15.0,at_station,,1.0
415,bus,8,45.0,60.0,at_station,,-1.0
415,bus,9,15.0,20.0,at_station,,1.0
415,bus,10,50.0,55.0,at_station,,-1.0
415,bus,11,20.0,15.0,at_station,,1.0
415,bus,12,65.0,60.0,at_station,,1.0
415,bus,13,15.0,0.0,at_station,,-1.0
415,bus,14,50.0,75.0,at_station,,1.0
415,bus,15,0.0,15.0,at_station,,-1.0
415,bus,16,45.0,60.0,at_station,,1.0
415,bus,17,15.0,20.0,at_station,,-1.0
415,bus,18,50.0,55.0,at_station,,1.0
415,bus,19,20.0,15.0,at_station,,-1.0
415,bus,20,25.0,60.0,at_station,,1.0
415,bus,21,15.0,40.0,at_station,,-1.0
415,bus,22,50.0,35.0,at_station,,1.0
415,bus,23,40.0,15.0,at_station,,-1.0
416,drone,0,20.0,15.0,waiting_at_bus_station_for_delivery,186.05781552859423,
416,drone,1,20.0,15.0,waiting_at_bus_station_for_delivery,252.830094339717,
416,bus,0,15.0,50.0,at_station,,-1.0
416,bus,1,15.0,60.0,at_station,,1.0
416,bus,2,50.0,15.0,at_station,,-1.0
416,bus,3,50.0,25.0,at_station,,1.0
416,bus,4,25.0,60.0,at_station,,-1.0
416,bus,5,15.0,40.0,at_station,,1.0
416,bus,6,50.0,35.0,at_station,,-1.0
416,bus,7,40.0,15.0,at_station,,1.0
416,bus,8,45.0,60.0,at_station,,-1.0
416,bus,9,15.0,20.0,at_station,,1.0
416,bus,10,50.0,55.0,at_station,,-1.0
416,bus,11,20.0,15.0,at_station,,1.0
416,bus,12,65.0,60.0,at_station,,1.0
416,bus,13,15.0,0.0,at_station,,-1.0
416,bus,14,50.0,75.0,at_station,,1.0
416,bus,15,0.0,15.0,at_station,,-1.0
416,bus,16,45.0,60.0,at_station,,1.0
416,bus,17,15.0,20.0,at_station,,-1.0
416,bus,18,50.0,55.0,at_station,,1.0
416,bus,19,20.0,15.0,at_station,,-1.0
416,bus,20,25.0,60.0,at_station,,1.0
416,bus,21,15.0,40.0,at_station,,-1.0
416,bus,22,50.0,35.0,at_station,,1.0
416,bus,23,40.0,15.0,at_station,,-1.0
417,drone,0,20.0,15.0,waiting_at_bus_station_for_delivery,186.05781552859423,
417,drone,1,20.0,15.0,waiting_at_bus_station_for_delivery,252.830094339717,
417,bus,0,15.0,47.5,moving,,-1.0
417,bus,1,17.5,60.0,moving,,1.0
417,bus,2,47.5,15.0,moving,,-1.0
417,bus,3,50.0,27.5,moving,,1.0
417,bus,4,22.5,60.0,moving,,-1.0
417,bus,5,15.0,42.5,moving,,1.0
417,bus,6,50.0,32.5,moving,,-1.0
417,bus,7,42.5,15.0,moving,,1.0
417,bus,8,42.5,60.0,moving,,-1.0
417,bus,9,15.0,22.5,moving,,1.0
417,bus,10,50.0,52.5,moving,,-1.0
417,bus,11,22.5,15.0,moving,,1.0
417,bus,12,62.5,60.0,moving,,-1.0
417,bus,13,15.0,2.5,moving,,1.0
417,bus,14,50.0,72.5,moving,,-1.0
417,bus,15,2.5,15.0,moving,,1.0
417,bus,16,47.5,60.0,moving,,1.0
417,bus,17,15.0,17.5,moving,,-1.0
417,bus,18,50.0,57.5,moving,,1.0
417,bus,19,17.5,15.0,moving,,-1.0
417,bus,20,27.5,60.0,moving,,1.0
417,bus,21,15.0,37.5,moving,,-1.0
417,bus,22,50.0,37.5,moving,,1.0
417,bus,23,37.5,15.0,moving,,-1.0
418,drone,0,20.0,15.0,waiting_at_bus_station_for_delivery,186.05781552859423,
418,drone,1,20.0,15.0,waiting_at_bus_station_for_delivery,252.830094339717,
418,bus,0,15.0,42.5,moving,,-1.0
418,bus,1,22.5,60.0,moving,,1.0
418,bus,2,42.5,15.0,moving,,-1.0
418,bus,3,50.0,32.5,moving,,1.0
418,bus,4,17.5,60.0,moving,,-1.0
418,bus,5,15.0,47.5,moving,,1.0
418,bus,6,50.0,27.5,moving,,-1.0
418,bus,7,47.5,15.0,moving,,1.0
418,bus,8,37.5,60.0,moving,,-1.0
418,bus,9,15.0,27.5,moving,,1.0
418,bus,10,50.0,47.5,moving,,-1.0
418,bus,11,27.5,15.0,moving,,1.0
418,bus,12,57.5,60.0,moving,,-1.0
418,bus,13,15.0,7.5,moving,,1.0
418,bus,14,50.0,67.5,moving,,-1.0
418,bus,15,7.5,15.0,moving,,1.0
418,bus,16,52.5,60.0,moving,,1.0
418,bus,17,15.0,12.5,moving,,-1.0
418,bus,18,50.0,62.5,moving,,1.0
418,bus,19,12.5,15.0,moving,,-1.0
418,bus,20,32.5,60.0,moving,,1.0
418,bus,21,15.0,32.5,moving,,-1.0
418,bus,22,50.0,42.5,moving,,1.0
418,bus,23,32.5,15.0,moving,,-1.0
419,drone,0,20.0,15.0,waiting_at_bus_station_for_delivery,186.05781552859423,
419,drone,1,20.0,15.0,waiting_at_bus_station_for_delivery,252.830094339717,
419,bus,0,15.0,40.0,at_station,,-1.0
419,bus,1,25.0,60.0,at_station,,1.0
419,bus,2,40.0,15.0,at_station,,-1.0
419,bus,3,50.0,35.0,at_station,,1.0
419,bus,4,15.0,60.0,at_station,,-1.0
419,bus,5,15.0,50.0,at_station,,1.0
419,bus,6,50.0,25.0,at_station,,-1.0
419,bus,7,50.0,15.0,at_station,,1.0
419,bus,8,35.0,60.0,at_station,,-1.0
419,bus,9,15.0,30.0,at_station,,1.0
419,bus,10,50.0,45.0,at_station,,-1.0
419,bus,11,30.0,15.0,at_station,,1.0
419,bus,12,55.0,60.0,at_station,,-1.0
419,bus,13,15.0,10.0,at_station,,1.0
419,bus,14,50.0,65.0,at_station,,-1.0
419,bus,15,10.0,15.0,at_station,,1.0
419,bus,16,55.0,60.0,at_station,,1.0
419,bus,17,15.0,10.0,at_station,,-1.0
419,bus,18,50.0,65.0,at_station,,1.0
419,bus,19,10.0,15.0,at_station,,-1.0
419,bus,20,35.0,60.0,at_station,,1.0
419,bus,21,15.0,30.0,at_station,,-1.0
419,bus,22,50.0,45.0,at_station,,1.0
419,bus,23,30.0,15.0,at_station,,-1.0
420,drone,0,20.0,15.0,waiting_at_bus_station_for_delivery,186.05781552859423,
420,drone,1,20.0,15.0,waiting_at_bus_station_for_delivery,252.830094339717,
420,bus,0,15.0,40.0,at_station,,-1.0
420,bus,1,25.0,60.0,at_station,,1.0
420,bus,2,40.0,15.0,at_station,,-1.0
420,bus,3,50.0,35.0,at_station,,1.0
420,bus,4,15.0,60.0,at_station,,-1.0
420,bus,5,15.0,50.0,at_station,,1.0
420,bus,6,50.0,25.0,at_station,,-1.0
420,bus,7,50.0,15.0,at_station,,1.0
420,bus,8,35.0,60.0,at_station,,-1.0
420,bus,9,15.0,30.0,at_station,,1.0
420,bus,10,50.0,45.0,at_station,,-1.0
420,bus,11,30.0,15.0,at_station,,1.0
420,bus,12,55.0,60.0,at_station,,-1.0
420,bus,13,15.0,10.0,at_station,,1.0
420,bus,14,50.0,65.0,at_station,,-1.0
420,bus,15,10.0,15.0,at_station,,1.0
420,bus,16,55.0,60.0,at_station,,1.0
420,bus,17,15.0,10.0,at_station,,-1.0
420,bus,18,50.0,65.0,at_station,,1.0
420,bus,19,10.0,15.0,at_station,,-1.0
420,bus,20,35.0,60.0,at_station,,1.0
420,bus,21,15.0,30.0,at_station,,-1.0
420,bus,22,50.0,45.0,at_station,,1.0
420,bus,23,30.0,15.0,at_station,,-1.0
421,drone,0,20.0,15.0,waiting_at_bus_station_for_delivery,186.05781552859423,
421,drone,1,20.0,15.0,waiting_at_bus_station_for_delivery,252.830094339717,
421,bus,0,15.0,40.0,at_station,,-1.0
421,bus,1,25.0,60.0,at_station,,1.0
421,bus,2,40.0,15.0,at_station,,-1.0
421,bus,3,50.0,35.0,at_station,,1.0
421,bus,4,15.0,60.0,at_station,,-1.0
421,bus,5,15.0,50.0,at_station,,1.0
421,bus,6,50.0,25.0,at_station,,-1.0
421,bus,7,50.0,15.0,at_station,,1.0
421,bus,8,35.0,60.0,at_station,,-1.0
421,bus,9,15.0,30.0,at_station,,1.0
421,bus,10,50.0,45.0,at_station,,-1.0
421,bus,11,30.0,15.0,at_station,,1.0
421,bus,12,55.0,60.0,at_station,,-1.0
421,bus,13,15.0,10.0,at_station,,1.0
421,bus,14,50.0,65.0,at_station,,-1.0
421,bus,15,10.0,15.0,at_station,,1.0
421,bus,16,55.0,60.0,at_station,,1.0
421,bus,17,15.0,10.0,at_station,,-1.0
421,bus,18,50.0,65.0,at_station,,1.0
421,bus,19,10.0,15.0,at_station,,-1.0
421,bus,20,35.0,60.0,at_station,,1.0
421,bus,21,15.0,30.0,at_station,,-1.0
421,bus,22,50.0,45.0,at_station,,1.0
421,bus,23,30.0,15.0,at_station,,-1.0
422,drone,0,20.0,15.0,waiting_at_bus_station_for_delivery,186.05781552859423,
422,drone,1,20.0,15.0,waiting_at_bus_station_for_delivery,252.830094339717,
422,bus,0,15.0,37.5,moving,,-1.0
422,bus,1,27.5,60.0,moving,,1.0
422,bus,2,37.5,15.0,moving,,-1.0
422,bus,3,50.0,37.5,moving,,1.0
422,bus,4,15.0,57.5,moving,,-1.0
422,bus,5,15.0,52.5,moving,,1.0
422,bus,6,50.0,22.5,moving,,-1.0
422,bus,7,50.0,17.5,moving,,1.0
422,bus,8,32.5,60.0,moving,,-1.0
422,bus,9,15.0,32.5,moving,,1.0
422,bus,10,50.0,42.5,moving,,-1.0
422,bus,11,32.5,15.0,moving,,1.0
422,bus,12,52.5,60.0,moving,,-1.0
422,bus,13,15.0,12.5,moving,,1.0
422,bus,14,50.0,62.5,moving,,-1.0
422,bus,15,12.5,15.0,moving,,1.0
422,bus,16,57.5,60.0,moving,,1.0
422,bus,17,15.0,7.5,moving,,-1.0
422,bus,18,50.0,67.5,moving,,1.0
422,bus,19,7.5,15.0,moving,,-1.0
422,bus,20,37.5,60.0,moving,,1.0
422,bus,21,15.0,27.5,moving,,-1.0
422,bus,22,50.0,47.5,moving,,1.0
422,bus,23,27.5,15.0,moving,,-1.0
423,drone,0,20.0,15.0,waiting_at_bus_station_for_delivery,186.05781552859423,
423,drone,1,20.0,15.0,waiting_at_bus_station_for_delivery,252.830094339717,
423,bus,0,15.0,32.5,moving,,-1.0
423,bus,1,32.5,60.0,moving,,1.0
423,bus,2,32.5,15.0,moving,,-1.0
423,bus,3,50.0,42.5,moving,,1.0
423,bus,4,15.0,52.5,moving,,-1.0
423,bus,5,15.0,57.5,moving,,1.0
423,bus,6,50.0,17.5,moving,,-1.0
423,bus,7,50.0,22.5,moving,,1.0
423,bus,8,27.5,60.0,moving,,-1.0
423,bus,9,15.0,37.5,moving,,1.0
423,bus,10,50.0,37.5,moving,,-1.0
423,bus,11,37.5,15.0,moving,,1.0
423,bus,12,47.5,60.0,moving,,-1.0
423,bus,13,15.0,17.5,moving,,1.0
423,bus,14,50.0,57.5,moving,,-1.0
423,bus,15,17.5,15.0,moving,,1.0
423,bus,16,62.5,60.0,moving,,1.0
423,bus,17,15.0,2.5,moving,,-1.0
423,bus,18,50.0,72.5,moving,,1.0
423,bus,19,2.5,15.0,moving,,-1.0
423,bus,20,42.5,60.0,moving,,1.0
423,bus,21,15.0,22.5,moving,,-1.0
423,bus,22,50.0,52.5,moving,,1.0
423,bus,23,22.5,15.0,moving,,-1.0
424,drone,0,20.0,15.0,waiting_at_bus_station_for_delivery,186.05781552859423,
424,drone,1,20.0,15.0,waiting_at_bus_station_for_delivery,252.830094339717,
424,bus,0,15.0,30.0,at_station,,-1.0
424,bus,1,35.0,60.0,at_station,,1.0
424,bus,2,30.0,15.0,at_station,,-1.0
424,bus,3,50.0,45.0,at_station,,1.0
424,bus,4,15.0,50.0,at_station,,-1.0
424,bus,5,15.0,60.0,at_station,,1.0
424,bus,6,50.0,15.0,at_station,,-1.0
424,bus,7,50.0,25.0,at_station,,1.0
424,bus,8,25.0,60.0,at_station,,-1.0
424,bus,9,15.0,40.0,at_station,,1.0
424,bus,10,50.0,35.0,at_station,,-1.0
424,bus,11,40.0,15.0,at_station,,1.0
424,bus,12,45.0,60.0,at_station,,-1.0
424,bus,13,15.0,20.0,at_station,,1.0
424,bus,14,50.0,55.0,at_station,,-1.0
424,bus,15,20.0,15.0,at_station,,1.0
424,bus,16,65.0,60.0,at_station,,1.0
424,bus,17,15.0,0.0,at_station,,-1.0
424,bus,18,50.0,75.0,at_station,,1.0
424,bus,19,0.0,15.0,at_station,,-1.0
424,bus,20,45.0,60.0,at_station,,1.0
424,bus,21,15.0,20.0,at_station,,-1.0
424,bus,22,50.0,55.0,at_station,,1.0
424,bus,23,20.0,15.0,at_station,,-1.0
425,drone,0,20.0,15.0,waiting_at_bus_station_for_delivery,186.05781552859423,
425,drone,1,20.0,15.0,waiting_at_bus_station_for_delivery,252.830094339717,
425,bus,0,15.0,30.0,at_station,,-1.0
425,bus,1,35.0,60.0,at_station,,1.0
425,bus,2,30.0,15.0,at_station,,-1.0
425,bus,3,50.0,45.0,at_station,,1.0
425,bus,4,15.0,50.0,at_station,,-1.0
425,bus,5,15.0,60.0,at_station,,1.0
425,bus,6,50.0,15.0,at_station,,-1.0
425,bus,7,50.0,25.0,at_station,,1.0
425,bus,8,25.0,60.0,at_station,,-1.0
425,bus,9,15.0,40.0,at_station,,1.0
425,bus,10,50.0,35.0,at_station,,-1.0
425,bus,11,40.0,15.0,at_station,,1.0
425,bus,12,45.0,60.0,at_station,,-1.0
425,bus,13,15.0,20.0,at_station,,1.0
425,bus,14,50.0,55.0,at_station,,-1.0
425,bus,15,20.0,15.0,at_station,,1.0
425,bus,16,65.0,60.0,at_station,,1.0
425,bus,17,15.0,0.0,at_station,,-1.0
425,bus,18,50.0,75.0,at_station,,1.0
425,bus,19,0.0,15.0,at_station,,-1.0
425,bus,20,45.0,60.0,at_station,,1.0
425,bus,21,15.0,20.0,at_station,,-1.0
425,bus,22,50.0,55.0,at_station,,1.0
425,bus,23,20.0,15.0,at_station,,-1.0
426,drone,0,20.0,15.0,waiting_at_bus_station_for_delivery,186.05781552859423,
426,drone,1,20.0,15.0,waiting_at_bus_station_for_delivery,252.830094339717,
426,bus,0,15.0,30.0,at_station,,-1.0
426,bus,1,35.0,60.0,at_station,,1.0
426,bus,2,30.0,15.0,at_station,,-1.0
426,bus,3,50.0,45.0,at_station,,1.0
426,bus,4,15.0,50.0,at_station,,-1.0
426,bus,5,15.0,60.0,at_station,,1.0
426,bus,6,50.0,15.0,at_station,,-1.0
426,bus,7,50.0,25.0,at_station,,1.0
426,bus,8,25.0,60.0,at_station,,-1.0
426,bus,9,15.0,40.0,at_station,,1.0
426,bus,10,50.0,35.0,at_station,,-1.0
426,bus,11,40.0,15.0,at_station,,1.0
426,bus,12,45.0,60.0,at_station,,-1.0
426,bus,13,15.0,20.0,at_station,,1.0
426,bus,14,50.0,55.0,at_station,,-1.0
426,bus,15,20.0,15.0,at_station,,1.0
426,bus,16,65.0,60.0,at_station,,1.0
426,bus,17,15.0,0.0,at_station,,-1.0
426,bus,18,50.0,75.0,at_station,,1.0
426,bus,19,0.0,15.0,at_station,,-1.0
426,bus,20,45.0,60.0,at_station,,1.0
426,bus,21,15.0,20.0,at_station,,-1.0
426,bus,22,50.0,55.0,at_station,,1.0
426,bus,23,20.0,15.0,at_station,,-1.0
427,drone,0,20.0,15.0,waiting_at_bus_station_for_delivery,186.05781552859423,
427,drone,1,20.0,15.0,waiting_at_bus_station_for_delivery,252.830094339717,
427,bus,0,15.0,27.5,moving,,-1.0
427,bus,1,37.5,60.0,moving,,1.0
427,bus,2,27.5,15.0,moving,,-1.0
427,bus,3,50.0,47.5,moving,,1.0
427,bus,4,15.0,47.5,moving,,-1.0
427,bus,5,17.5,60.0,moving,,1.0
427,bus,6,47.5,15.0,moving,,-1.0
427,bus,7,50.0,27.5,moving,,1.0
427,bus,8,22.5,60.0,moving,,-1.0
427,bus,9,15.0,42.5,moving,,1.0
427,bus,10,50.0,32.5,moving,,-1.0
427,bus,11,42.5,15.0,moving,,1.0
427,bus,12,42.5,60.0,moving,,-1.0
427,bus,13,15.0,22.5,moving,,1.0
427,bus,14,50.0,52.5,moving,,-1.0
427,bus,15,22.5,15.0,moving,,1.0
427,bus,16,62.5,60.0,moving,,-1.0
427,bus,17,15.0,2.5,moving,,1.0
427,bus,18,50.0,72.5,moving,,-1.0
427,bus,19,2.5,15.0,moving,,1.0
427,bus,20,47.5,60.0,moving,,1.0
427,bus,21,15.0,17.5,moving,,-1.0
427,bus,22,50.0,57.5,moving,,1.0
427,bus,23,17.5,15.0,moving,,-1.0
428,drone,0,20.0,15.0,waiting_at_bus_station_for_delivery,186.05781552859423,
428,drone,1,20.0,15.0,waiting_at_bus_station_for_delivery,252.830094339717,
428,bus,0,15.0,22.5,moving,,-1.0
428,bus,1,42.5,60.0,moving,,1.0
428,bus,2,22.5,15.0,moving,,-1.0
428,bus,3,50.0,52.5,moving,,1.0
428,bus,4,15.0,42.5,moving,,-1.0
428,bus,5,22.5,60.0,moving,,1.0
428,bus,6,42.5,15.0,moving,,-1.0
428,bus,7,50.0,32.5,moving,,1.0
428,bus,8,17.5,60.0,moving,,-1.0
428,bus,9,15.0,47.5,moving,,1.0
428,bus,10,50.0,27.5,moving,,-1.0
428,bus,11,47.5,15.0,moving,,1.0
428,bus,12,37.5,60.0,moving,,-1.0
428,bus,13,15.0,27.5,moving,,1.0
428,bus,14,50.0,47.5,moving,,-1.0
428,bus,15,27.5,15.0,moving,,1.0
428,bus,16,57.5,60.0,moving,,-1.0
428,bus,17,15.0,7.5,moving,,1.0
428,bus,18,50.0,67.5,moving,,-1.0
428,bus,19,7.5,15.0,moving,,1.0
428,bus,20,52.5,60.0,moving,,1.0
428,bus,21,15.0,12.5,moving,,-1.0
428,bus,22,50.0,62.5,moving,,1.0
428,bus,23,12.5,15.0,moving,,-1.0
429,drone,0,20.0,15.0,waiting_at_bus_station_for_delivery,186.05781552859423,
429,drone,1,20.0,15.0,waiting_at_bus_station_for_delivery,252.830094339717,
429,bus,0,15.0,20.0,at_station,,-1.0
429,bus,1,45.0,60.0,at_station,,1.0
429,bus,2,20.0,15.0,at_station,,-1.0
429,bus,3,50.0,55.0,at_station,,1.0
429,bus,4,15.0,40.0,at_station,,-1.0
429,bus,5,25.0,60.0,at_station,,1.0
429,bus,6,40.0,15.0,at_station,,-1.0
429,bus,7,50.0,35.0,at_station,,1.0
429,bus,8,15.0,60.0,at_station,,-1.0
429,bus,9,15.0,50.0,at_station,,1.0
429,bus,10,50.0,25.0,at_station,,-1.0
429,bus,11,50.0,15.0,at_station,,1.0
429,bus,12,35.0,60.0,at_station,,-1.0
429,bus,13,15.0,30.0,at_station,,1.0
429,bus,14,50.0,45.0,at_station,,-1.0
429,bus,15,30.0,15.0,at_station,,1.0
429,bus,16,55.0,60.0,at_station,,-1.0
429,bus,17,15.0,10.0,at_station,,1.0
429,bus,18,50.0,65.0,at_station,,-1.0
429,bus,19,10.0,15.0,at_station,,1.0
429,bus,20,55.0,60.0,at_station,,1.0
429,bus,21,15.0,10.0,at_station,,-1.0
429,bus,22,50.0,65.0,at_station,,1.0
429,bus,23,10.0,15.0,at_station,,-1.0
430,drone,0,20.0,15.0,waiting_at_bus_station_for_delivery,186.05781552859423,
430,drone,1,20.0,15.0,waiting_at_bus_station_for_delivery,252.830094339717,
430,bus,0,15.0,20.0,at_station,,-1.0
430,bus,1,45.0,60.0,at_station,,1.0
430,bus,2,20.0,15.0,at_station,,-1.0
430,bus,3,50.0,55.0,at_station,,1.0
430,bus,4,15.0,40.0,at_station,,-1.0
430,bus,5,25.0,60.0,at_station,,1.0
430,bus,6,40.0,15.0,at_station,,-1.0
430,bus,7,50.0,35.0,at_station,,1.0
430,bus,8,15.0,60.0,at_station,,-1.0
430,bus,9,15.0,50.0,at_station,,1.0
430,bus,10,50.0,25.0,at_station,,-1.0
430,bus,11,50.0,15.0,at_station,,1.0
430,bus,12,35.0,60.0,at_station,,-1.0
430,bus,13,15.0,30.0,at_station,,1.0
430,bus,14,50.0,45.0,at_station,,-1.0
430,bus,15,30.0,15.0,at_station,,1.0
430,bus,16,55.0,60.0,at_station,,-1.0
430,bus,17,15.0,10.0,at_station,,1.0
430,bus,18,50.0,65.0,at_station,,-1.0
430,bus,19,10.0,15.0,at_station,,1.0
430,bus,20,55.0,60.0,at_station,,1.0
430,bus,21,15.0,10.0,at_station,,-1.0
430,bus,22,50.0,65.0,at_station,,1.0
430,bus,23,10.0,15.0,at_station,,-1.0
431,drone,0,20.0,15.0,waiting_at_bus_station_for_delivery,186.05781552859423,
431,drone,1,20.0,15.0,waiting_at_bus_station_for_delivery,252.830094339717,
431,bus,0,15.0,20.0,at_station,,-1.0
431,bus,1,45.0,60.0,at_station,,1.0
431,bus,2,20.0,15.0,at_station,,-1.0
431,bus,3,50.0,55.0,at_station,,1.0
431,bus,4,15.0,40.0,at_station,,-1.0
431,bus,5,25.0,60.0,at_station,,1.0
431,bus,6,40.0,15.0,at_station,,-1.0
431,bus,7,50.0,35.0,at_station,,1.0
431,bus,8,15.0,60.0,at_station,,-1.0
431,bus,9,15.0,50.0,at_station,,1.0
431,bus,10,50.0,25.0,at_station,,-1.0
431,bus,11,50.0,15.0,at_station,,1.0
431,bus,12,35.0,60.0,at_station,,-1.0
431,bus,13,15.0,30.0,at_station,,1.0
431,bus,14,50.0,45.0,at_station,,-1.0
431,bus,15,30.0,15.0,at_station,,1.0
431,bus,16,55.0,60.0,at_station,,-1.0
431,bus,17,15.0,10.0,at_station,,1.0
431,bus,18,50.0,65.0,at_station,,-1.0
431,bus,19,10.0,15.0,at_station,,1.0
431,bus,20,55.0,60.0,at_station,,1.0
431,bus,21,15.0,10.0,at_station,,-1.0
431,bus,22,50.0,65.0,at_station,,1.0
431,bus,23,10.0,15.0,at_station,,-1.0
432,drone,0,20.0,15.0,waiting_at_bus_station_for_delivery,186.05781552859423,
432,drone,1,20.0,15.0,waiting_at_bus_station_for_delivery,252.830094339717,
432,bus,0,15.0,17.5,moving,,-1.0
432,bus,1,47.5,60.0,moving,,1.0
432,bus,2,17.5,15.0,moving,,-1.0
432,bus,3,50.0,57.5,moving,,1.0
432,bus,4,15.0,37.5,moving,,-1.0
432,bus,5,27.5,60.0,moving,,1.0
432,bus,6,37.5,15.0,moving,,-1.0
432,bus,7,50.0,37.5,moving,,1.0
432,bus,8,15.0,57.5,moving,,-1.0
432,bus,9,15.0,52.5,moving,,1.0
432,bus,10,50.0,22.5,moving,,-1.0
432,bus,11,50.0,17.5,moving,,1.0
432,bus,12,32.5,60.0,moving,,-1.0
432,bus,13,15.0,32.5,moving,,1.0
432,bus,14,50.0,42.5,moving,,-1.0
432,bus,15,32.5,15.0,moving,,1.0
432,bus,16,52.5,60.0,moving,,-1.0
432,bus,17,15.0,12.5,moving,,1.0
432,bus,18,50.0,62.5,moving,,-1.0
432,bus,19,12.5,15.0,moving,,1.0
432,bus,20,57.5,60.0,moving,,1.0
432,bus,21,15.0,7.5,moving,,-1.0
432,bus,22,50.0,67.5,moving,,1.0
432,bus,23,7.5,15.0,moving,,-1.0
433,drone,0,20.0,15.0,waiting_at_bus_station_for_delivery,186.05781552859423,
433,drone,1,20.0,15.0,waiting_at_bus_station_for_delivery,252.830094339717,
433,bus,0,15.0,12.5,moving,,-1.0
433,bus,1,52.5,60.0,moving,,1.0
433,bus,2,12.5,15.0,moving,,-1.0
433,bus,3,50.0,62.5,moving,,1.0
433,bus,4,15.0,32.5,moving,,-1.0
433,bus,5,32.5,60.0,moving,,1.0
433,bus,6,32.5,15.0,moving,,-1.0
433,bus,7,50.0,42.5,moving,,1.0
433,bus,8,15.0,52.5,moving,,-1.0
433,bus,9,15.0,57.5,moving,,1.0
433,bus,10,50.0,17.5,moving,,-1.0
433,bus,11,50.0,22.5,moving,,1.0
433,bus,12,27.5,60.0,moving,,-1.0
433,bus,13,15.0,37.5,moving,,1.0
433,bus,14,50.0,37.5,moving,,-1.0
433,bus,15,37.5,15.0,moving,,1.0
433,bus,16,47.5,60.0,moving,,-1.0
433,bus,17,15.0,17.5,moving,,1.0
433,bus,18,50.0,57.5,moving,,-1.0
433,bus,19,17.5,15.0,moving,,1.0
433,bus,20,62.5,60.0,moving,,1.0
433,bus,21,15.0,2.5,moving,,-1.0
433,bus,22,50.0,72.5,moving,,1.0
433,bus,23,2.5,15.0,moving,,-1.0
434,drone,0,20.0,15.0,waiting_at_bus_station_for_delivery,186.05781552859423,
434,drone,1,20.0,15.0,waiting_at_bus_station_for_delivery,252.830094339717,
434,bus,0,15.0,10.0,at_station,,-1.0
434,bus,1,55.0,60.0,at_station,,1.0
434,bus,2,10.0,15.0,at_station,,-1.0
434,bus,3,50.0,65.0,at_station,,1.0
434,bus,4,15.0,30.0,at_station,,-1.0
434,bus,5,35.0,60.0,at_station,,1.0
434,bus,6,30.0,15.0,at_station,,-1.0
434,bus,7,50.0,45.0,at_station,,1.0
434,bus,8,15.0,50.0,at_station,,-1.0
434,bus,9,15.0,60.0,at_station,,1.0
434,bus,10,50.0,15.0,at_station,,-1.0
434,bus,11,50.0,25.0,at_station,,1.0
434,bus,12,25.0,60.0,at_station,,-1.0
434,bus,13,15.0,40.0,at_station,,1.0
434,bus,14,50.0,35.0,at_station,,-1.0
434,bus,15,40.0,15.0,at_station,,1.0
434,bus,16,45.0,60.0,at_station,,-1.0
434,bus,17,15.0,20.0,at_station,,1.0
434,bus,18,50.0,55.0,at_station,,-1.0
434,bus,19,20.0,15.0,at_station,,1.0
434,bus,20,65.0,60.0,at_station,,1.0
434,bus,21,15.0,0.0,at_station,,-1.0
434,bus,22,50.0,75.0,at_station,,1.0
434,bus,23,0.0,15.0,at_station,,-1.0
435,drone,0,20.0,15.0,waiting_at_bus_station_for_delivery,186.05781552859423,
435,drone,1,20.0,15.0,waiting_at_bus_station_for_delivery,252.830094339717,
435,bus,0,15.0,10.0,at_station,,-1.0
435,bus,1,55.0,60.0,at_station,,1.0
435,bus,2,10.0,15.0,at_station,,-1.0
435,bus,3,50.0,65.0,at_station,,1.0
435,bus,4,15.0,30.0,at_station,,-1.0
435,bus,5,35.0,60.0,at_station,,1.0
435,bus,6,30.0,15.0,at_station,,-1.0
435,bus,7,50.0,45.0,at_station,,1.0
435,bus,8,15.0,50.0,at_station,,-1.0
435,bus,9,15.0,60.0,at_station,,1.0
435,bus,10,50.0,15.0,at_station,,-1.0
435,bus,11,50.0,25.0,at_station,,1.0
435,bus,12,25.0,60.0,at_station,,-1.0
435,bus,13,15.0,40.0,at_station,,1.0
435,bus,14,50.0,35.0,at_station,,-1.0
435,bus,15,40.0,15.0,at_station,,1.0
435,bus,16,45.0,60.0,at_station,,-1.0
435,bus,17,15.0,20.0,at_station,,1.0
435,bus,18,50.0,55.0,at_station,,-1.0
435,bus,19,20.0,15.0,at_station,,1.0
435,bus,20,65.0,60.0,at_station,,1.0
435,bus,21,15.0,0.0,at_station,,-1.0
435,bus,22,50.0,75.0,at_station,,1.0
435,bus,23,0.0,15.0,at_station,,-1.0
436,drone,0,20.0,15.0,waiting_at_bus_station_for_delivery,186.05781552859423,
436,drone,1,20.0,15.0,waiting_at_bus_station_for_delivery,252.830094339717,
436,bus,0,15.0,10.0,at_station,,-1.0
436,bus,1,55.0,60.0,at_station,,1.0
436,bus,2,10.0,15.0,at_station,,-1.0
436,bus,3,50.0,65.0,at_station,,1.0
436,bus,4,15.0,30.0,at_station,,-1.0
436,bus,5,35.0,60.0,at_station,,1.0
436,bus,6,30.0,15.0,at_station,,-1.0
436,bus,7,50.0,45.0,at_station,,1.0
436,bus,8,15.0,50.0,at_station,,-1.0
436,bus,9,15.0,60.0,at_station,,1.0
436,bus,10,50.0,15.0,at_station,,-1.0
436,bus,11,50.0,25.0,at_station,,1.0
436,bus,12,25.0,60.0,at_station,,-1.0
436,bus,13,15.0,40.0,at_station,,1.0
436,bus,14,50.0,35.0,at_station,,-1.0
436,bus,15,40.0,15.0,at_station,,1.0
436,bus,16,45.0,60.0,at_station,,-1.0
436,bus,17,15.0,20.0,at_station,,1.0
436,bus,18,50.0,55.0,at_station,,-1.0
436,bus,19,20.0,15.0,at_station,,1.0
436,bus,20,65.0,60.0,at_station,,1.0
436,bus,21,15.0,0.0,at_station,,-1.0
436,bus,22,50.0,75.0,at_station,,1.0
436,bus,23,0.0,15.0,at_station,,-1.0
437,drone,0,20.0,15.0,waiting_at_bus_station_for_delivery,186.05781552859423,
437,drone,1,20.0,15.0,waiting_at_bus_station_for_delivery,252.830094339717,
437,bus,0,15.0,7.5,moving,,-1.0
437,bus,1,57.5,60.0,moving,,1.0
437,bus,2,7.5,15.0,moving,,-1.0
437,bus,3,50.0,67.5,moving,,1.0
437,bus,4,15.0,27.5,moving,,-1.0
437,bus,5,37.5,60.0,moving,,1.0
437,bus,6,27.5,15.0,moving,,-1.0
437,bus,7,50.0,47.5,moving,,1.0
437,bus,8,15.0,47.5,moving,,-1.0
437,bus,9,17.5,60.0,moving,,1.0
437,bus,10,47.5,15.0,moving,,-1.0
437,bus,11,50.0,27.5,moving,,1.0
437,bus,12,22.5,60.0,moving,,-1.0
437,bus,13,15.0,42.5,moving,,1.0
437,bus,14,50.0,32.5,moving,,-1.0
437,bus,15,42.5,15.0,moving,,1.0
437,bus,16,42.5,60.0,moving,,-1.0
437,bus,17,15.0,22.5,moving,,1.0
437,bus,18,50.0,52.5,moving,,-1.0
437,bus,19,22.5,15.0,moving,,1.0
437,bus,20,62.5,60.0,moving,,-1.0
437,bus,21,15.0,2.5,moving,,1.0
437,bus,22,50.0,72.5,moving,,-1.0
437,bus,23,2.5,15.0,moving,,1.0
438,drone,0,20.0,15.0,waiting_at_bus_station_for_delivery,186.05781552859423,
438,drone,1,20.0,15.0,waiting_at_bus_station_for_delivery,252.830094339717,
438,bus,0,15.0,2.5,moving,,-1.0
438,bus,1,62.5,60.0,moving,,1.0
438,bus,2,2.5,15.0,moving,,-1.0
438,bus,3,50.0,72.5,moving,,1.0
438,bus,4,15.0,22.5,moving,,-1.0
438,bus,5,42.5,60.0,moving,,1.0
438,bus,6,22.5,15.0,moving,,-1.0
438,bus,7,50.0,52.5,moving,,1.0
438,bus,8,15.0,42.5,moving,,-1.0
438,bus,9,22.5,60.0,moving,,1.0
438,bus,10,42.5,15.0,moving,,-1.0
438,bus,11,50.0,32.5,moving,,1.0
438,bus,12,17.5,60.0,moving,,-1.0
438,bus,13,15.0,47.5,moving,,1.0
438,bus,14,50.0,27.5,moving,,-1.0
438,bus,15,47.5,15.0,moving,,1.0
438,bus,16,37.5,60.0,moving,,-1.0
438,bus,17,15.0,27.5,moving,,1.0
438,bus,18,50.0,47.5,moving,,-1.0
438,bus,19,27.5,15.0,moving,,1.0
438,bus,20,57.5,60.0,moving,,-1.0
438,bus,21,15.0,7.5,moving,,1.0
438,bus,22,50.0,67.5,moving,,-1.0
438,bus,23,7.5,15.0,moving,,1.0
439,drone,0,20.0,15.0,waiting_at_bus_station_for_delivery,186.05781552859423,
439,drone,1,20.0,15.0,waiting_at_bus_station_for_delivery,252.830094339717,
439,bus,0,15.0,0.0,at_station,,-1.0
439,bus,1,65.0,60.0,at_station,,1.0
439,bus,2,0.0,15.0,at_station,,-1.0
439,bus,3,50.0,75.0,at_station,,1.0
439,bus,4,15.0,20.0,at_station,,-1.0
439,bus,5,45.0,60.0,at_station,,1.0
439,bus,6,20.0,15.0,at_station,,-1.0
439,bus,7,50.0,55.0,at_station,,1.0
439,bus,8,15.0,40.0,at_station,,-1.0
439,bus,9,25.0,60.0,at_station,,1.0
439,bus,10,40.0,15.0,at_station,,-1.0
439,bus,11,50.0,35.0,at_station,,1.0
439,bus,12,15.0,60.0,at_station,,-1.0
439,bus,13,15.0,50.0,at_station,,1.0
439,bus,14,50.0,25.0,at_station,,-1.0
439,bus,15,50.0,15.0,at_station,,1.0
439,bus,16,35.0,60.0,at_station,,-1.0
439,bus,17,15.0,30.0,at_station,,1.0
439,bus,18,50.0,45.0,at_station,,-1.0
439,bus,19,30.0,15.0,at_station,,1.0
439,bus,20,55.0,60.0,at_station,,-1.0
439,bus,21,15.0,10.0,at_station,,1.0
439,bus,22,50.0,65.0,at_station,,-1.0
439,bus,23,10.0,15.0,at_station,,1.0
440,drone,0,20.0,15.0,waiting_at_bus_station_for_delivery,186.05781552859423,
440,drone,1,24.0,12.0,idle,247.830094339717,
440,bus,0,15.0,0.0,at_station,,-1.0
440,bus,1,65.0,60.0,at_station,,1.0
440,bus,2,0.0,15.0,at_station,,-1.0
440,bus,3,50.0,75.0,at_station,,1.0
440,bus,4,15.0,20.0,at_station,,-1.0
440,bus,5,45.0,60.0,at_station,,1.0
440,bus,6,20.0,15.0,at_station,,-1.0
440,bus,7,50.0,55.0,at_station,,1.0
440,bus,8,15.0,40.0,at_station,,-1.0
440,bus,9,25.0,60.0,at_station,,1.0
440,bus,10,40.0,15.0,at_station,,-1.0
440,bus,11,50.0,35.0,at_station,,1.0
440,bus,12,15.0,60.0,at_station,,-1.0
440,bus,13,15.0,50.0,at_station,,1.0
440,bus,14,50.0,25.0,at_station,,-1.0
440,bus,15,50.0,15.0,at_station,,1.0
440,bus,16,35.0,60.0,at_station,,-1.0
440,bus,17,15.0,30.0,at_station,,1.0
440,bus,18,50.0,45.0,at_station,,-1.0
440,bus,19,30.0,15.0,at_station,,1.0
440,bus,20,55.0,60.0,at_station,,-1.0
440,bus,21,15.0,10.0,at_station,,1.0
440,bus,22,50.0,65.0,at_station,,-1.0
440,bus,23,10.0,15.0,at_station,,1.0
441,drone,0,20.0,15.0,waiting_at_bus_station_for_delivery,186.05781552859423,
441,drone,1,26.71262715737832,16.200196888843855,moving_to_pickup,242.830094339717,
441,bus,0,15.0,0.0,at_station,,-1.0
441,bus,1,65.0,60.0,at_station,,1.0
441,bus,2,0.0,15.0,at_station,,-1.0
441,bus,3,50.0,75.0,at_station,,1.0
441,bus,4,15.0,20.0,at_station,,-1.0
441,bus,5,45.0,60.0,at_station,,1.0
441,bus,6,20.0,15.0,at_station,,-1.0
441,bus,7,50.0,55.0,at_station,,1.0
441,bus,8,15.0,40.0,at_station,,-1.0
441,bus,9,25.0,60.0,at_station,,1.0
441,bus,10,40.0,15.0,at_station,,-1.0
441,bus,11,50.0,35.0,at_station,,1.0
441,bus,12,15.0,60.0,at_station,,-1.0
441,bus,13,15.0,50.0,at_station,,1.0
441,bus,14,50.0,25.0,at_station,,-1.0
441,bus,15,50.0,15.0,at_station,,1.0
441,bus,16,35.0,60.0,at_station,,-1.0
441,bus,17,15.0,30.0,at_station,,1.0
441,bus,18,50.0,45.0,at_station,,-1.0
441,bus,19,30.0,15.0,at_station,,1.0
441,bus,20,55.0,60.0,at_station,,-1.0
441,bus,21,15.0,10.0,at_station,,1.0
441,bus,22,50.0,65.0,at_station,,-1.0
441,bus,23,10.0,15.0,at_station,,1.0
442,drone,0,20.0,15.0,waiting_at_bus_station_for_delivery,186.05781552859423,
442,drone,1,29.425254314756643,20.40039377768771,moving_to_pickup,237.830094339717,
442,bus,0,15.0,2.5,moving,,1.0
442,bus,1,62.5,60.0,moving,,-1.0
442,bus,2,2.5,15.0,moving,,1.0
442,bus,3,50.0,72.5,moving,,-1.0
442,bus,4,15.0,17.5,moving,,-1.0
442,bus,5,47.5,60.0,moving,,1.0
442,bus,6,17.5,15.0,moving,,-1.0
442,bus,7,50.0,57.5,moving,,1.0
442,bus,8,15.0,37.5,moving,,-1.0
442,bus,9,27.5,60.0,moving,,1.0
442,bus,10,37.5,15.0,moving,,-1.0
442,bus,11,50.0,37.5,moving,,1.0
442,bus,12,15.0,57.5,moving,,-1.0
442,bus,13,15.0,52.5,moving,,1.0
442,bus,14,50.0,22.5,moving,,-1.0
442,bus,15,50.0,17.5,moving,,1.0
442,bus,16,32.5,60.0,moving,,-1.0
442,bus,17,15.0,32.5,moving,,1.0
442,bus,18,50.0,42.5,moving,,-1.0
442,bus,19,32.5,15.0,moving,,1.0
442,bus,20,52.5,60.0,moving,,-1.0
442,bus,21,15.0,12.5,moving,,1.0
442,bus,22,50.0,62.5,moving,,-1.0
442,bus,23,12.5,15.0,moving,,1.0
443,drone,0,20.0,15.0,waiting_at_bus_station_for_delivery,186.05781552859423,
443,drone,1,32.137881472134964,24.600590666531566,moving_to_pickup,232.830094339717,
443,bus,0,15.0,7.5,moving,,1.0
443,bus,1,57.5,60.0,moving,,-1.0
443,bus,2,7.5,15.0,moving,,1.0
443,bus,3,50.0,67.5,moving,,-1.0
443,bus,4,15.0,12.5,moving,,-1.0
443,bus,5,52.5,60.0,moving,,1.0
443,bus,6,12.5,15.0,moving,,-1.0
443,bus,7,50.0,62.5,moving,,1.0
443,bus,8,15.0,32.5,moving,,-1.0
443,bus,9,32.5,60.0,moving,,1.0
443,bus,10,32.5,15.0,moving,,-1.0
443,bus,11,50.0,42.5,moving,,1.0
443,bus,12,15.0,52.5,moving,,-1.0
443,bus,13,15.0,57.5,moving,,1.0
443,bus,14,50.0,17.5,moving,,-1.0
443,bus,15,50.0,22.5,moving,,1.0
443,bus,16,27.5,60.0,moving,,-1.0
443,bus,17,15.0,37.5,moving,,1.0
443,bus,18,50.0,37.5,moving,,-1.0
443,bus,19,37.5,15.0,moving,,1.0
443,bus,20,47.5,60.0,moving,,-1.0
443,bus,21,15.0,17.5,moving,,1.0
443,bus,22,50.0,57.5,moving,,-1.0
443,bus,23,17.5,15.0,moving,,1.0
444,drone,0,20.0,15.0,waiting_at_bus_station_for_delivery,186.05781552859423,
444,drone,1,34.850508629513286,28.800787555375422,moving_to_pickup,227.830094339717,
444,bus,0,15.0,10.0,at_station,,1.0
444,bus,1,55.0,60.0,at_station,,-1.0
444,bus,2,10.0,15.0,at_station,,1.0
444,bus,3,50.0,65.0,at_station,,-1.0
444,bus,4,15.0,10.0,at_station,,-1.0
444,bus,5,55.0,60.0,at_station,,1.0
444,bus,6,10.0,15.0,at_station,,-1.0
444,bus,7,50.0,65.0,at_station,,1.0
444,bus,8,15.0,30.0,at_station,,-1.0
444,bus,9,35.0,60.0,at_station,,1.0
444,bus,10,30.0,15.0,at_station,,-1.0
444,bus,11,50.0,45.0,at_station,,1.0
444,bus,12,15.0,50.0,at_station,,-1.0
444,bus,13,15.0,60.0,at_station,,1.0
444,bus,14,50.0,15.0,at_station,,-1.0
444,bus,15,50.0,25.0,at_station,,1.0
444,bus,16,25.0,60.0,at_station,,-1.0
444,bus,17,15.0,40.0,at_station,,1.0
444,bus,18,50.0,35.0,at_station,,-1.0
444,bus,19,40.0,15.0,at_station,,1.0
444,bus,20,45.0,60.0,at_station,,-1.0
444,bus,21,15.0,20.0,at_station,,1.0
444,bus,22,50.0,55.0,at_station,,-1.0
444,bus,23,20.0,15.0,at_station,,1.0
445,drone,0,20.0,15.0,waiting_at_bus_station_for_delivery,186.05781552859423,
445,drone,1,37.56313578689161,33.00098444421928,moving_to_pickup,222.830094339717,
445,bus,0,15.0,10.0,at_station,,1.0
445,bus,1,55.0,60.0,at_station,,-1.0
445,bus,2,10.0,15.0,at_station,,1.0
445,bus,3,50.0,65.0,at_station,,-1.0
445,bus,4,15.0,10.0,at_station,,-1.0
445,bus,5,55.0,60.0,at_station,,1.0
445,bus,6,10.0,15.0,at_station,,-1.0
445,bus,7,50.0,65.0,at_station,,1.0
445,bus,8,15.0,30.0,at_station,,-1.0
445,bus,9,35.0,60.0,at_station,,1.0
445,bus,10,30.0,15.0,at_station,,-1.0
445,bus,11,50.0,45.0,at_station,,1.0
445,bus,12,15.0,50.0,at_station,,-1.0
445,bus,13,15.0,60.0,at_station,,1.0
445,bus,14,50.0,15.0,at_station,,-1.0
445,bus,15,50.0,25.0,at_station,,1.0
445,bus,16,25.0,60.0,at_station,,-1.0
445,bus,17,15.0,40.0,at_station,,1.0
445,bus,18,50.0,35.0,at_station,,-1.0
445,bus,19,40.0,15.0,at_station,,1.0
445,bus,20,45.0,60.0,at_station,,-1.0
445,bus,21,15.0,20.0,at_station,,1.0
445,bus,22,50.0,55.0,at_station,,-1.0
445,bus,23,20.0,15.0,at_station,,1.0
446,drone,0,20.0,15.0,waiting_at_bus_station_for_delivery,186.05781552859423,
446,drone,1,40.27576294426993,37.20118133306313,moving_to_pickup,217.830094339717,
446,bus,0,15.0,10.0,at_station,,1.0
446,bus,1,55.0,60.0,at_station,,-1.0
446,bus,2,10.0,15.0,at_station,,1.0
446,bus,3,50.0,65.0,at_station,,-1.0
446,bus,4,15.0,10.0,at_station,,-1.0
446,bus,5,55.0,60.0,at_station,,1.0
446,bus,6,10.0,15.0,at_station,,-1.0
446,bus,7,50.0,65.0,at_station,,1.0
446,bus,8,15.0,30.0,at_station,,-1.0
446,bus,9,35.0,60.0,at_station,,1.0
446,bus,10,30.0,15.0,at_station,,-1.0
446,bus,11,50.0,45.0,at_station,,1.0
446,bus,12,15.0,50.0,at_station,,-1.0
446,bus,13,15.0,60.0,at_station,,1.0
446,bus,14,50.0,15.0,at_station,,-1.0
446,bus,15,50.0,25.0,at_station,,1.0
446,bus,16,25.0,60.0,at_station,,-1.0
446,bus,17,15.0,40.0,at_station,,1.0
446,bus,18,50.0,35.0,at_station,,-1.0
446,bus,19,40.0,15.0,at_station,,1.0
446,bus,20,45.0,60.0,at_station,,-1.0
446,bus,21,15.0,20.0,at_station,,1.0
446,bus,22,50.0,55.0,at_station,,-1.0
446,bus,23,20.0,15.0,at_station,,1.0
447,drone,0,20.0,15.0,waiting_at_bus_station_for_delivery,186.05781552859423,
447,drone,1,42.98839010164825,41.40137822190699,moving_to_pickup,212.830094339717,
447,bus,0,15.0,12.5,moving,,1.0
447,bus,1,52.5,60.0,moving,,-1.0
447,bus,2,12.5,15.0,moving,,1.0
447,bus,3,50.0,62.5,moving,,-1.0
447,bus,4,15.0,7.5,moving,,-1.0
447,bus,5,57.5,60.0,moving,,1.0
447,bus,6,7.5,15.0,moving,,-1.0
447,bus,7,50.0,67.5,moving,,1.0
447,bus,8,15.0,27.5,moving,,-1.0
447,bus,9,37.5,60.0,moving,,1.0
447,bus,10,27.5,15.0,moving,,-1.0
447,bus,11,50.0,47.5,moving,,1.0
447,bus,12,15.0,47.5,moving,,-1.0
447,bus,13,17.5,60.0,moving,,1.0
447,bus,14,47.5,15.0,moving,,-1.0
447,bus,15,50.0,27.5,moving,,1.0
447,bus,16,22.5,60.0,moving,,-1.0
447,bus,17,15.0,42.5,moving,,1.0
447,bus,18,50.0,32.5,moving,,-1.0
447,bus,19,42.5,15.0,moving,,1.0
447,bus,20,42.5,60.0,moving,,-1.0
447,bus,21,15.0,22.5,moving,,1.0
447,bus,22,50.0,52.5,moving,,-1.0
447,bus,23,22.5,15.0,moving,,1.0
448,drone,0,20.0,15.0,waiting_at_bus_station_for_delivery,186.05781552859423,
448,drone,1,45.70101725902657,45.601575110750844,moving_to_pickup,207.830094339717,
448,bus,0,15.0,17.5,moving,,1.0
448,bus,1,47.5,60.0,moving,,-1.0
448,bus,2,17.5,15.0,moving,,1.0
448,bus,3,50.0,57.5,moving,,-1.0
448,bus,4,15.0,2.5,moving,,-1.0
448,bus,5,62.5,60.0,moving,,1.0
448,bus,6,2.5,15.0,moving,,-1.0
448,bus,7,50.0,72.5,moving,,1.0
448,bus,8,15.0,22.5,moving,,-1.0
448,bus,9,42.5,60.0,moving,,1.0
448,bus,10,22.5,15.0,moving,,-1.0
448,bus,11,50.0,52.5,moving,,1.0
448,bus,12,15.0,42.5,moving,,-1.0
448,bus,13,22.5,60.0,moving,,1.0
448,bus,14,42.5,15.0,moving,,-1.0
448,bus,15,50.0,32.5,moving,,1.0
448,bus,16,17.5,60.0,moving,,-1.0
448,bus,17,15.0,47.5,moving,,1.0
448,bus,18,50.0,27.5,moving,,-1.0
448,bus,19,47.5,15.0,moving,,1.0
448,bus,20,37.5,60.0,moving,,-1.0
448,bus,21,15.0,27.5,moving,,1.0
448,bus,22,50.0,47.5,moving,,-1.0
448,bus,23,27.5,15.0,moving,,1.0
449,drone,0,20.0,15.0,waiting_at_bus_station_for_delivery,186.05781552859423,
449,drone,1,48.4136444164049,49.8017719995947,moving_to_pickup,202.830094339717,
449,bus,0,15.0,20.0,at_station,,1.0
449,bus,1,45.0,60.0,at_station,,-1.0
449,bus,2,20.0,15.0,at_station,,1.0
449,bus,3,50.0,55.0,at_station,,-1.0
449,bus,4,15.0,0.0,at_station,,-1.0
449,bus,5,65.0,60.0,at_station,,1.0
449,bus,6,0.0,15.0,at_station,,-1.0
449,bus,7,50.0,75.0,at_station,,1.0
449,bus,8,15.0,20.0,at_station,,-1.0
449,bus,9,45.0,60.0,at_station,,1.0
449,bus,10,20.0,15.0,at_station,,-1.0
449,bus,11,50.0,55.0,at_station,,1.0
449,bus,12,15.0,40.0,at_station,,-1.0
449,bus,13,25.0,60.0,at_station,,1.0
449,bus,14,40.0,15.0,at_station,,-1.0
449,bus,15,50.0,35.0,at_station,,1.0
449,bus,16,15.0,60.0,at_station,,-1.0
449,bus,17,15.0,50.0,at_station,,1.0
449,bus,18,50.0,25.0,at_station,,-1.0
449,bus,19,50.0,15.0,at_station,,1.0
449,bus,20,35.0,60.0,at_station,,-1.0
449,bus,21,15.0,30.0,at_station,,1.0
449,bus,22,50.0,45.0,at_station,,-1.0
449,bus,23,30.0,15.0,at_station,,1.0
450,drone,0,19.178005063473215,19.931969619160718,moving_to_delivery,181.05781552859423,
450,drone,1,51.12627157378323,54.001968888438554,moving_to_pickup,197.830094339717,
450,bus,0,15.0,20.0,at_station,,1.0
450,bus,1,45.0,60.0,at_station,,-1.0
450,bus,2,20.0,15.0,at_station,,1.0
450,bus,3,50.0,55.0,at_station,,-1.0
450,bus,4,15.0,0.0,at_station,,-1.0
450,bus,5,65.0,60.0,at_station,,1.0
450,bus,6,0.0,15.0,at_station,,-1.0
450,bus,7,50.0,75.0,at_station,,1.0
450,bus,8,15.0,20.0,at_station,,-1.0
450,bus,9,45.0,60.0,at_station,,1.0
450,bus,10,20.0,15.0,at_station,,-1.0
450,bus,11,50.0,55.0,at_station,,1.0
450,bus,12,15.0,40.0,at_station,,-1.0
450,bus,13,25.0,60.0,at_station,,1.0
450,bus,14,40.0,15.0,at_station,,-1.0
450,bus,15,50.0,35.0,at_station,,1.0
450,bus,16,15.0,60.0,at_station,,-1.0
450,bus,17,15.0,50.0,at_station,,1.0
450,bus,18,50.0,25.0,at_station,,-1.0
450,bus,19,50.0,15.0,at_station,,1.0
450,bus,20,35.0,60.0,at_station,,-1.0
450,bus,21,15.0,30.0,at_station,,1.0
450,bus,22,50.0,45.0,at_station,,-1.0
450,bus,23,30.0,15.0,at_station,,1.0
451,drone,0,19.0,21.0,idle,179.975052998296,
451,drone,1,53.83889873116156,58.20216577728241,moving_to_pickup,192.830094339717,
451,bus,0,15.0,20.0,at_station,,1.0
451,bus,1,45.0,60.0,at_station,,-1.0
451,bus,2,20.0,15.0,at_station,,1.0
451,bus,3,50.0,55.0,at_station,,-1.0
451,bus,4,15.0,0.0,at_station,,-1.0
451,bus,5,65.0,60.0,at_station,,1.0
451,bus,6,0.0,15.0,at_station,,-1.0
451,bus,7,50.0,75.0,at_station,,1.0
451,bus,8,15.0,20.0,at_station,,-1.0
451,bus,9,45.0,60.0,at_station,,1.0
451,bus,10,20.0,15.0,at_station,,-1.0
451,bus,11,50.0,55.0,at_station,,1.0
451,bus,12,15.0,40.0,at_station,,-1.0
451,bus,13,25.0,60.0,at_station,,1.0
451,bus,14,40.0,15.0,at_station,,-1.0
451,bus,15,50.0,35.0,at_station,,1.0
451,bus,16,15.0,60.0,at_station,,-1.0
451,bus,17,15.0,50.0,at_station,,1.0
451,bus,18,50.0,25.0,at_station,,-1.0
451,bus,19,50.0,15.0,at_station,,1.0
451,bus,20,35.0,60.0,at_station,,-1.0
451,bus,21,15.0,30.0,at_station,,1.0
451,bus,22,50.0,45.0,at_station,,-1.0
451,bus,23,30.0,15.0,at_station,,1.0
452,drone,0,15.876524762227879,24.90434404721515,moving_to_pickup,174.975052998296,
452,drone,1,55.0,60.0,waiting_at_bus_station_for_pickup_bus,190.68991583107038,
452,bus,0,15.0,22.5,moving,,1.0
452,bus,1,42.5,60.0,moving,,-1.0
452,bus,2,22.5,15.0,moving,,1.0
452,bus,3,50.0,52.5,moving,,-1.0
452,bus,4,15.0,2.5,moving,,1.0
452,bus,5,62.5,60.0,moving,,-1.0
452,bus,6,2.5,15.0,moving,,1.0
452,bus,7,50.0,72.5,moving,,-1.0
452,bus,8,15.0,17.5,moving,,-1.0
452,bus,9,47.5,60.0,moving,,1.0
452,bus,10,17.5,15.0,moving,,-1.0
452,bus,11,50.0,57.5,moving,,1.0
452,bus,12,15.0,37.5,moving,,-1.0
452,bus,13,27.5,60.0,moving,,1.0
452,bus,14,37.5,15.0,moving,,-1.0
452,bus,15,50.0,37.5,moving,,1.0
452,bus,16,15.0,57.5,moving,,-1.0
452,bus,17,15.0,52.5,moving,,1.0
452,bus,18,50.0,22.5,moving,,-1.0
452,bus,19,50.0,17.5,moving,,1.0
452,bus,20,32.5,60.0,moving,,-1.0
452,bus,21,15.0,32.5,moving,,1.0
452,bus,22,50.0,42.5,moving,,-1.0
452,bus,23,32.5,15.0,moving,,1.0
453,drone,0,12.753049524455758,28.808688094430302,moving_to_pickup,169.975052998296,
453,drone,1,55.0,60.0,waiting_at_bus_station_for_pickup_bus,190.68991583107038,
453,bus,0,15.0,27.5,moving,,1.0
453,bus,1,37.5,60.0,moving,,-1.0
453,bus,2,27.5,15.0,moving,,1.0
453,bus,3,50.0,47.5,moving,,-1.0
453,bus,4,15.0,7.5,moving,,1.0
453,bus,5,57.5,60.0,moving,,-1.0
453,bus,6,7.5,15.0,moving,,1.0
453,bus,7,50.0,67.5,moving,,-1.0
453,bus,8,15.0,12.5,moving,,-1.0
453,bus,9,52.5,60.0,moving,,1.0
453,bus,10,12.5,15.0,moving,,-1.0
453,bus,11,50.0,62.5,moving,,1.0
453,bus,12,15.0,32.5,moving,,-1.0
453,bus,13,32.5,60.0,moving,,1.0
453,bus,14,32.5,15.0,moving,,-1.0
453,bus,15,50.0,42.5,moving,,1.0
453,bus,16,15.0,52.5,moving,,-1.0
453,bus,17,15.0,57.5,moving,,1.0
453,bus,18,50.0,17.5,moving,,-1.0
453,bus,19,50.0,22.5,moving,,1.0
453,bus,20,27.5,60.0,moving,,-1.0
453,bus,21,15.0,37.5,moving,,1.0
453,bus,22,50.0,37.5,moving,,-1.0
453,bus,23,37.5,15.0,moving,,1.0
454,drone,0,11.0,31.0,moving_to_bus_station_finish_pickup,167.1688045234303,
454,drone,1,55.0,60.0,waiting_at_bus_station_for_pickup_bus,190.68991583107038,
454,bus,0,15.0,30.0,at_station,,1.0
454,bus,1,35.0,60.0,at_station,,-1.0
454,bus,2,30.0,15.0,at_station,,1.0
454,bus,3,50.0,45.0,at_station,,-1.0
454,bus,4,15.0,10.0,at_station,,1.0
454,bus,5,55.0,60.0,at_station,,-1.0
454,bus,6,10.0,15.0,at_station,,1.0
454,bus,7,50.0,65.0,at_station,,-1.0
454,bus,8,15.0,10.0,at_station,,-1.0
454,bus,9,55.0,60.0,at_station,,1.0
454,bus,10,10.0,15.0,at_station,,-1.0
454,bus,11,50.0,65.0,at_station,,1.0
454,bus,12,15.0,30.0,at_station,,-1.0
454,bus,13,35.0,60.0,at_station,,1.0
454,bus,14,30.0,15.0,at_station,,-1.0
454,bus,15,50.0,45.0,at_station,,1.0
454,bus,16,15.0,50.0,at_station,,-1.0
454,bus,17,15.0,60.0,at_station,,1.0
454,bus,18,50.0,15.0,at_station,,-1.0
454,bus,19,50.0,25.0,at_station,,1.0
454,bus,20,25.0,60.0,at_station,,-1.0
454,bus,21,15.0,40.0,at_station,,1.0
454,bus,22,50.0,35.0,at_station,,-1.0
454,bus,23,40.0,15.0,at_station,,1.0
455,drone,0,15.0,30.0,waiting_at_bus_station_for_pickup_bus,163.04569889781266,
455,drone,1,51.46446609406726,56.46446609406726,moving_to_bus_station_for_delivery,185.68991583107038,
455,bus,0,15.0,30.0,at_station,,1.0
455,bus,1,35.0,60.0,at_station,,-1.0
455,bus,2,30.0,15.0,at_station,,1.0
455,bus,3,50.0,45.0,at_station,,-1.0
455,bus,4,15.0,10.0,at_station,,1.0
455,bus,5,55.0,60.0,at_station,,-1.0
455,bus,6,10.0,15.0,at_station,,1.0
455,bus,7,50.0,65.0,at_station,,-1.0
455,bus,8,15.0,10.0,at_station,,-1.0
455,bus,9,55.0,60.0,at_station,,1.0
455,bus,10,10.0,15.0,at_station,,-1.0
455,bus,11,50.0,65.0,at_station,,1.0
455,bus,12,15.0,30.0,at_station,,-1.0
455,bus,13,35.0,60.0,at_station,,1.0
455,bus,14,30.0,15.0,at_station,,-1.0
455,bus,15,50.0,45.0,at_station,,1.0
455,bus,16,15.0,50.0,at_station,,-1.0
455,bus,17,15.0,60.0,at_station,,1.0
455,bus,18,50.0,15.0,at_station,,-1.0
455,bus,19,50.0,25.0,at_station,,1.0
455,bus,20,25.0,60.0,at_station,,-1.0
455,bus,21,15.0,40.0,at_station,,1.0
455,bus,22,50.0,35.0,at_station,,-1.0
455,bus,23,40.0,15.0,at_station,,1.0
456,drone,0,19.59572515009029,28.03040350710416,moving_to_bus_station_for_delivery,158.04569889781266,
456,drone,1,47.928932188134524,52.928932188134524,moving_to_bus_station_for_delivery,180.68991583107038,
456,bus,0,15.0,30.0,at_station,,1.0
456,bus,1,35.0,60.0,at_station,,-1.0
456,bus,2,30.0,15.0,at_station,,1.0
456,bus,3,50.0,45.0,at_station,,-1.0
456,bus,4,15.0,10.0,at_station,,1.0
456,bus,5,55.0,60.0,at_station,,-1.0
456,bus,6,10.0,15.0,at_station,,1.0
456,bus,7,50.0,65.0,at_station,,-1.0
456,bus,8,15.0,10.0,at_station,,-1.0
456,bus,9,55.0,60.0,at_station,,1.0
456,bus,10,10.0,15.0,at_station,,-1.0
456,bus,11,50.0,65.0,at_station,,1.0
456,bus,12,15.0,30.0,at_station,,-1.0
456,bus,13,35.0,60.0,at_station,,1.0
456,bus,14,30.0,15.0,at_station,,-1.0
456,bus,15,50.0,45.0,at_station,,1.0
456,bus,16,15.0,50.0,at_station,,-1.0
456,bus,17,15.0,60.0,at_station,,1.0
456,bus,18,50.0,15.0,at_station,,-1.0
456,bus,19,50.0,25.0,at_station,,1.0
456,bus,20,25.0,60.0,at_station,,-1.0
456,bus,21,15.0,40.0,at_station,,1.0
456,bus,22,50.0,35.0,at_station,,-1.0
456,bus,23,40.0,15.0,at_station,,1.0
457,drone,0,24.191450300180577,26.060807014208322,moving_to_bus_station_for_delivery,153.04569889781266,
457,drone,1,44.39339828220179,49.39339828220179,moving_to_bus_station_for_delivery,175.68991583107038,
457,bus,0,15.0,32.5,moving,,1.0
457,bus,1,32.5,60.0,moving,,-1.0
457,bus,2,32.5,15.0,moving,,1.0
457,bus,3,50.0,42.5,moving,,-1.0
457,bus,4,15.0,12.5,moving,,1.0
457,bus,5,52.5,60.0,moving,,-1.0
457,bus,6,12.5,15.0,moving,,1.0
457,bus,7,50.0,62.5,moving,,-1.0
457,bus,8,15.0,7.5,moving,,-1.0
457,bus,9,57.5,60.0,moving,,1.0
457,bus,10,7.5,15.0,moving,,-1.0
457,bus,11,50.0,67.5,moving,,1.0
457,bus,12,15.0,27.5,moving,,-1.0
457,bus,13,37.5,60.0,moving,,1.0
457,bus,14,27.5,15.0,moving,,-1.0
457,bus,15,50.0,47.5,moving,,1.0
457,bus,16,15.0,47.5,moving,,-1.0
457,bus,17,17.5,60.0,moving,,1.0
457,bus,18,47.5,15.0,moving,,-1.0
457,bus,19,50.0,27.5,moving,,1.0
457,bus,20,22.5,60.0,moving,,-1.0
457,bus,21,15.0,42.5,moving,,1.0
457,bus,22,50.0,32.5,moving,,-1.0
457,bus,23,42.5,15.0,moving,,1.0
458,drone,0,28.787175450270865,24.091210521312483,moving_to_bus_station_for_delivery,148.04569889781266,
458,drone,1,40.85786437626905,45.85786437626905,moving_to_bus_station_for_delivery,170.68991583107038,
458,bus,0,15.0,37.5,moving,,1.0
458,bus,1,27.5,60.0,moving,,-1.0
458,bus,2,37.5,15.0,moving,,1.0
458,bus,3,50.0,37.5,moving,,-1.0
458,bus,4,15.0,17.5,moving,,1.0
458,bus,5,47.5,60.0,moving,,-1.0
458,bus,6,17.5,15.0,moving,,1.0
458,bus,7,50.0,57.5,moving,,-1.0
458,bus,8,15.0,2.5,moving,,-1.0
458,bus,9,62.5,60.0,moving,,1.0
458,bus,10,2.5,15.0,moving,,-1.0
458,bus,11,50.0,72.5,moving,,1.0
458,bus,12,15.0,22.5,moving,,-1.0
458,bus,13,42.5,60.0,moving,,1.0
458,bus,14,22.5,15.0,moving,,-1.0
458,bus,15,50.0,52.5,moving,,1.0
458,bus,16,15.0,42.5,moving,,-1.0
458,bus,17,22.5,60.0,moving,,1.0
458,bus,18,42.5,15.0,moving,,-1.0
458,bus,19,50.0,32.5,moving,,1.0
458,bus,20,17.5,60.0,moving,,-1.0
458,bus,21,15.0,47.5,moving,,1.0
458,bus,22,50.0,27.5,moving,,-1.0
458,bus,23,47.5,15.0,moving,,1.0
459,drone,0,33.382900600361154,22.121614028416644,moving_to_bus_station_for_delivery,143.04569889781266,
459,drone,1,37.32233047033631,42.32233047033631,moving_to_bus_station_for_delivery,165.68991583107038,
459,bus,0,15.0,40.0,at_station,,1.0
459,bus,1,25.0,60.0,at_station,,-1.0
459,bus,2,40.0,15.0,at_station,,1.0
459,bus,3,50.0,35.0,at_station,,-1.0
459,bus,4,15.0,20.0,at_station,,1.0
459,bus,5,45.0,60.0,at_station,,-1.0
459,bus,6,20.0,15.0,at_station,,1.0
459,bus,7,50.0,55.0,at_station,,-1.0
459,bus,8,15.0,0.0,at_station,,-1.0
459,bus,9,65.0,60.0,at_station,,1.0
459,bus,10,0.0,15.0,at_station,,-1.0
459,bus,11,50.0,75.0,at_station,,1.0
459,bus,12,15.0,20.0,at_station,,-1.0
459,bus,13,45.0,60.0,at_station,,1.0
459,bus,14,20.0,15.0,at_station,,-1.0
459,bus,15,50.0,55.0,at_station,,1.0
459,bus,16,15.0,40.0,at_station,,-1.0
459,bus,17,25.0,60.0,at_station,,1.0
459,bus,18,40.0,15.0,at_station,,-1.0
459,bus,19,50.0,35.0,at_station,,1.0
459,bus,20,15.0,60.0,at_station,,-1.0
459,bus,21,15.0,50.0,at_station,,1.0
459,bus,22,50.0,25.0,at_station,,-1.0
459,bus,23,50.0,15.0,at_station,,1.0
460,drone,0,37.97862575045144,20.152017535520805,moving_to_bus_station_for_delivery,138.04569889781266,
460,drone,1,33.78679656440357,38.78679656440357,moving_to_bus_station_for_delivery,160.68991583107038,
460,bus,0,15.0,40.0,at_station,,1.0
460,bus,1,25.0,60.0,at_station,,-1.0
460,bus,2,40.0,15.0,at_station,,1.0
460,bus,3,50.0,35.0,at_station,,-1.0
460,bus,4,15.0,20.0,at_station,,1.0
460,bus,5,45.0,60.0,at_station,,-1.0
460,bus,6,20.0,15.0,at_station,,1.0
460,bus,7,50.0,55.0,at_station,,-1.0
460,bus,8,15.0,0.0,at_station,,-1.0
460,bus,9,65.0,60.0,at_station,,1.0
460,bus,10,0.0,15.0,at_station,,-1.0
460,bus,11,50.0,75.0,at_station,,1.0
460,bus,12,15.0,20.0,at_station,,-1.0
460,bus,13,45.0,60.0,at_station,,1.0
460,bus,14,20.0,15.0,at_station,,-1.0
460,bus,15,50.0,55.0,at_station,,1.0
460,bus,16,15.0,40.0,at_station,,-1.0
460,bus,17,25.0,60.0,at_station,,1.0
460,bus,18,40.0,15.0,at_station,,-1.0
460,bus,19,50.0,35.0,at_station,,1.0
460,bus,20,15.0,60.0,at_station,,-1.0
460,bus,21,15.0,50.0,at_station,,1.0
460,bus,22,50.0,25.0,at_station,,-1.0
460,bus,23,50.0,15.0,at_station,,1.0
461,drone,0,42.57435090054173,18.18242104262497,moving_to_bus_station_for_delivery,133.04569889781266,
461,drone,1,30.251262658470836,35.251262658470836,moving_to_bus_station_for_delivery,155.68991583107038,
461,bus,0,15.0,40.0,at_station,,1.0
461,bus,1,25.0,60.0,at_station,,-1.0
461,bus,2,40.0,15.0,at_station,,1.0
461,bus,3,50.0,35.0,at_station,,-1.0
461,bus,4,15.0,20.0,at_station,,1.0
461,bus,5,45.0,60.0,at_station,,-1.0
461,bus,6,20.0,15.0,at_station,,1.0
461,bus,7,50.0,55.0,at_station,,-1.0
461,bus,8,15.0,0.0,at_station,,-1.0
461,bus,9,65.0,60.0,at_station,,1.0
461,bus,10,0.0,15.0,at_station,,-1.0
461,bus,11,50.0,75.0,at_station,,1.0
461,bus,12,15.0,20.0,at_station,,-1.0
461,bus,13,45.0,60.0,at_station,,1.0
461,bus,14,20.0,15.0,at_station,,-1.0
461,bus,15,50.0,55.0,at_station,,1.0
461,bus,16,15.0,40.0,at_station,,-1.0
461,bus,17,25.0,60.0,at_station,,1.0
461,bus,18,40.0,15.0,at_station,,-1.0
461,bus,19,50.0,35.0,at_station,,1.0
461,bus,20,15.0,60.0,at_station,,-1.0
461,bus,21,15.0,50.0,at_station,,1.0
461,bus,22,50.0,25.0,at_station,,-1.0
461,bus,23,50.0,15.0,at_station,,1.0
462,drone,0,47.17007605063202,16.212824549729135,moving_to_bus_station_for_delivery,128.04569889781266,
462,drone,1,26.715728752538098,31.715728752538098,moving_to_bus_station_for_delivery,150.68991583107038,
462,bus,0,15.0,42.5,moving,,1.0
462,bus,1,22.5,60.0,moving,,-1.0
462,bus,2,42.5,15.0,moving,,1.0
462,bus,3,50.0,32.5,moving,,-1.0
462,bus,4,15.0,22.5,moving,,1.0
462,bus,5,42.5,60.0,moving,,-1.0
462,bus,6,22.5,15.0,moving,,1.0
462,bus,7,50.0,52.5,moving,,-1.0
462,bus,8,15.0,2.5,moving,,1.0
462,bus,9,62.5,60.0,moving,,-1.0
462,bus,10,2.5,15.0,moving,,1.0
462,bus,11,50.0,72.5,moving,,-1.0
462,bus,12,15.0,17.5,moving,,-1.0
462,bus,13,47.5,60.0,moving,,1.0
462,bus,14,17.5,15.0,moving,,-1.0
462,bus,15,50.0,57.5,moving,,1.0
462,bus,16,15.0,37.5,moving,,-1.0
462,bus,17,27.5,60.0,moving,,1.0
462,bus,18,37.5,15.0,moving,,-1.0
462,bus,19,50.0,37.5,moving,,1.0
462,bus,20,15.0,57.5,moving,,-1.0
462,bus,21,15.0,52.5,moving,,1.0
462,bus,22,50.0,22.5,moving,,-1.0
462,bus,23,50.0,17.5,moving,,1.0
463,drone,0,50.0,15.0,waiting_at_bus_station_for_delivery,124.96683336849311,
463,drone,1,23.18019484660536,28.18019484660536,moving_to_bus_station_for_delivery,145.68991583107038,
463,bus,0,15.0,47.5,moving,,1.0
463,bus,1,17.5,60.0,moving,,-1.0
463,bus,2,47.5,15.0,moving,,1.0
463,bus,3,50.0,27.5,moving,,-1.0
463,bus,4,15.0,27.5,moving,,1.0
463,bus,5,37.5,60.0,moving,,-1.0
463,bus,6,27.5,15.0,moving,,1.0
463,bus,7,50.0,47.5,moving,,-1.0
463,bus,8,15.0,7.5,moving,,1.0
463,bus,9,57.5,60.0,moving,,-1.0
463,bus,10,7.5,15.0,moving,,1.0
463,bus,11,50.0,67.5,moving,,-1.0
463,bus,12,15.0,12.5,moving,,-1.0
463,bus,13,52.5,60.0,moving,,1.0
463,bus,14,12.5,15.0,moving,,-1.0
463,bus,15,50.0,62.5,moving,,1.0
463,bus,16,15.0,32.5,moving,,-1.0
463,bus,17,32.5,60.0,moving,,1.0
463,bus,18,32.5,15.0,moving,,-1.0
463,bus,19,50.0,42.5,moving,,1.0
463,bus,20,15.0,52.5,moving,,-1.0
463,bus,21,15.0,57.5,moving,,1.0
463,bus,22,50.0,17.5,moving,,-1.0
463,bus,23,50.0,22.5,moving,,1.0
464,drone,0,50.0,15.0,waiting_at_bus_station_for_delivery,124.96683336849311,
464,drone,1,19.644660940672622,24.644660940672622,moving_to_bus_station_for_delivery,140.68991583107038,
464,bus,0,15.0,50.0,at_station,,1.0
464,bus,1,15.0,60.0,at_station,,-1.0
464,bus,2,50.0,15.0,at_station,,1.0
464,bus,3,50.0,25.0,at_station,,-1.0
464,bus,4,15.0,30.0,at_station,,1.0
464,bus,5,35.0,60.0,at_station,,-1.0
464,bus,6,30.0,15.0,at_station,,1.0
464,bus,7,50.0,45.0,at_station,,-1.0
464,bus,8,15.0,10.0,at_station,,1.0
464,bus,9,55.0,60.0,at_station,,-1.0
464,bus,10,10.0,15.0,at_station,,1.0
464,bus,11,50.0,65.0,at_station,,-1.0
464,bus,12,15.0,10.0,at_station,,-1.0
464,bus,13,55.0,60.0,at_station,,1.0
464,bus,14,10.0,15.0,at_station,,-1.0
464,bus,15,50.0,65.0,at_station,,1.0
464,bus,16,15.0,30.0,at_station,,-1.0
464,bus,17,35.0,60.0,at_station,,1.0
464,bus,18,30.0,15.0,at_station,,-1.0
464,bus,19,50.0,45.0,at_station,,1.0
464,bus,20,15.0,50.0,at_station,,-1.0
464,bus,21,15.0,60.0,at_station,,1.0
464,bus,22,50.0,15.0,at_station,,-1.0
464,bus,23,50.0,25.0,at_station,,1.0
465,drone,0,52.236067977499786,10.52786404500042,moving_to_delivery,119.96683336849311,
465,drone,1,16.109127034739885,21.109127034739885,moving_to_bus_station_for_delivery,135.68991583107038,
465,bus,0,15.0,50.0,at_station,,1.0
465,bus,1,15.0,60.0,at_station,,-1.0
465,bus,2,50.0,15.0,at_station,,1.0
465,bus,3,50.0,25.0,at_station,,-1.0
465,bus,4,15.0,30.0,at_station,,1.0
465,bus,5,35.0,60.0,at_station,,-1.0
465,bus,6,30.0,15.0,at_station,,1.0
465,bus,7,50.0,45.0,at_station,,-1.0
465,bus,8,15.0,10.0,at_station,,1.0
465,bus,9,55.0,60.0,at_station,,-1.0
465,bus,10,10.0,15.0,at_station,,1.0
465,bus,11,50.0,65.0,at_station,,-1.0
465,bus,12,15.0,10.0,at_station,,-1.0
465,bus,13,55.0,60.0,at_station,,1.0
465,bus,14,10.0,15.0,at_station,,-1.0
465,bus,15,50.0,65.0,at_station,,1.0
465,bus,16,15.0,30.0,at_station,,-1.0
465,bus,17,35.0,60.0,at_station,,1.0
465,bus,18,30.0,15.0,at_station,,-1.0
465,bus,19,50.0,45.0,at_station,,1.0
465,bus,20,15.0,50.0,at_station,,-1.0
465,bus,21,15.0,60.0,at_station,,1.0
465,bus,22,50.0,15.0,at_station,,-1.0
465,bus,23,50.0,25.0,at_station,,1.0
466,drone,0,54.47213595499958,6.055728090000843,moving_to_delivery,114.96683336849311,
466,drone,1,12.573593128807147,17.573593128807147,moving_to_bus_station_for_delivery,130.68991583107038,
466,bus,0,15.0,50.0,at_station,,1.0
466,bus,1,15.0,60.0,at_station,,-1.0
466,bus,2,50.0,15.0,at_station,,1.0
466,bus,3,50.0,25.0,at_station,,-1.0
466,bus,4,15.0,30.0,at_station,,1.0
466,bus,5,35.0,60.0,at_station,,-1.0
466,bus,6,30.0,15.0,at_station,,1.0
466,bus,7,50.0,45.0,at_station,,-1.0
466,bus,8,15.0,10.0,at_station,,1.0
466,bus,9,55.0,60.0,at_station,,-1.0
466,bus,10,10.0,15.0,at_station,,1.0
466,bus,11,50.0,65.0,at_station,,-1.0
466,bus,12,15.0,10.0,at_station,,-1.0
466,bus,13,55.0,60.0,at_station,,1.0
466,bus,14,10.0,15.0,at_station,,-1.0
466,bus,15,50.0,65.0,at_station,,1.0
466,bus,16,15.0,30.0,at_station,,-1.0
466,bus,17,35.0,60.0,at_station,,1.0
466,bus,18,30.0,15.0,at_station,,-1.0
466,bus,19,50.0,45.0,at_station,,1.0
466,bus,20,15.0,50.0,at_station,,-1.0
466,bus,21,15.0,60.0,at_station,,1.0
466,bus,22,50.0,15.0,at_station,,-1.0
466,bus,23,50.0,25.0,at_station,,1.0
467,drone,0,55.0,5.0,idle,113.78649348099417,
467,drone,1,10.0,15.0,waiting_at_bus_station_for_delivery,127.0503055242811,
467,bus,0,15.0,52.5,moving,,1.0
467,bus,1,15.0,57.5,moving,,-1.0
467,bus,2,50.0,17.5,moving,,1.0
467,bus,3,50.0,22.5,moving,,-1.0
467,bus,4,15.0,32.5,moving,,1.0
467,bus,5,32.5,60.0,moving,,-1.0
467,bus,6,32.5,15.0,moving,,1.0
467,bus,7,50.0,42.5,moving,,-1.0
467,bus,8,15.0,12.5,moving,,1.0
467,bus,9,52.5,60.0,moving,,-1.0
467,bus,10,12.5,15.0,moving,,1.0
467,bus,11,50.0,62.5,moving,,-1.0
467,bus,12,15.0,7.5,moving,,-1.0
467,bus,13,57.5,60.0,moving,,1.0
467,bus,14,7.5,15.0,moving,,-1.0
467,bus,15,50.0,67.5,moving,,1.0
467,bus,16,15.0,27.5,moving,,-1.0
467,bus,17,37.5,60.0,moving,,1.0
467,bus,18,27.5,15.0,moving,,-1.0
467,bus,19,50.0,47.5,moving,,1.0
467,bus,20,15.0,47.5,moving,,-1.0
467,bus,21,17.5,60.0,moving,,1.0
467,bus,22,47.5,15.0,moving,,-1.0
467,bus,23,50.0,27.5,moving,,1.0
468,drone,0,51.46446609406726,8.535533905932738,to_charging_station,108.78649348099417,
468,drone,1,10.0,15.0,waiting_at_bus_station_for_delivery,127.0503055242811,
468,bus,0,15.0,57.5,moving,,1.0
468,bus,1,15.0,52.5,moving,,-1.0
468,bus,2,50.0,22.5,moving,,1.0
468,bus,3,50.0,17.5,moving,,-1.0
468,bus,4,15.0,37.5,moving,,1.0
468,bus,5,27.5,60.0,moving,,-1.0
468,bus,6,37.5,15.0,moving,,1.0
468,bus,7,50.0,37.5,moving,,-1.0
468,bus,8,15.0,17.5,moving,,1.0
468,bus,9,47.5,60.0,moving,,-1.0
468,bus,10,17.5,15.0,moving,,1.0
468,bus,11,50.0,57.5,moving,,-1.0
468,bus,12,15.0,2.5,moving,,-1.0
468,bus,13,62.5,60.0,moving,,1.0
468,bus,14,2.5,15.0,moving,,-1.0
468,bus,15,50.0,72.5,moving,,1.0
468,bus,16,15.0,22.5,moving,,-1.0
468,bus,17,42.5,60.0,moving,,1.0
468,bus,18,22.5,15.0,moving,,-1.0
468,bus,19,50.0,52.5,moving,,1.0
468,bus,20,15.0,42.5,moving,,-1.0
468,bus,21,22.5,60.0,moving,,1.0
468,bus,22,42.5,15.0,moving,,-1.0
468,bus,23,50.0,32.5,moving,,1.0
469,drone,0,47.928932188134524,12.071067811865476,to_charging_station,103.78649348099417,
469,drone,1,10.0,15.0,waiting_at_bus_station_for_delivery,127.0503055242811,
469,bus,0,15.0,60.0,at_station,,1.0
469,bus,1,15.0,50.0,at_station,,-1.0
469,bus,2,50.0,25.0,at_station,,1.0
469,bus,3,50.0,15.0,at_station,,-1.0
469,bus,4,15.0,40.0,at_station,,1.0
469,bus,5,25.0,60.0,at_station,,-1.0
469,bus,6,40.0,15.0,at_station,,1.0
469,bus,7,50.0,35.0,at_station,,-1.0
469,bus,8,15.0,20.0,at_station,,1.0
469,bus,9,45.0,60.0,at_station,,-1.0
469,bus,10,20.0,15.0,at_station,,1.0
469,bus,11,50.0,55.0,at_station,,-1.0
469,bus,12,15.0,0.0,at_station,,-1.0
469,bus,13,65.0,60.0,at_station,,1.0
469,bus,14,0.0,15.0,at_station,,-1.0
469,bus,15,50.0,75.0,at_station,,1.0
469,bus,16,15.0,20.0,at_station,,-1.0
469,bus,17,45.0,60.0,at_station,,1.0
469,bus,18,20.0,15.0,at_station,,-1.0
469,bus,19,50.0,55.0,at_station,,1.0
469,bus,20,15.0,40.0,at_station,,-1.0
469,bus,21,25.0,60.0,at_station,,1.0
469,bus,22,40.0,15.0,at_station,,-1.0
469,bus,23,50.0,35.0,at_station,,1.0
470,drone,0,44.39339828220179,15.606601717798213,to_charging_station,98.78649348099417,
470,drone,1,10.0,15.0,waiting_at_bus_station_for_delivery,127.0503055242811,
470,bus,0,15.0,60.0,at_station,,1.0
470,bus,1,15.0,50.0,at_station,,-1.0
470,bus,2,50.0,25.0,at_station,,1.0
470,bus,3,50.0,15.0,at_station,,-1.0
470,bus,4,15.0,40.0,at_station,,1.0
470,bus,5,25.0,60.0,at_station,,-1.0
470,bus,6,40.0,15.0,at_station,,1.0
470,bus,7,50.0,35.0,at_station,,-1.0
470,bus,8,15.0,20.0,at_station,,1.0
470,bus,9,45.0,60.0,at_station,,-1.0
470,bus,10,20.0,15.0,at_station,,1.0
470,bus,11,50.0,55.0,at_station,,-1.0
470,bus,12,15.0,0.0,at_station,,-1.0
470,bus,13,65.0,60.0,at_station,,1.0
470,bus,14,0.0,15.0,at_station,,-1.0
470,bus,15,50.0,75.0,at_station,,1.0
470,bus,16,15.0,20.0,at_station,,-1.0
470,bus,17,45.0,60.0,at_station,,1.0
470,bus,18,20.0,15.0,at_station,,-1.0
470,bus,19,50.0,55.0,at_station,,1.0
470,bus,20,15.0,40.0,at_station,,-1.0
470,bus,21,25.0,60.0,at_station,,1.0
470,bus,22,40.0,15.0,at_station,,-1.0
470,bus,23,50.0,35.0,at_station,,1.0
471,drone,0,40.85786437626905,19.14213562373095,to_charging_station,93.78649348099417,
471,drone,1,10.0,15.0,waiting_at_bus_station_for_delivery,127.0503055242811,
471,bus,0,15.0,60.0,at_station,,1.0
471,bus,1,15.0,50.0,at_station,,-1.0
471,bus,2,50.0,25.0,at_station,,1.0
471,bus,3,50.0,15.0,at_station,,-1.0
471,bus,4,15.0,40.0,at_station,,1.0
471,bus,5,25.0,60.0,at_station,,-1.0
471,bus,6,40.0,15.0,at_station,,1.0
471,bus,7,50.0,35.0,at_station,,-1.0
471,bus,8,15.0,20.0,at_station,,1.0
471,bus,9,45.0,60.0,at_station,,-1.0
471,bus,10,20.0,15.0,at_station,,1.0
471,bus,11,50.0,55.0,at_station,,-1.0
471,bus,12,15.0,0.0,at_station,,-1.0
471,bus,13,65.0,60.0,at_station,,1.0
471,bus,14,0.0,15.0,at_station,,-1.0
471,bus,15,50.0,75.0,at_station,,1.0
471,bus,16,15.0,20.0,at_station,,-1.0
471,bus,17,45.0,60.0,at_station,,1.0
471,bus,18,20.0,15.0,at_station,,-1.0
471,bus,19,50.0,55.0,at_station,,1.0
471,bus,20,15.0,40.0,at_station,,-1.0
471,bus,21,25.0,60.0,at_station,,1.0
471,bus,22,40.0,15.0,at_station,,-1.0
471,bus,23,50.0,35.0,at_station,,1.0
472,drone,0,37.32233047033631,22.67766952966369,to_charging_station,88.78649348099417,
472,drone,1,10.0,15.0,waiting_at_bus_station_for_delivery,127.0503055242811,
472,bus,0,17.5,60.0,moving,,1.0
472,bus,1,15.0,47.5,moving,,-1.0
472,bus,2,50.0,27.5,moving,,1.0
472,bus,3,47.5,15.0,moving,,-1.0
472,bus,4,15.0,42.5,moving,,1.0
472,bus,5,22.5,60.0,moving,,-1.0
472,bus,6,42.5,15.0,moving,,1.0
472,bus,7,50.0,32.5,moving,,-1.0
472,bus,8,15.0,22.5,moving,,1.0
472,bus,9,42.5,60.0,moving,,-1.0
472,bus,10,22.5,15.0,moving,,1.0
472,bus,11,50.0,52.5,moving,,-1.0
472,bus,12,15.0,2.5,moving,,1.0
472,bus,13,62.5,60.0,moving,,-1.0
472,bus,14,2.5,15.0,moving,,1.0
472,bus,15,50.0,72.5,moving,,-1.0
472,bus,16,15.0,17.5,moving,,-1.0
472,bus,17,47.5,60.0,moving,,1.0
472,bus,18,17.5,15.0,moving,,-1.0
472,bus,19,50.0,57.5,moving,,1.0
472,bus,20,15.0,37.5,moving,,-1.0
472,bus,21,27.5,60.0,moving,,1.0
472,bus,22,37.5,15.0,moving,,-1.0
472,bus,23,50.0,37.5,moving,,1.0
473,drone,0,33.78679656440357,26.213203435596427,to_charging_station,83.78649348099417,
473,drone,1,10.0,15.0,waiting_at_bus_station_for_delivery,127.0503055242811,
473,bus,0,22.5,60.0,moving,,1.0
473,bus,1,15.0,42.5,moving,,-1.0
473,bus,2,50.0,32.5,moving,,1.0
473,bus,3,42.5,15.0,moving,,-1.0
473,bus,4,15.0,47.5,moving,,1.0
473,bus,5,17.5,60.0,moving,,-1.0
473,bus,6,47.5,15.0,moving,,1.0
473,bus,7,50.0,27.5,moving,,-1.0
473,bus,8,15.0,27.5,moving,,1.0
473,bus,9,37.5,60.0,moving,,-1.0
473,bus,10,27.5,15.0,moving,,1.0
473,bus,11,50.0,47.5,moving,,-1.0
473,bus,12,15.0,7.5,moving,,1.0
473,bus,13,57.5,60.0,moving,,-1.0
473,bus,14,7.5,15.0,moving,,1.0
473,bus,15,50.0,67.5,moving,,-1.0
473,bus,16,15.0,12.5,moving,,-1.0
473,bus,17,52.5,60.0,moving,,1.0
473,bus,18,12.5,15.0,moving,,-1.0
473,bus,19,50.0,62.5,moving,,1.0
473,bus,20,15.0,32.5,moving,,-1.0
473,bus,21,32.5,60.0,moving,,1.0
473,bus,22,32.5,15.0,moving,,-1.0
473,bus,23,50.0,42.5,moving,,1.0
474,drone,0,30.251262658470836,29.748737341529164,to_charging_station,78.78649348099417,
474,drone,1,10.0,15.0,waiting_at_bus_station_for_delivery,127.0503055242811,
474,bus,0,25.0,60.0,at_station,,1.0
474,bus,1,15.0,40.0,at_station,,-1.0
474,bus,2,50.0,35.0,at_station,,1.0
474,bus,3,40.0,15.0,at_station,,-1.0
474,bus,4,15.0,50.0,at_station,,1.0
474,bus,5,15.0,60.0,at_station,,-1.0
474,bus,6,50.0,15.0,at_station,,1.0
474,bus,7,50.0,25.0,at_station,,-1.0
474,bus,8,15.0,30.0,at_station,,1.0
474,bus,9,35.0,60.0,at_station,,-1.0
474,bus,10,30.0,15.0,at_station,,1.0
474,bus,11,50.0,45.0,at_station,,-1.0
474,bus,12,15.0,10.0,at_station,,1.0
474,bus,13,55.0,60.0,at_station,,-1.0
474,bus,14,10.0,15.0,at_station,,1.0
474,bus,15,50.0,65.0,at_station,,-1.0
474,bus,16,15.0,10.0,at_station,,-1.0
474,bus,17,55.0,60.0,at_station,,1.0
474,bus,18,10.0,15.0,at_station,,-1.0
474,bus,19,50.0,65.0,at_station,,1.0
474,bus,20,15.0,30.0,at_station,,-1.0
474,bus,21,35.0,60.0,at_station,,1.0
474,bus,22,30.0,15.0,at_station,,-1.0
474,bus,23,50.0,45.0,at_station,,1.0
475,drone,0,26.715728752538098,33.2842712474619,to_charging_station,73.78649348099417,
475,drone,1,11.0,14.0,idle,125.63609196190801,
475,bus,0,25.0,60.0,at_station,,1.0
475,bus,1,15.0,40.0,at_station,,-1.0
475,bus,2,50.0,35.0,at_station,,1.0
475,bus,3,40.0,15.0,at_station,,-1.0
475,bus,4,15.0,50.0,at_station,,1.0
475,bus,5,15.0,60.0,at_station,,-1.0
475,bus,6,50.0,15.0,at_station,,1.0
475,bus,7,50.0,25.0,at_station,,-1.0
475,bus,8,15.0,30.0,at_station,,1.0
475,bus,9,35.0,60.0,at_station,,-1.0
475,bus,10,30.0,15.0,at_station,,1.0
475,bus,11,50.0,45.0,at_station,,-1.0
475,bus,12,15.0,10.0,at_station,,1.0
475,bus,13,55.0,60.0,at_station,,-1.0
475,bus,14,10.0,15.0,at_station,,1.0
475,bus,15,50.0,65.0,at_station,,-1.0
475,bus,16,15.0,10.0,at_station,,-1.0
475,bus,17,55.0,60.0,at_station,,1.0
475,bus,18,10.0,15.0,at_station,,-1.0
475,bus,19,50.0,65.0,at_station,,1.0
475,bus,20,15.0,30.0,at_station,,-1.0
475,bus,21,35.0,60.0,at_station,,1.0
475,bus,22,30.0,15.0,at_station,,-1.0
475,bus,23,50.0,45.0,at_station,,1.0
476,drone,0,23.18019484660536,36.81980515339464,to_charging_station,68.78649348099417,
476,drone,1,15.416745103474646,16.343579034496752,to_charging_station,120.63609196190801,
476,bus,0,25.0,60.0,at_station,,1.0
476,bus,1,15.0,40.0,at_station,,-1.0
476,bus,2,50.0,35.0,at_station,,1.0
476,bus,3,40.0,15.0,at_station,,-1.0
476,bus,4,15.0,50.0,at_station,,1.0
476,bus,5,15.0,60.0,at_station,,-1.0
476,bus,6,50.0,15.0,at_station,,1.0
476,bus,7,50.0,25.0,at_station,,-1.0
476,bus,8,15.0,30.0,at_station,,1.0
476,bus,9,35.0,60.0,at_station,,-1.0
476,bus,10,30.0,15.0,at_station,,1.0
476,bus,11,50.0,45.0,at_station,,-1.0
476,bus,12,15.0,10.0,at_station,,1.0
476,bus,13,55.0,60.0,at_station,,-1.0
476,bus,14,10.0,15.0,at_station,,1.0
476,bus,15,50.0,65.0,at_station,,-1.0
476,bus,16,15.0,10.0,at_station,,-1.0
476,bus,17,55.0,60.0,at_station,,1.0
476,bus,18,10.0,15.0,at_station,,-1.0
476,bus,19,50.0,65.0,at_station,,1.0
476,bus,20,15.0,30.0,at_station,,-1.0
476,bus,21,35.0,60.0,at_station,,1.0
476,bus,22,30.0,15.0,at_station,,-1.0
476,bus,23,50.0,45.0,at_station,,1.0
477,drone,0,20.0,40.0,idle,300.0,
477,drone,1,19.833490206949293,18.687158068993504,to_charging_station,115.63609196190801,
477,bus,0,27.5,60.0,moving,,1.0
477,bus,1,15.0,37.5,moving,,-1.0
477,bus,2,50.0,37.5,moving,,1.0
477,bus,3,37.5,15.0,moving,,-1.0
477,bus,4,15.0,52.5,moving,,1.0
477,bus,5,15.0,57.5,moving,,-1.0
477,bus,6,50.0,17.5,moving,,1.0
477,bus,7,50.0,22.5,moving,,-1.0
477,bus,8,15.0,32.5,moving,,1.0
477,bus,9,32.5,60.0,moving,,-1.0
477,bus,10,32.5,15.0,moving,,1.0
477,bus,11,50.0,42.5,moving,,-1.0
477,bus,12,15.0,12.5,moving,,1.0
477,bus,13,52.5,60.0,moving,,-1.0
477,bus,14,12.5,15.0,moving,,1.0
477,bus,15,50.0,62.5,moving,,-1.0
477,bus,16,15.0,7.5,moving,,-1.0
477,bus,17,57.5,60.0,moving,,1.0
477,bus,18,7.5,15.0,moving,,-1.0
477,bus,19,50.0,67.5,moving,,1.0
477,bus,20,15.0,27.5,moving,,-1.0
477,bus,21,37.5,60.0,moving,,1.0
477,bus,22,27.5,15.0,moving,,-1.0
477,bus,23,50.0,47.5,moving,,1.0
478,drone,0,20.404079343830276,35.01635475942662,moving_to_pickup,295.0,
478,drone,1,24.25023531042394,21.030737103490257,to_charging_station,110.63609196190801,
478,bus,0,32.5,60.0,moving,,1.0
478,bus,1,15.0,32.5,moving,,-1.0
478,bus,2,50.0,42.5,moving,,1.0
478,bus,3,32.5,15.0,moving,,-1.0
478,bus,4,15.0,57.5,moving,,1.0
478,bus,5,15.0,52.5,moving,,-1.0
478,bus,6,50.0,22.5,moving,,1.0
478,bus,7,50.0,17.5,moving,,-1.0
478,bus,8,15.0,37.5,moving,,1.0
478,bus,9,27.5,60.0,moving,,-1.0
478,bus,10,37.5,15.0,moving,,1.0
478,bus,11,50.0,37.5,moving,,-1.0
478,bus,12,15.0,17.5,moving,,1.0
478,bus,13,47.5,60.0,moving,,-1.0
478,bus,14,17.5,15.0,moving,,1.0
478,bus,15,50.0,57.5,moving,,-1.0
478,bus,16,15.0,2.5,moving,,-1.0
478,bus,17,62.5,60.0,moving,,1.0
478,bus,18,2.5,15.0,moving,,-1.0
478,bus,19,50.0,72.5,moving,,1.0
478,bus,20,15.0,22.5,moving,,-1.0
478,bus,21,42.5,60.0,moving,,1.0
478,bus,22,22.5,15.0,moving,,-1.0
478,bus,23,50.0,52.5,moving,,1.0
479,drone,0,20.808158687660548,30.03270951885324,moving_to_pickup,290.0,
479,drone,1,28.666980413898585,23.37431613798701,to_charging_station,105.63609196190801,
479,bus,0,35.0,60.0,at_station,,1.0
479,bus,1,15.0,30.0,at_station,,-1.0
479,bus,2,50.0,45.0,at_station,,1.0
479,bus,3,30.0,15.0,at_station,,-1.0
479,bus,4,15.0,60.0,at_station,,1.0
479,bus,5,15.0,50.0,at_station,,-1.0
479,bus,6,50.0,25.0,at_station,,1.0
479,bus,7,50.0,15.0,at_station,,-1.0
479,bus,8,15.0,40.0,at_station,,1.0
479,bus,9,25.0,60.0,at_station,,-1.0
479,bus,10,40.0,15.0,at_station,,1.0
479,bus,11,50.0,35.0,at_station,,-1.0
479,bus,12,15.0,20.0,at_station,,1.0
479,bus,13,45.0,60.0,at_station,,-1.0
479,bus,14,20.0,15.0,at_station,,1.0
479,bus,15,50.0,55.0,at_station,,-1.0
479,bus,16,15.0,0.0,at_station,,-1.0
479,bus,17,65.0,60.0,at_station,,1.0
479,bus,18,0.0,15.0,at_station,,-1.0
479,bus,19,50.0,75.0,at_station,,1.0
479,bus,20,15.0,20.0,at_station,,-1.0
479,bus,21,45.0,60.0,at_station,,1.0
479,bus,22,20.0,15.0,at_station,,-1.0
479,bus,23,50.0,55.0,at_station,,1.0
480,drone,0,21.212238031490823,25.049064278279857,moving_to_pickup,285.0,
480,drone,1,33.08372551737323,25.71789517248376,to_charging_station,100.63609196190801,
480,bus,0,35.0,60.0,at_station,,1.0
480,bus,1,15.0,30.0,at_station,,-1.0
480,bus,2,50.0,45.0,at_station,,1.0
480,bus,3,30.0,15.0,at_station,,-1.0
480,bus,4,15.0,60.0,at_station,,1.0
480,bus,5,15.0,50.0,at_station,,-1.0
480,bus,6,50.0,25.0,at_station,,1.0
480,bus,7,50.0,15.0,at_station,,-1.0
480,bus,8,15.0,40.0,at_station,,1.0
480,bus,9,25.0,60.0,at_station,,-1.0
480,bus,10,40.0,15.0,at_station,,1.0
480,bus,11,50.0,35.0,at_station,,-1.0
480,bus,12,15.0,20.0,at_station,,1.0
480,bus,13,45.0,60.0,at_station,,-1.0
480,bus,14,20.0,15.0,at_station,,1.0
480,bus,15,50.0,55.0,at_station,,-1.0
480,bus,16,15.0,0.0,at_station,,-1.0
480,bus,17,65.0,60.0,at_station,,1.0
480,bus,18,0.0,15.0,at_station,,-1.0
480,bus,19,50.0,75.0,at_station,,1.0
480,bus,20,15.0,20.0,at_station,,-1.0
480,bus,21,45.0,60.0,at_station,,1.0
480,bus,22,20.0,15.0,at_station,,-1.0
480,bus,23,50.0,55.0,at_station,,1.0
481,drone,0,21.616317375321096,20.065419037706477,moving_to_pickup,280.0,
481,drone,1,37.50047062084788,28.061474206980513,to_charging_station,95.63609196190801,
481,bus,0,35.0,60.0,at_station,,1.0
481,bus,1,15.0,30.0,at_station,,-1.0
481,bus,2,50.0,45.0,at_station,,1.0
481,bus,3,30.0,15.0,at_station,,-1.0
481,bus,4,15.0,60.0,at_station,,1.0
481,bus,5,15.0,50.0,at_station,,-1.0
481,bus,6,50.0,25.0,at_station,,1.0
481,bus,7,50.0,15.0,at_station,,-1.0
481,bus,8,15.0,40.0,at_station,,1.0
481,bus,9,25.0,60.0,at_station,,-1.0
481,bus,10,40.0,15.0,at_station,,1.0
481,bus,11,50.0,35.0,at_station,,-1.0
481,bus,12,15.0,20.0,at_station,,1.0
481,bus,13,45.0,60.0,at_station,,-1.0
481,bus,14,20.0,15.0,at_station,,1.0
481,bus,15,50.0,55.0,at_station,,-1.0
481,bus,16,15.0,0.0,at_station,,-1.0
481,bus,17,65.0,60.0,at_station,,1.0
481,bus,18,0.0,15.0,at_station,,-1.0
481,bus,19,50.0,75.0,at_station,,1.0
481,bus,20,15.0,20.0,at_station,,-1.0
481,bus,21,45.0,60.0,at_station,,1.0
481,bus,22,20.0,15.0,at_station,,-1.0
481,bus,23,50.0,55.0,at_station,,1.0
482,drone,0,22.02039671915137,15.081773797133096,moving_to_pickup,275.0,
482,drone,1,41.917215724322524,30.405053241477262,to_charging_station,90.63609196190801,
482,bus,0,37.5,60.0,moving,,1.0
482,bus,1,15.0,27.5,moving,,-1.0
482,bus,2,50.0,47.5,moving,,1.0
482,bus,3,27.5,15.0,moving,,-1.0
482,bus,4,17.5,60.0,moving,,1.0
482,bus,5,15.0,47.5,moving,,-1.0
482,bus,6,50.0,27.5,moving,,1.0
482,bus,7,47.5,15.0,moving,,-1.0
482,bus,8,15.0,42.5,moving,,1.0
482,bus,9,22.5,60.0,moving,,-1.0
482,bus,10,42.5,15.0,moving,,1.0
482,bus,11,50.0,32.5,moving,,-1.0
482,bus,12,15.0,22.5,moving,,1.0
482,bus,13,42.5,60.0,moving,,-1.0
482,bus,14,22.5,15.0,moving,,1.0
482,bus,15,50.0,52.5,moving,,-1.0
482,bus,16,15.0,2.5,moving,,1.0
482,bus,17,62.5,60.0,moving,,-1.0
482,bus,18,2.5,15.0,moving,,1.0
482,bus,19,50.0,72.5,moving,,-1.0
482,bus,20,15.0,17.5,moving,,-1.0
482,bus,21,47.5,60.0,moving,,1.0
482,bus,22,17.5,15.0,moving,,-1.0
482,bus,23,50.0,57.5,moving,,1.0
483,drone,0,22.424476062981643,10.098128556559717,moving_to_pickup,270.0,
483,drone,1,46.33396082779717,32.74863227597401,to_charging_station,85.63609196190801,
483,bus,0,42.5,60.0,moving,,1.0
483,bus,1,15.0,22.5,moving,,-1.0
483,bus,2,50.0,52.5,moving,,1.0
483,bus,3,22.5,15.0,moving,,-1.0
483,bus,4,22.5,60.0,moving,,1.0
483,bus,5,15.0,42.5,moving,,-1.0
483,bus,6,50.0,32.5,moving,,1.0
483,bus,7,42.5,15.0,moving,,-1.0
483,bus,8,15.0,47.5,moving,,1.0
483,bus,9,17.5,60.0,moving,,-1.0
483,bus,10,47.5,15.0,moving,,1.0
483,bus,11,50.0,27.5,moving,,-1.0
483,bus,12,15.0,27.5,moving,,1.0
483,bus,13,37.5,60.0,moving,,-1.0
483,bus,14,27.5,15.0,moving,,1.0
483,bus,15,50.0,47.5,moving,,-1.0
483,bus,16,15.0,7.5,moving,,1.0
483,bus,17,57.5,60.0,moving,,-1.0
483,bus,18,7.5,15.0,moving,,1.0
483,bus,19,50.0,67.5,moving,,-1.0
483,bus,20,15.0,12.5,moving,,-1.0
483,bus,21,52.5,60.0,moving,,1.0
483,bus,22,12.5,15.0,moving,,-1.0
483,bus,23,50.0,62.5,moving,,1.0
484,drone,0,22.82855540681192,5.114483315986337,moving_to_pickup,265.0,
484,drone,1,50.75070593127182,35.09221131047076,to_charging_station,80.63609196190801,
484,bus,0,45.0,60.0,at_station,,1.0
484,bus,1,15.0,20.0,at_station,,-1.0
484,bus,2,50.0,55.0,at_station,,1.0
484,bus,3,20.0,15.0,at_station,,-1.0
484,bus,4,25.0,60.0,at_station,,1.0
484,bus,5,15.0,40.0,at_station,,-1.0
484,bus,6,50.0,35.0,at_station,,1.0
484,bus,7,40.0,15.0,at_station,,-1.0
484,bus,8,15.0,50.0,at_station,,1.0
484,bus,9,15.0,60.0,at_station,,-1.0
484,bus,10,50.0,15.0,at_station,,1.0
484,bus,11,50.0,25.0,at_station,,-1.0
484,bus,12,15.0,30.0,at_station,,1.0
484,bus,13,35.0,60.0,at_station,,-1.0
484,bus,14,30.0,15.0,at_station,,1.0
484,bus,15,50.0,45.0,at_station,,-1.0
484,bus,16,15.0,10.0,at_station,,1.0
484,bus,17,55.0,60.0,at_station,,-1.0
484,bus,18,10.0,15.0,at_station,,1.0
484,bus,19,50.0,65.0,at_station,,-1.0
484,bus,20,15.0,10.0,at_station,,-1.0
484,bus,21,55.0,60.0,at_station,,1.0
484,bus,22,10.0,15.0,at_station,,-1.0
484,bus,23,50.0,65.0,at_station,,1.0
485,drone,0,23.0,3.0,moving_to_bus_station_finish_pickup,262.87857761345884,
485,drone,1,55.16745103474646,37.435790344967515,to_charging_station,75.63609196190801,
485,bus,0,45.0,60.0,at_station,,1.0
485,bus,1,15.0,20.0,at_station,,-1.0
485,bus,2,50.0,55.0,at_station,,1.0
485,bus,3,20.0,15.0,at_station,,-1.0
485,bus,4,25.0,60.0,at_station,,1.0
485,bus,5,15.0,40.0,at_station,,-1.0
485,bus,6,50.0,35.0,at_station,,1.0
485,bus,7,40.0,15.0,at_station,,-1.0
485,bus,8,15.0,50.0,at_station,,1.0
485,bus,9,15.0,60.0,at_station,,-1.0
485,bus,10,50.0,15.0,at_station,,1.0
485,bus,11,50.0,25.0,at_station,,-1.0
485,bus,12,15.0,30.0,at_station,,1.0
485,bus,13,35.0,60.0,at_station,,-1.0
485,bus,14,30.0,15.0,at_station,,1.0
485,bus,15,50.0,45.0,at_station,,-1.0
485,bus,16,15.0,10.0,at_station,,1.0
485,bus,17,55.0,60.0,at_station,,-1.0
485,bus,18,10.0,15.0,at_station,,1.0
485,bus,19,50.0,65.0,at_station,,-1.0
485,bus,20,15.0,10.0,at_station,,-1.0
485,bus,21,55.0,60.0,at_station,,1.0
485,bus,22,10.0,15.0,at_station,,-1.0
485,bus,23,50.0,65.0,at_station,,1.0
486,drone,0,18.31835411215478,1.2443827920580415,moving_to_bus_station_finish_pickup,257.87857761345884,
486,drone,1,59.58419613822111,39.77936937946426,to_charging_station,70.63609196190801,
486,bus,0,45.0,60.0,at_station,,1.0
486,bus,1,15.0,20.0,at_station,,-1.0
486,bus,2,50.0,55.0,at_station,,1.0
486,bus,3,20.0,15.0,at_station,,-1.0
486,bus,4,25.0,60.0,at_station,,1.0
486,bus,5,15.0,40.0,at_station,,-1.0
486,bus,6,50.0,35.0,at_station,,1.0
486,bus,7,40.0,15.0,at_station,,-1.0
486,bus,8,15.0,50.0,at_station,,1.0
486,bus,9,15.0,60.0,at_station,,-1.0
486,bus,10,50.0,15.0,at_station,,1.0
486,bus,11,50.0,25.0,at_station,,-1.0
486,bus,12,15.0,30.0,at_station,,1.0
486,bus,13,35.0,60.0,at_station,,-1.0
486,bus,14,30.0,15.0,at_station,,1.0
486,bus,15,50.0,45.0,at_station,,-1.0
486,bus,16,15.0,10.0,at_station,,1.0
486,bus,17,55.0,60.0,at_station,,-1.0
486,bus,18,10.0,15.0,at_station,,1.0
486,bus,19,50.0,65.0,at_station,,-1.0
486,bus,20,15.0,10.0,at_station,,-1.0
486,bus,21,55.0,60.0,at_station,,1.0
486,bus,22,10.0,15.0,at_station,,-1.0
486,bus,23,50.0,65.0,at_station,,1.0
487,drone,0,15.0,0.0,waiting_at_bus_station_for_pickup_bus,254.33457386814132,
487,drone,1,60.0,40.0,idle,300.0,
487,bus,0,47.5,60.0,moving,,1.0
487,bus,1,15.0,17.5,moving,,-1.0
487,bus,2,50.0,57.5,moving,,1.0
487,bus,3,17.5,15.0,moving,,-1.0
487,bus,4,27.5,60.0,moving,,1.0
487,bus,5,15.0,37.5,moving,,-1.0
487,bus,6,50.0,37.5,moving,,1.0
487,bus,7,37.5,15.0,moving,,-1.0
487,bus,8,15.0,52.5,moving,,1.0
487,bus,9,15.0,57.5,moving,,-1.0
487,bus,10,50.0,17.5,moving,,1.0
487,bus,11,50.0,22.5,moving,,-1.0
487,bus,12,15.0,32.5,moving,,1.0
487,bus,13,32.5,60.0,moving,,-1.0
487,bus,14,32.5,15.0,moving,,1.0
487,bus,15,50.0,42.5,moving,,-1.0
487,bus,16,15.0,12.5,moving,,1.0
487,bus,17,52.5,60.0,moving,,-1.0
487,bus,18,12.5,15.0,moving,,1.0
487,bus,19,50.0,62.5,moving,,-1.0
487,bus,20,15.0,7.5,moving,,-1.0
487,bus,21,57.5,60.0,moving,,1.0
487,bus,22,7.5,15.0,moving,,-1.0
487,bus,23,50.0,67.5,moving,,1.0
488,drone,0,15.0,0.0,waiting_at_bus_station_for_pickup_bus,254.33457386814132,
488,drone,1,56.73530188965269,43.787049808002884,moving_to_pickup,295.0,
488,bus,0,52.5,60.0,moving,,1.0
488,bus,1,15.0,12.5,moving,,-1.0
488,bus,2,50.0,62.5,moving,,1.0
488,bus,3,12.5,15.0,moving,,-1.0
488,bus,4,32.5,60.0,moving,,1.0
488,bus,5,15.0,32.5,moving,,-1.0
488,bus,6,50.0,42.5,moving,,1.0
488,bus,7,32.5,15.0,moving,,-1.0
488,bus,8,15.0,57.5,moving,,1.0
488,bus,9,15.0,52.5,moving,,-1.0
488,bus,10,50.0,22.5,moving,,1.0
488,bus,11,50.0,17.5,moving,,-1.0
488,bus,12,15.0,37.5,moving,,1.0
488,bus,13,27.5,60.0,moving,,-1.0
488,bus,14,37.5,15.0,moving,,1.0
488,bus,15,50.0,37.5,moving,,-1.0
488,bus,16,15.0,17.5,moving,,1.0
488,bus,17,47.5,60.0,moving,,-1.0
488,bus,18,17.5,15.0,moving,,1.0
488,bus,19,50.0,57.5,moving,,-1.0
488,bus,20,15.0,2.5,moving,,-1.0
488,bus,21,62.5,60.0,moving,,1.0
488,bus,22,2.5,15.0,moving,,-1.0
488,bus,23,50.0,72.5,moving,,1.0
489,drone,0,15.0,0.0,waiting_at_bus_station_for_pickup_bus,254.33457386814132,
489,drone,1,53.47060377930538,47.57409961600577,moving_to_pickup,290.0,
489,bus,0,55.0,60.0,at_station,,1.0
489,bus,1,15.0,10.0,at_station,,-1.0
489,bus,2,50.0,65.0,at_station,,1.0
489,bus,3,10.0,15.0,at_station,,-1.0
489,bus,4,35.0,60.0,at_station,,1.0
489,bus,5,15.0,30.0,at_station,,-1.0
489,bus,6,50.0,45.0,at_station,,1.0
489,bus,7,30.0,15.0,at_station,,-1.0
489,bus,8,15.0,60.0,at_station,,1.0
489,bus,9,15.0,50.0,at_station,,-1.0
489,bus,10,50.0,25.0,at_station,,1.0
489,bus,11,50.0,15.0,at_station,,-1.0
489,bus,12,15.0,40.0,at_station,,1.0
489,bus,13,25.0,60.0,at_station,,-1.0
489,bus,14,40.0,15.0,at_station,,1.0
489,bus,15,50.0,35.0,at_station,,-1.0
489,bus,16,15.0,20.0,at_station,,1.0
489,bus,17,45.0,60.0,at_station,,-1.0
489,bus,18,20.0,15.0,at_station,,1.0
489,bus,19,50.0,55.0,at_station,,-1.0
489,bus,20,15.0,0.0,at_station,,-1.0
489,bus,21,65.0,60.0,at_station,,1.0
489,bus,22,0.0,15.0,at_station,,-1.0
489,bus,23,50.0,75.0,at_station,,1.0
490,drone,0,16.58113883008419,4.743416490252569,moving_to_bus_station_for_delivery,249.33457386814132,
490,drone,1,50.20590566895807,51.36114942400865,moving_to_pickup,285.0,
490,bus,0,55.0,60.0,at_station,,1.0
490,bus,1,15.0,10.0,at_station,,-1.0
490,bus,2,50.0,65.0,at_station,,1.0
490,bus,3,10.0,15.0,at_station,,-1.0
490,bus,4,35.0,60.0,at_station,,1.0
490,bus,5,15.0,30.0,at_station,,-1.0
490,bus,6,50.0,45.0,at_station,,1.0
490,bus,7,30.0,15.0,at_station,,-1.0
490,bus,8,15.0,60.0,at_station,,1.0
490,bus,9,15.0,50.0,at_station,,-1.0
490,bus,10,50.0,25.0,at_station,,1.0
490,bus,11,50.0,15.0,at_station,,-1.0
490,bus,12,15.0,40.0,at_station,,1.0
490,bus,13,25.0,60.0,at_station,,-1.0
490,bus,14,40.0,15.0,at_station,,1.0
490,bus,15,50.0,35.0,at_station,,-1.0
490,bus,16,15.0,20.0,at_station,,1.0
490,bus,17,45.0,60.0,at_station,,-1.0
490,bus,18,20.0,15.0,at_station,,1.0
490,bus,19,50.0,55.0,at_station,,-1.0
490,bus,20,15.0,0.0,at_station,,-1.0
490,bus,21,65.0,60.0,at_station,,1.0
490,bus,22,0.0,15.0,at_station,,-1.0
490,bus,23,50.0,75.0,at_station,,1.0
491,drone,0,18.162277660168378,9.486832980505138,moving_to_bus_station_for_delivery,244.33457386814132,
491,drone,1,46.941207558610756,55.148199232011535,moving_to_pickup,280.0,
491,bus,0,55.0,60.0,at_station,,1.0
491,bus,1,15.0,10.0,at_station,,-1.0
491,bus,2,50.0,65.0,at_station,,1.0
491,bus,3,10.0,15.0,at_station,,-1.0
491,bus,4,35.0,60.0,at_station,,1.0
491,bus,5,15.0,30.0,at_station,,-1.0
491,bus,6,50.0,45.0,at_station,,1.0
491,bus,7,30.0,15.0,at_station,,-1.0
491,bus,8,15.0,60.0,at_station,,1.0
491,bus,9,15.0,50.0,at_station,,-1.0
491,bus,10,50.0,25.0,at_station,,1.0
491,bus,11,50.0,15.0,at_station,,-1.0
491,bus,12,15.0,40.0,at_station,,1.0
491,bus,13,25.0,60.0,at_station,,-1.0
491,bus,14,40.0,15.0,at_station,,1.0
491,bus,15,50.0,35.0,at_station,,-1.0
491,bus,16,15.0,20.0,at_station,,1.0
491,bus,17,45.0,60.0,at_station,,-1.0
491,bus,18,20.0,15.0,at_station,,1.0
491,bus,19,50.0,55.0,at_station,,-1.0
491,bus,20,15.0,0.0,at_station,,-1.0
491,bus,21,65.0,60.0,at_station,,1.0
491,bus,22,0.0,15.0,at_station,,-1.0
491,bus,23,50.0,75.0,at_station,,1.0
492,drone,0,19.743416490252567,14.230249470757707,moving_to_bus_station_for_delivery,239.33457386814132,
492,drone,1,43.67650944826344,58.93524904001442,moving_to_pickup,275.0,
492,bus,0,57.5,60.0,moving,,1.0
492,bus,1,15.0,7.5,moving,,-1.0
492,bus,2,50.0,67.5,moving,,1.0
492,bus,3,7.5,15.0,moving,,-1.0
492,bus,4,37.5,60.0,moving,,1.0
492,bus,5,15.0,27.5,moving,,-1.0
492,bus,6,50.0,47.5,moving,,1.0
492,bus,7,27.5,15.0,moving,,-1.0
492,bus,8,17.5,60.0,moving,,1.0
492,bus,9,15.0,47.5,moving,,-1.0
492,bus,10,50.0,27.5,moving,,1.0
492,bus,11,47.5,15.0,moving,,-1.0
492,bus,12,15.0,42.5,moving,,1.0
492,bus,13,22.5,60.0,moving,,-1.0
492,bus,14,42.5,15.0,moving,,1.0
492,bus,15,50.0,32.5,moving,,-1.0
492,bus,16,15.0,22.5,moving,,1.0
492,bus,17,42.5,60.0,moving,,-1.0
492,bus,18,22.5,15.0,moving,,1.0
492,bus,19,50.0,52.5,moving,,-1.0
492,bus,20,15.0,2.5,moving,,1.0
492,bus,21,62.5,60.0,moving,,-1.0
492,bus,22,2.5,15.0,moving,,1.0
492,bus,23,50.0,72.5,moving,,-1.0
493,drone,0,21.324555320336756,18.973665961010276,moving_to_bus_station_for_delivery,234.33457386814132,
493,drone,1,40.41181133791612,62.7222988480173,moving_to_pickup,270.0,
493,bus,0,62.5,60.0,moving,,1.0
493,bus,1,15.0,2.5,moving,,-1.0
493,bus,2,50.0,72.5,moving,,1.0
493,bus,3,2.5,15.0,moving,,-1.0
493,bus,4,42.5,60.0,moving,,1.0
493,bus,5,15.0,22.5,moving,,-1.0
493,bus,6,50.0,52.5,moving,,1.0
493,bus,7,22.5,15.0,moving,,-1.0
493,bus,8,22.5,60.0,moving,,1.0
493,bus,9,15.0,42.5,moving,,-1.0
493,bus,10,50.0,32.5,moving,,1.0
493,bus,11,42.5,15.0,moving,,-1.0
493,bus,12,15.0,47.5,moving,,1.0
493,bus,13,17.5,60.0,moving,,-1.0
493,bus,14,47.5,15.0,moving,,1.0
493,bus,15,50.0,27.5,moving,,-1.0
493,bus,16,15.0,27.5,moving,,1.0
493,bus,17,37.5,60.0,moving,,-1.0
493,bus,18,27.5,15.0,moving,,1.0
493,bus,19,50.0,47.5,moving,,-1.0
493,bus,20,15.0,7.5,moving,,1.0
493,bus,21,57.5,60.0,moving,,-1.0
493,bus,22,7.5,15.0,moving,,1.0
493,bus,23,50.0,67.5,moving,,-1.0
494,drone,0,22.905694150420945,23.717082451262847,moving_to_bus_station_for_delivery,229.33457386814132,
494,drone,1,37.14711322756881,66.50934865602018,moving_to_pickup,265.0,
494,bus,0,65.0,60.0,at_station,,1.0
494,bus,1,15.0,0.0,at_station,,-1.0
494,bus,2,50.0,75.0,at_station,,1.0
494,bus,3,0.0,15.0,at_station,,-1.0
494,bus,4,45.0,60.0,at_station,,1.0
494,bus,5,15.0,20.0,at_station,,-1.0
494,bus,6,50.0,55.0,at_station,,1.0
494,bus,7,20.0,15.0,at_station,,-1.0
494,bus,8,25.0,60.0,at_station,,1.0
494,bus,9,15.0,40.0,at_station,,-1.0
494,bus,10,50.0,35.0,at_station,,1.0
494,bus,11,40.0,15.0,at_station,,-1.0
494,bus,12,15.0,50.0,at_station,,1.0
494,bus,13,15.0,60.0,at_station,,-1.0
494,bus,14,50.0,15.0,at_station,,1.0
494,bus,15,50.0,25.0,at_station,,-1.0
494,bus,16,15.0,30.0,at_station,,1.0
494,bus,17,35.0,60.0,at_station,,-1.0
494,bus,18,30.0,15.0,at_station,,1.0
494,bus,19,50.0,45.0,at_station,,-1.0
494,bus,20,15.0,10.0,at_station,,1.0
494,bus,21,55.0,60.0,at_station,,-1.0
494,bus,22,10.0,15.0,at_station,,1.0
494,bus,23,50.0,65.0,at_station,,-1.0
495,drone,0,24.486832980505135,28.460498941515418,moving_to_bus_station_for_delivery,224.33457386814132,
495,drone,1,35.0,69.0,moving_to_bus_station_finish_pickup,261.7116205618467,
495,bus,0,65.0,60.0,at_station,,1.0
495,bus,1,15.0,0.0,at_station,,-1.0
495,bus,2,50.0,75.0,at_station,,1.0
495,bus,3,0.0,15.0,at_station,,-1.0
495,bus,4,45.0,60.0,at_station,,1.0
495,bus,5,15.0,20.0,at_station,,-1.0
495,bus,6,50.0,55.0,at_station,,1.0
495,bus,7,20.0,15.0,at_station,,-1.0
495,bus,8,25.0,60.0,at_station,,1.0
495,bus,9,15.0,40.0,at_station,,-1.0
495,bus,10,50.0,35.0,at_station,,1.0
495,bus,11,40.0,15.0,at_station,,-1.0
495,bus,12,15.0,50.0,at_station,,1.0
495,bus,13,15.0,60.0,at_station,,-1.0
495,bus,14,50.0,15.0,at_station,,1.0
495,bus,15,50.0,25.0,at_station,,-1.0
495,bus,16,15.0,30.0,at_station,,1.0
495,bus,17,35.0,60.0,at_station,,-1.0
495,bus,18,30.0,15.0,at_station,,1.0
495,bus,19,50.0,45.0,at_station,,-1.0
495,bus,20,15.0,10.0,at_station,,1.0
495,bus,21,55.0,60.0,at_station,,-1.0
495,bus,22,10.0,15.0,at_station,,1.0
495,bus,23,50.0,65.0,at_station,,-1.0
496,drone,0,26.067971810589324,33.20391543176799,moving_to_bus_station_for_delivery,219.33457386814132,
496,drone,1,35.0,64.0,moving_to_bus_station_finish_pickup,256.7116205618467,
496,bus,0,65.0,60.0,at_station,,1.0
496,bus,1,15.0,0.0,at_station,,-1.0
496,bus,2,50.0,75.0,at_station,,1.0
496,bus,3,0.0,15.0,at_station,,-1.0
496,bus,4,45.0,60.0,at_station,,1.0
496,bus,5,15.0,20.0,at_station,,-1.0
496,bus,6,50.0,55.0,at_station,,1.0
496,bus,7,20.0,15.0,at_station,,-1.0
496,bus,8,25.0,60.0,at_station,,1.0
496,bus,9,15.0,40.0,at_station,,-1.0
496,bus,10,50.0,35.0,at_station,,1.0
496,bus,11,40.0,15.0,at_station,,-1.0
496,bus,12,15.0,50.0,at_station,,1.0
496,bus,13,15.0,60.0,at_station,,-1.0
496,bus,14,50.0,15.0,at_station,,1.0
496,bus,15,50.0,25.0,at_station,,-1.0
496,bus,16,15.0,30.0,at_station,,1.0
496,bus,17,35.0,60.0,at_station,,-1.0
496,bus,18,30.0,15.0,at_station,,1.0
496,bus,19,50.0,45.0,at_station,,-1.0
496,bus,20,15.0,10.0,at_station,,1.0
496,bus,21,55.0,60.0,at_station,,-1.0
496,bus,22,10.0,15.0,at_station,,1.0
496,bus,23,50.0,65.0,at_station,,-1.0
497,drone,0,27.649110640673513,37.94733192202056,moving_to_bus_station_for_delivery,214.33457386814132,
497,drone,1,35.0,60.0,waiting_at_bus_station_for_pickup_bus,252.7116205618467,
497,bus,0,62.5,60.0,moving,,-1.0
497,bus,1,15.0,2.5,moving,,1.0
497,bus,2,50.0,72.5,moving,,-1.0
497,bus,3,2.5,15.0,moving,,1.0
497,bus,4,47.5,60.0,moving,,1.0
497,bus,5,15.0,17.5,moving,,-1.0
497,bus,6,50.0,57.5,moving,,1.0
497,bus,7,17.5,15.0,moving,,-1.0
497,bus,8,27.5,60.0,moving,,1.0
497,bus,9,15.0,37.5,moving,,-1.0
497,bus,10,50.0,37.5,moving,,1.0
497,bus,11,37.5,15.0,moving,,-1.0
497,bus,12,15.0,52.5,moving,,1.0
497,bus,13,15.0,57.5,moving,,-1.0
497,bus,14,50.0,17.5,moving,,1.0
497,bus,15,50.0,22.5,moving,,-1.0
497,bus,16,15.0,32.5,moving,,1.0
497,bus,17,32.5,60.0,moving,,-1.0
497,bus,18,32.5,15.0,moving,,1.0
497,bus,19,50.0,42.5,moving,,-1.0
497,bus,20,15.0,12.5,moving,,1.0
497,bus,21,52.5,60.0,moving,,-1.0
497,bus,22,12.5,15.0,moving,,1.0
497,bus,23,50.0,62.5,moving,,-1.0
498,drone,0,29.230249470757705,42.69074841227313,moving_to_bus_station_for_delivery,209.33457386814132,
498,drone,1,35.0,60.0,waiting_at_bus_station_for_pickup_bus,252.7116205618467,
498,bus,0,57.5,60.0,moving,,-1.0
498,bus,1,15.0,7.5,moving,,1.0
498,bus,2,50.0,67.5,moving,,-1.0
498,bus,3,7.5,15.0,moving,,1.0
498,bus,4,52.5,60.0,moving,,1.0
498,bus,5,15.0,12.5,moving,,-1.0
498,bus,6,50.0,62.5,moving,,1.0
498,bus,7,12.5,15.0,moving,,-1.0
498,bus,8,32.5,60.0,moving,,1.0
498,bus,9,15.0,32.5,moving,,-1.0
498,bus,10,50.0,42.5,moving,,1.0
498,bus,11,32.5,15.0,moving,,-1.0
498,bus,12,15.0,57.5,moving,,1.0
498,bus,13,15.0,52.5,moving,,-1.0
498,bus,14,50.0,22.5,moving,,1.0
498,bus,15,50.0,17.5,moving,,-1.0
498,bus,16,15.0,37.5,moving,,1.0
498,bus,17,27.5,60.0,moving,,-1.0
498,bus,18,37.5,15.0,moving,,1.0
498,bus,19,50.0,37.5,moving,,-1.0
498,bus,20,15.0,17.5,moving,,1.0
498,bus,21,47.5,60.0,moving,,-1.0
498,bus,22,17.5,15.0,moving,,1.0
498,bus,23,50.0,57.5,moving,,-1.0
499,drone,0,30.811388300841898,47.4341649025257,moving_to_bus_station_for_delivery,204.33457386814132,
499,drone,1,35.0,60.0,waiting_at_bus_station_for_pickup_bus,252.7116205618467,
499,bus,0,55.0,60.0,at_station,,-1.0
499,bus,1,15.0,10.0,at_station,,1.0
499,bus,2,50.0,65.0,at_station,,-1.0
499,bus,3,10.0,15.0,at_station,,1.0
499,bus,4,55.0,60.0,at_station,,1.0
499,bus,5,15.0,10.0,at_station,,-1.0
499,bus,6,50.0,65.0,at_station,,1.0
499,bus,7,10.0,15.0,at_station,,-1.0
499,bus,8,35.0,60.0,at_station,,1.0
499,bus,9,15.0,30.0,at_station,,-1.0
499,bus,10,50.0,45.0,at_station,,1.0
499,bus,11,30.0,15.0,at_station,,-1.0
499,bus,12,15.0,60.0,at_station,,1.0
499,bus,13,15.0,50.0,at_station,,-1.0
499,bus,14,50.0,25.0,at_station,,1.0
499,bus,15,50.0,15.0,at_station,,-1.0
499,bus,16,15.0,40.0,at_station,,1.0
499,bus,17,25.0,60.0,at_station,,-1.0
499,bus,18,40.0,15.0,at_station,,1.0
499,bus,19,50.0,35.0,at_station,,-1.0
499,bus,20,15.0,20.0,at_station,,1.0
499,bus,21,45.0,60.0,at_station,,-1.0
499,bus,22,20.0,15.0,at_station,,1.0
499,bus,23,50.0,55.0,at_station,,-1.0
500,drone,0,32.39252713092609,52.17758139277827,moving_to_bus_station_for_delivery,199.33457386814132,
500,drone,1,35.0,60.0,waiting_at_bus_station_for_pickup_bus,252.7116205618467,
500,bus,0,55.0,60.0,at_station,,-1.0
500,bus,1,15.0,10.0,at_station,,1.0
500,bus,2,50.0,65.0,at_station,,-1.0
500,bus,3,10.0,15.0,at_station,,1.0
500,bus,4,55.0,60.0,at_station,,1.0
500,bus,5,15.0,10.0,at_station,,-1.0
500,bus,6,50.0,65.0,at_station,,1.0
500,bus,7,10.0,15.0,at_station,,-1.0
500,bus,8,35.0,60.0,at_station,,1.0
500,bus,9,15.0,30.0,at_station,,-1.0
500,bus,10,50.0,45.0,at_station,,1.0
500,bus,11,30.0,15.0,at_station,,-1.0
500,bus,12,15.0,60.0,at_station,,1.0
500,bus,13,15.0,50.0,at_station,,-1.0
500,bus,14,50.0,25.0,at_station,,1.0
500,bus,15,50.0,15.0,at_station,,-1.0
500,bus,16,15.0,40.0,at_station,,1.0
500,bus,17,25.0,60.0,at_station,,-1.0
500,bus,18,40.0,15.0,at_station,,1.0
500,bus,19,50.0,35.0,at_station,,-1.0
500,bus,20,15.0,20.0,at_station,,1.0
500,bus,21,45.0,60.0,at_station,,-1.0
500,bus,22,20.0,15.0,at_station,,1.0
500,bus,23,50.0,55.0,at_station,,-1.0
501,drone,0,33.97366596101028,56.92099788303084,moving_to_bus_station_for_delivery,194.33457386814132,
501,drone,1,35.0,60.0,waiting_at_bus_station_for_pickup_bus,252.7116205618467,
501,bus,0,55.0,60.0,at_station,,-1.0
501,bus,1,15.0,10.0,at_station,,1.0
501,bus,2,50.0,65.0,at_station,,-1.0
501,bus,3,10.0,15.0,at_station,,1.0
501,bus,4,55.0,60.0,at_station,,1.0
501,bus,5,15.0,10.0,at_station,,-1.0
501,bus,6,50.0,65.0,at_station,,1.0
501,bus,7,10.0,15.0,at_station,,-1.0
501,bus,8,35.0,60.0,at_station,,1.0
501,bus,9,15.0,30.0,at_station,,-1.0
501,bus,10,50.0,45.0,at_station,,1.0
501,bus,11,30.0,15.0,at_station,,-1.0
501,bus,12,15.0,60.0,at_station,,1.0
501,bus,13,15.0,50.0,at_station,,-1.0
501,bus,14,50.0,25.0,at_station,,1.0
501,bus,15,50.0,15.0,at_station,,-1.0
501,bus,16,15.0,40.0,at_station,,1.0
501,bus,17,25.0,60.0,at_station,,-1.0
501,bus,18,40.0,15.0,at_station,,1.0
501,bus,19,50.0,35.0,at_station,,-1.0
501,bus,20,15.0,20.0,at_station,,1.0
501,bus,21,45.0,60.0,at_station,,-1.0
501,bus,22,20.0,15.0,at_station,,1.0
501,bus,23,50.0,55.0,at_station,,-1.0
502,drone,0,35.0,60.0,waiting_at_bus_station_for_delivery,191.08902066477376,
502,drone,1,35.0,60.0,waiting_at_bus_station_for_pickup_bus,252.7116205618467,
502,bus,0,52.5,60.0,moving,,-1.0
502,bus,1,15.0,12.5,moving,,1.0
502,bus,2,50.0,62.5,moving,,-1.0
502,bus,3,12.5,15.0,moving,,1.0
502,bus,4,57.5,60.0,moving,,1.0
502,bus,5,15.0,7.5,moving,,-1.0
502,bus,6,50.0,67.5,moving,,1.0
502,bus,7,7.5,15.0,moving,,-1.0
502,bus,8,37.5,60.0,moving,,1.0
502,bus,9,15.0,27.5,moving,,-1.0
502,bus,10,50.0,47.5,moving,,1.0
502,bus,11,27.5,15.0,moving,,-1.0
502,bus,12,17.5,60.0,moving,,1.0
502,bus,13,15.0,47.5,moving,,-1.0
502,bus,14,50.0,27.5,moving,,1.0
502,bus,15,47.5,15.0,moving,,-1.0
502,bus,16,15.0,42.5,moving,,1.0
502,bus,17,22.5,60.0,moving,,-1.0
502,bus,18,42.5,15.0,moving,,1.0
502,bus,19,50.0,32.5,moving,,-1.0
502,bus,20,15.0,22.5,moving,,1.0
502,bus,21,42.5,60.0,moving,,-1.0
502,bus,22,22.5,15.0,moving,,1.0
502,bus,23,50.0,52.5,moving,,-1.0
503,drone,0,35.0,60.0,waiting_at_bus_station_for_delivery,191.08902066477376,
503,drone,1,35.0,60.0,waiting_at_bus_station_for_pickup_bus,252.7116205618467,
503,bus,0,47.5,60.0,moving,,-1.0
503,bus,1,15.0,17.5,moving,,1.0
503,bus,2,50.0,57.5,moving,,-1.0
503,bus,3,17.5,15.0,moving,,1.0
503,bus,4,62.5,60.0,moving,,1.0
503,bus,5,15.0,2.5,moving,,-1.0
503,bus,6,50.0,72.5,moving,,1.0
503,bus,7,2.5,15.0,moving,,-1.0
503,bus,8,42.5,60.0,moving,,1.0
503,bus,9,15.0,22.5,moving,,-1.0
503,bus,10,50.0,52.5,moving,,1.0
503,bus,11,22.5,15.0,moving,,-1.0
503,bus,12,22.5,60.0,moving,,1.0
503,bus,13,15.0,42.5,moving,,-1.0
503,bus,14,50.0,32.5,moving,,1.0
503,bus,15,42.5,15.0,moving,,-1.0
503,bus,16,15.0,47.5,moving,,1.0
503,bus,17,17.5,60.0,moving,,-1.0
503,bus,18,47.5,15.0,moving,,1.0
503,bus,19,50.0,27.5,moving,,-1.0
503,bus,20,15.0,27.5,moving,,1.0
503,bus,21,37.5,60.0,moving,,-1.0
503,bus,22,27.5,15.0,moving,,1.0
503,bus,23,50.0,47.5,moving,,-1.0
504,drone,0,35.0,60.0,waiting_at_bus_station_for_delivery,191.08902066477376,
504,drone,1,35.0,60.0,waiting_at_bus_station_for_pickup_bus,252.7116205618467,
504,bus,0,45.0,60.0,at_station,,-1.0
504,bus,1,15.0,20.0,at_station,,1.0
504,bus,2,50.0,55.0,at_station,,-1.0
504,bus,3,20.0,15.0,at_station,,1.0
504,bus,4,65.0,60.0,at_station,,1.0
504,bus,5,15.0,0.0,at_station,,-1.0
504,bus,6,50.0,75.0,at_station,,1.0
504,bus,7,0.0,15.0,at_station,,-1.0
504,bus,8,45.0,60.0,at_station,,1.0
504,bus,9,15.0,20.0,at_station,,-1.0
504,bus,10,50.0,55.0,at_station,,1.0
504,bus,11,20.0,15.0,at_station,,-1.0
504,bus,12,25.0,60.0,at_station,,1.0
504,bus,13,15.0,40.0,at_station,,-1.0
504,bus,14,50.0,35.0,at_station,,1.0
504,bus,15,40.0,15.0,at_station,,-1.0
504,bus,16,15.0,50.0,at_station,,1.0
504,bus,17,15.0,60.0,at_station,,-1.0
504,bus,18,50.0,15.0,at_station,,1.0
504,bus,19,50.0,25.0,at_station,,-1.0
504,bus,20,15.0,30.0,at_station,,1.0
504,bus,21,35.0,60.0,at_station,,-1.0
504,bus,22,30.0,15.0,at_station,,1.0
504,bus,23,50.0,45.0,at_station,,-1.0
505,drone,0,35.0,60.0,waiting_at_bus_station_for_delivery,191.08902066477376,
505,drone,1,35.0,60.0,waiting_at_bus_station_for_pickup_bus,252.7116205618467,
505,bus,0,45.0,60.0,at_station,,-1.0
505,bus,1,15.0,20.0,at_station,,1.0
505,bus,2,50.0,55.0,at_station,,-1.0
505,bus,3,20.0,15.0,at_station,,1.0
505,bus,4,65.0,60.0,at_station,,1.0
505,bus,5,15.0,0.0,at_station,,-1.0
505,bus,6,50.0,75.0,at_station,,1.0
505,bus,7,0.0,15.0,at_station,,-1.0
505,bus,8,45.0,60.0,at_station,,1.0
505,bus,9,15.0,20.0,at_station,,-1.0
505,bus,10,50.0,55.0,at_station,,1.0
505,bus,11,20.0,15.0,at_station,,-1.0
505,bus,12,25.0,60.0,at_station,,1.0
505,bus,13,15.0,40.0,at_station,,-1.0
505,bus,14,50.0,35.0,at_station,,1.0
505,bus,15,40.0,15.0,at_station,,-1.0
505,bus,16,15.0,50.0,at_station,,1.0
505,bus,17,15.0,60.0,at_station,,-1.0
505,bus,18,50.0,15.0,at_station,,1.0
505,bus,19,50.0,25.0,at_station,,-1.0
505,bus,20,15.0,30.0,at_station,,1.0
505,bus,21,35.0,60.0,at_station,,-1.0
505,bus,22,30.0,15.0,at_station,,1.0
505,bus,23,50.0,45.0,at_station,,-1.0
506,drone,0,35.0,60.0,waiting_at_bus_station_for_delivery,191.08902066477376,
506,drone,1,35.0,60.0,waiting_at_bus_station_for_pickup_bus,252.7116205618467,
506,bus,0,45.0,60.0,at_station,,-1.0
506,bus,1,15.0,20.0,at_station,,1.0
506,bus,2,50.0,55.0,at_station,,-1.0
506,bus,3,20.0,15.0,at_station,,1.0
506,bus,4,65.0,60.0,at_station,,1.0
506,bus,5,15.0,0.0,at_station,,-1.0
506,bus,6,50.0,75.0,at_station,,1.0
506,bus,7,0.0,15.0,at_station,,-1.0
506,bus,8,45.0,60.0,at_station,,1.0
506,bus,9,15.0,20.0,at_station,,-1.0
506,bus,10,50.0,55.0,at_station,,1.0
506,bus,11,20.0,15.0,at_station,,-1.0
506,bus,12,25.0,60.0,at_station,,1.0
506,bus,13,15.0,40.0,at_station,,-1.0
506,bus,14,50.0,35.0,at_station,,1.0
506,bus,15,40.0,15.0,at_station,,-1.0
506,bus,16,15.0,50.0,at_station,,1.0
506,bus,17,15.0,60.0,at_station,,-1.0
506,bus,18,50.0,15.0,at_station,,1.0
506,bus,19,50.0,25.0,at_station,,-1.0
506,bus,20,15.0,30.0,at_station,,1.0
506,bus,21,35.0,60.0,at_station,,-1.0
506,bus,22,30.0,15.0,at_station,,1.0
506,bus,23,50.0,45.0,at_station,,-1.0
507,drone,0,35.0,60.0,waiting_at_bus_station_for_delivery,191.08902066477376,
507,drone,1,35.0,60.0,waiting_at_bus_station_for_pickup_bus,252.7116205618467,
507,bus,0,42.5,60.0,moving,,-1.0
507,bus,1,15.0,22.5,moving,,1.0
507,bus,2,50.0,52.5,moving,,-1.0
507,bus,3,22.5,15.0,moving,,1.0
507,bus,4,62.5,60.0,moving,,-1.0
507,bus,5,15.0,2.5,moving,,1.0
507,bus,6,50.0,72.5,moving,,-1.0
507,bus,7,2.5,15.0,moving,,1.0
507,bus,8,47.5,60.0,moving,,1.0
507,bus,9,15.0,17.5,moving,,-1.0
507,bus,10,50.0,57.5,moving,,1.0
507,bus,11,17.5,15.0,moving,,-1.0
507,bus,12,27.5,60.0,moving,,1.0
507,bus,13,15.0,37.5,moving,,-1.0
507,bus,14,50.0,37.5,moving,,1.0
507,bus,15,37.5,15.0,moving,,-1.0
507,bus,16,15.0,52.5,moving,,1.0
507,bus,17,15.0,57.5,moving,,-1.0
507,bus,18,50.0,17.5,moving,,1.0
507,bus,19,50.0,22.5,moving,,-1.0
507,bus,20,15.0,32.5,moving,,1.0
507,bus,21,32.5,60.0,moving,,-1.0
507,bus,22,32.5,15.0,moving,,1.0
507,bus,23,50.0,42.5,moving,,-1.0
508,drone,0,35.0,60.0,waiting_at_bus_station_for_delivery,191.08902066477376,
508,drone,1,35.0,60.0,waiting_at_bus_station_for_pickup_bus,252.7116205618467,
508,bus,0,37.5,60.0,moving,,-1.0
508,bus,1,15.0,27.5,moving,,1.0
508,bus,2,50.0,47.5,moving,,-1.0
508,bus,3,27.5,15.0,moving,,1.0
508,bus,4,57.5,60.0,moving,,-1.0
508,bus,5,15.0,7.5,moving,,1.0
508,bus,6,50.0,67.5,moving,,-1.0
508,bus,7,7.5,15.0,moving,,1.0
508,bus,8,52.5,60.0,moving,,1.0
508,bus,9,15.0,12.5,moving,,-1.0
508,bus,10,50.0,62.5,moving,,1.0
508,bus,11,12.5,15.0,moving,,-1.0
508,bus,12,32.5,60.0,moving,,1.0
508,bus,13,15.0,32.5,moving,,-1.0
508,bus,14,50.0,42.5,moving,,1.0
508,bus,15,32.5,15.0,moving,,-1.0
508,bus,16,15.0,57.5,moving,,1.0
508,bus,17,15.0,52.5,moving,,-1.0
508,bus,18,50.0,22.5,moving,,1.0
508,bus,19,50.0,17.5,moving,,-1.0
508,bus,20,15.0,37.5,moving,,1.0
508,bus,21,27.5,60.0,moving,,-1.0
508,bus,22,37.5,15.0,moving,,1.0
508,bus,23,50.0,37.5,moving,,-1.0
509,drone,0,35.0,60.0,waiting_at_bus_station_for_delivery,191.08902066477376,
509,drone,1,35.0,60.0,waiting_at_bus_station_for_pickup_bus,252.7116205618467,
509,bus,0,35.0,60.0,at_station,,-1.0
509,bus,1,15.0,30.0,at_station,,1.0
509,bus,2,50.0,45.0,at_station,,-1.0
509,bus,3,30.0,15.0,at_station,,1.0
509,bus,4,55.0,60.0,at_station,,-1.0
509,bus,5,15.0,10.0,at_station,,1.0
509,bus,6,50.0,65.0,at_station,,-1.0
509,bus,7,10.0,15.0,at_station,,1.0
509,bus,8,55.0,60.0,at_station,,1.0
509,bus,9,15.0,10.0,at_station,,-1.0
509,bus,10,50.0,65.0,at_station,,1.0
509,bus,11,10.0,15.0,at_station,,-1.0
509,bus,12,35.0,60.0,at_station,,1.0
509,bus,13,15.0,30.0,at_station,,-1.0
509,bus,14,50.0,45.0,at_station,,1.0
509,bus,15,30.0,15.0,at_station,,-1.0
509,bus,16,15.0,60.0,at_station,,1.0
509,bus,17,15.0,50.0,at_station,,-1.0
509,bus,18,50.0,25.0,at_station,,1.0
509,bus,19,50.0,15.0,at_station,,-1.0
509,bus,20,15.0,40.0,at_station,,1.0
509,bus,21,25.0,60.0,at_station,,-1.0
509,bus,22,40.0,15.0,at_station,,1.0
509,bus,23,50.0,35.0,at_station,,-1.0
510,drone,0,35.0,60.0,waiting_at_bus_station_for_delivery,191.08902066477376,
510,drone,1,35.0,60.0,waiting_at_bus_station_for_pickup_bus,252.7116205618467,
510,bus,0,35.0,60.0,at_station,,-1.0
510,bus,1,15.0,30.0,at_station,,1.0
510,bus,2,50.0,45.0,at_station,,-1.0
510,bus,3,30.0,15.0,at_station,,1.0
510,bus,4,55.0,60.0,at_station,,-1.0
510,bus,5,15.0,10.0,at_station,,1.0
510,bus,6,50.0,65.0,at_station,,-1.0
510,bus,7,10.0,15.0,at_station,,1.0
510,bus,8,55.0,60.0,at_station,,1.0
510,bus,9,15.0,10.0,at_station,,-1.0
510,bus,10,50.0,65.0,at_station,,1.0
510,bus,11,10.0,15.0,at_station,,-1.0
510,bus,12,35.0,60.0,at_station,,1.0
510,bus,13,15.0,30.0,at_station,,-1.0
510,bus,14,50.0,45.0,at_station,,1.0
510,bus,15,30.0,15.0,at_station,,-1.0
510,bus,16,15.0,60.0,at_station,,1.0
510,bus,17,15.0,50.0,at_station,,-1.0
510,bus,18,50.0,25.0,at_station,,1.0
510,bus,19,50.0,15.0,at_station,,-1.0
510,bus,20,15.0,40.0,at_station,,1.0
510,bus,21,25.0,60.0,at_station,,-1.0
510,bus,22,40.0,15.0,at_station,,1.0
510,bus,23,50.0,35.0,at_station,,-1.0
511,drone,0,35.0,60.0,waiting_at_bus_station_for_delivery,191.08902066477376,
511,drone,1,35.0,60.0,waiting_at_bus_station_for_pickup_bus,252.7116205618467,
511,bus,0,35.0,60.0,at_station,,-1.0
511,bus,1,15.0,30.0,at_station,,1.0
511,bus,2,50.0,45.0,at_station,,-1.0
511,bus,3,30.0,15.0,at_station,,1.0
511,bus,4,55.0,60.0,at_station,,-1.0
511,bus,5,15.0,10.0,at_station,,1.0
511,bus,6,50.0,65.0,at_station,,-1.0
511,bus,7,10.0,15.0,at_station,,1.0
511,bus,8,55.0,60.0,at_station,,1.0
511,bus,9,15.0,10.0,at_station,,-1.0
511,bus,10,50.0,65.0,at_station,,1.0
511,bus,11,10.0,15.0,at_station,,-1.0
511,bus,12,35.0,60.0,at_station,,1.0
511,bus,13,15.0,30.0,at_station,,-1.0
511,bus,14,50.0,45.0,at_station,,1.0
511,bus,15,30.0,15.0,at_station,,-1.0
511,bus,16,15.0,60.0,at_station,,1.0
511,bus,17,15.0,50.0,at_station,,-1.0
511,bus,18,50.0,25.0,at_station,,1.0
511,bus,19,50.0,15.0,at_station,,-1.0
511,bus,20,15.0,40.0,at_station,,1.0
511,bus,21,25.0,60.0,at_station,,-1.0
511,bus,22,40.0,15.0,at_station,,1.0
511,bus,23,50.0,35.0,at_station,,-1.0
512,drone,0,35.0,60.0,waiting_at_bus_station_for_delivery,191.08902066477376,
512,drone,1,35.0,60.0,waiting_at_bus_station_for_pickup_bus,252.7116205618467,
512,bus,0,32.5,60.0,moving,,-1.0
512,bus,1,15.0,32.5,moving,,1.0
512,bus,2,50.0,42.5,moving,,-1.0
512,bus,3,32.5,15.0,moving,,1.0
512,bus,4,52.5,60.0,moving,,-1.0
512,bus,5,15.0,12.5,moving,,1.0
512,bus,6,50.0,62.5,moving,,-1.0
512,bus,7,12.5,15.0,moving,,1.0
512,bus,8,57.5,60.0,moving,,1.0
512,bus,9,15.0,7.5,moving,,-1.0
512,bus,10,50.0,67.5,moving,,1.0
512,bus,11,7.5,15.0,moving,,-1.0
512,bus,12,37.5,60.0,moving,,1.0
512,bus,13,15.0,27.5,moving,,-1.0
512,bus,14,50.0,47.5,moving,,1.0
512,bus,15,27.5,15.0,moving,,-1.0
512,bus,16,17.5,60.0,moving,,1.0
512,bus,17,15.0,47.5,moving,,-1.0
512,bus,18,50.0,27.5,moving,,1.0
512,bus,19,47.5,15.0,moving,,-1.0
512,bus,20,15.0,42.5,moving,,1.0
512,bus,21,22.5,60.0,moving,,-1.0
512,bus,22,42.5,15.0,moving,,1.0
512,bus,23,50.0,32.5,moving,,-1.0
513,drone,0,35.0,60.0,waiting_at_bus_station_for_delivery,191.08902066477376,
513,drone,1,35.0,60.0,waiting_at_bus_station_for_pickup_bus,252.7116205618467,
513,bus,0,27.5,60.0,moving,,-1.0
513,bus,1,15.0,37.5,moving,,1.0
513,bus,2,50.0,37.5,moving,,-1.0
513,bus,3,37.5,15.0,moving,,1.0
513,bus,4,47.5,60.0,moving,,-1.0
513,bus,5,15.0,17.5,moving,,1.0
513,bus,6,50.0,57.5,moving,,-1.0
513,bus,7,17.5,15.0,moving,,1.0
513,bus,8,62.5,60.0,moving,,1.0
513,bus,9,15.0,2.5,moving,,-1.0
513,bus,10,50.0,72.5,moving,,1.0
513,bus,11,2.5,15.0,moving,,-1.0
513,bus,12,42.5,60.0,moving,,1.0
513,bus,13,15.0,22.5,moving,,-1.0
513,bus,14,50.0,52.5,moving,,1.0
513,bus,15,22.5,15.0,moving,,-1.0
513,bus,16,22.5,60.0,moving,,1.0
513,bus,17,15.0,42.5,moving,,-1.0
513,bus,18,50.0,32.5,moving,,1.0
513,bus,19,42.5,15.0,moving,,-1.0
513,bus,20,15.0,47.5,moving,,1.0
513,bus,21,17.5,60.0,moving,,-1.0
513,bus,22,47.5,15.0,moving,,1.0
513,bus,23,50.0,27.5,moving,,-1.0
514,drone,0,35.0,60.0,waiting_at_bus_station_for_delivery,191.08902066477376,
514,drone,1,35.0,60.0,waiting_at_bus_station_for_pickup_bus,252.7116205618467,
514,bus,0,25.0,60.0,at_station,,-1.0
514,bus,1,15.0,40.0,at_station,,1.0
514,bus,2,50.0,35.0,at_station,,-1.0
514,bus,3,40.0,15.0,at_station,,1.0
514,bus,4,45.0,60.0,at_station,,-1.0
514,bus,5,15.0,20.0,at_station,,1.0
514,bus,6,50.0,55.0,at_station,,-1.0
514,bus,7,20.0,15.0,at_station,,1.0
514,bus,8,65.0,60.0,at_station,,1.0
514,bus,9,15.0,0.0,at_station,,-1.0
514,bus,10,50.0,75.0,at_station,,1.0
514,bus,11,0.0,15.0,at_station,,-1.0
514,bus,12,45.0,60.0,at_station,,1.0
514,bus,13,15.0,20.0,at_station,,-1.0
514,bus,14,50.0,55.0,at_station,,1.0
514,bus,15,20.0,15.0,at_station,,-1.0
514,bus,16,25.0,60.0,at_station,,1.0
514,bus,17,15.0,40.0,at_station,,-1.0
514,bus,18,50.0,35.0,at_station,,1.0
514,bus,19,40.0,15.0,at_station,,-1.0
514,bus,20,15.0,50.0,at_station,,1.0
514,bus,21,15.0,60.0,at_station,,-1.0
514,bus,22,50.0,15.0,at_station,,1.0
514,bus,23,50.0,25.0,at_station,,-1.0
515,drone,0,35.0,60.0,waiting_at_bus_station_for_delivery,191.08902066477376,
515,drone,1,35.0,60.0,waiting_at_bus_station_for_pickup_bus,252.7116205618467,
515,bus,0,25.0,60.0,at_station,,-1.0
515,bus,1,15.0,40.0,at_station,,1.0
515,bus,2,50.0,35.0,at_station,,-1.0
515,bus,3,40.0,15.0,at_station,,1.0
515,bus,4,45.0,60.0,at_station,,-1.0
515,bus,5,15.0,20.0,at_station,,1.0
515,bus,6,50.0,55.0,at_station,,-1.0
515,bus,7,20.0,15.0,at_station,,1.0
515,bus,8,65.0,60.0,at_station,,1.0
515,bus,9,15.0,0.0,at_station,,-1.0
515,bus,10,50.0,75.0,at_station,,1.0
515,bus,11,0.0,15.0,at_station,,-1.0
515,bus,12,45.0,60.0,at_station,,1.0
515,bus,13,15.0,20.0,at_station,,-1.0
515,bus,14,50.0,55.0,at_station,,1.0
515,bus,15,20.0,15.0,at_station,,-1.0
515,bus,16,25.0,60.0,at_station,,1.0
515,bus,17,15.0,40.0,at_station,,-1.0
515,bus,18,50.0,35.0,at_station,,1.0
515,bus,19,40.0,15.0,at_station,,-1.0
515,bus,20,15.0,50.0,at_station,,1.0
515,bus,21,15.0,60.0,at_station,,-1.0
515,bus,22,50.0,15.0,at_station,,1.0
515,bus,23,50.0,25.0,at_station,,-1.0
516,drone,0,35.0,60.0,waiting_at_bus_station_for_delivery,191.08902066477376,
516,drone,1,35.0,60.0,waiting_at_bus_station_for_pickup_bus,252.7116205618467,
516,bus,0,25.0,60.0,at_station,,-1.0
516,bus,1,15.0,40.0,at_station,,1.0
516,bus,2,50.0,35.0,at_station,,-1.0
516,bus,3,40.0,15.0,at_station,,1.0
516,bus,4,45.0,60.0,at_station,,-1.0
516,bus,5,15.0,20.0,at_station,,1.0
516,bus,6,50.0,55.0,at_station,,-1.0
516,bus,7,20.0,15.0,at_station,,1.0
516,bus,8,65.0,60.0,at_station,,1.0
516,bus,9,15.0,0.0,at_station,,-1.0
516,bus,10,50.0,75.0,at_station,,1.0
516,bus,11,0.0,15.0,at_station,,-1.0
516,bus,12,45.0,60.0,at_station,,1.0
516,bus,13,15.0,20.0,at_station,,-1.0
516,bus,14,50.0,55.0,at_station,,1.0
516,bus,15,20.0,15.0,at_station,,-1.0
516,bus,16,25.0,60.0,at_station,,1.0
516,bus,17,15.0,40.0,at_station,,-1.0
516,bus,18,50.0,35.0,at_station,,1.0
516,bus,19,40.0,15.0,at_station,,-1.0
516,bus,20,15.0,50.0,at_station,,1.0
516,bus,21,15.0,60.0,at_station,,-1.0
516,bus,22,50.0,15.0,at_station,,1.0
516,bus,23,50.0,25.0,at_station,,-1.0
517,drone,0,35.0,60.0,waiting_at_bus_station_for_delivery,191.08902066477376,
517,drone,1,35.0,60.0,waiting_at_bus_station_for_pickup_bus,252.7116205618467,
517,bus,0,22.5,60.0,moving,,-1.0
517,bus,1,15.0,42.5,moving,,1.0
517,bus,2,50.0,32.5,moving,,-1.0
517,bus,3,42.5,15.0,moving,,1.0
517,bus,4,42.5,60.0,moving,,-1.0
517,bus,5,15.0,22.5,moving,,1.0
517,bus,6,50.0,52.5,moving,,-1.0
517,bus,7,22.5,15.0,moving,,1.0
517,bus,8,62.5,60.0,moving,,-1.0
517,bus,9,15.0,2.5,moving,,1.0
517,bus,10,50.0,72.5,moving,,-1.0
517,bus,11,2.5,15.0,moving,,1.0
517,bus,12,47.5,60.0,moving,,1.0
517,bus,13,15.0,17.5,moving,,-1.0
517,bus,14,50.0,57.5,moving,,1.0
517,bus,15,17.5,15.0,moving,,-1.0
517,bus,16,27.5,60.0,moving,,1.0
517,bus,17,15.0,37.5,moving,,-1.0
517,bus,18,50.0,37.5,moving,,1.0
517,bus,19,37.5,15.0,moving,,-1.0
517,bus,20,15.0,52.5,moving,,1.0
517,bus,21,15.0,57.5,moving,,-1.0
517,bus,22,50.0,17.5,moving,,1.0
517,bus,23,50.0,22.5,moving,,-1.0
518,drone,0,35.0,60.0,waiting_at_bus_station_for_delivery,191.08902066477376,
518,drone,1,35.0,60.0,waiting_at_bus_station_for_pickup_bus,252.7116205618467,
518,bus,0,17.5,60.0,moving,,-1.0
518,bus,1,15.0,47.5,moving,,1.0
518,bus,2,50.0,27.5,moving,,-1.0
518,bus,3,47.5,15.0,moving,,1.0
518,bus,4,37.5,60.0,moving,,-1.0
518,bus,5,15.0,27.5,moving,,1.0
518,bus,6,50.0,47.5,moving,,-1.0
518,bus,7,27.5,15.0,moving,,1.0
518,bus,8,57.5,60.0,moving,,-1.0
518,bus,9,15.0,7.5,moving,,1.0
518,bus,10,50.0,67.5,moving,,-1.0
518,bus,11,7.5,15.0,moving,,1.0
518,bus,12,52.5,60.0,moving,,1.0
518,bus,13,15.0,12.5,moving,,-1.0
518,bus,14,50.0,62.5,moving,,1.0
518,bus,15,12.5,15.0,moving,,-1.0
518,bus,16,32.5,60.0,moving,,1.0
518,bus,17,15.0,32.5,moving,,-1.0
518,bus,18,50.0,42.5,moving,,1.0
518,bus,19,32.5,15.0,moving,,-1.0
518,bus,20,15.0,57.5,moving,,1.0
518,bus,21,15.0,52.5,moving,,-1.0
518,bus,22,50.0,22.5,moving,,1.0
518,bus,23,50.0,17.5,moving,,-1.0
519,drone,0,35.0,60.0,waiting_at_bus_station_for_delivery,191.08902066477376,
519,drone,1,35.0,60.0,waiting_at_bus_station_for_pickup_bus,252.7116205618467,
519,bus,0,15.0,60.0,at_station,,-1.0
519,bus,1,15.0,50.0,at_station,,1.0
519,bus,2,50.0,25.0,at_station,,-1.0
519,bus,3,50.0,15.0,at_station,,1.0
519,bus,4,35.0,60.0,at_station,,-1.0
519,bus,5,15.0,30.0,at_station,,1.0
519,bus,6,50.0,45.0,at_station,,-1.0
519,bus,7,30.0,15.0,at_station,,1.0
519,bus,8,55.0,60.0,at_station,,-1.0
519,bus,9,15.0,10.0,at_station,,1.0
519,bus,10,50.0,65.0,at_station,,-1.0
519,bus,11,10.0,15.0,at_station,,1.0
519,bus,12,55.0,60.0,at_station,,1.0
519,bus,13,15.0,10.0,at_station,,-1.0
519,bus,14,50.0,65.0,at_station,,1.0
519,bus,15,10.0,15.0,at_station,,-1.0
519,bus,16,35.0,60.0,at_station,,1.0
519,bus,17,15.0,30.0,at_station,,-1.0
519,bus,18,50.0,45.0,at_station,,1.0
519,bus,19,30.0,15.0,at_station,,-1.0
519,bus,20,15.0,60.0,at_station,,1.0
519,bus,21,15.0,50.0,at_station,,-1.0
519,bus,22,50.0,25.0,at_station,,1.0
519,bus,23,50.0,15.0,at_station,,-1.0
520,drone,0,35.0,60.0,waiting_at_bus_station_for_delivery,191.08902066477376,
520,drone,1,35.0,60.0,waiting_at_bus_station_for_pickup_bus,252.7116205618467,
520,bus,0,15.0,60.0,at_station,,-1.0
520,bus,1,15.0,50.0,at_station,,1.0
520,bus,2,50.0,25.0,at_station,,-1.0
520,bus,3,50.0,15.0,at_station,,1.0
520,bus,4,35.0,60.0,at_station,,-1.0
520,bus,5,15.0,30.0,at_station,,1.0
520,bus,6,50.0,45.0,at_station,,-1.0
520,bus,7,30.0,15.0,at_station,,1.0
520,bus,8,55.0,60.0,at_station,,-1.0
520,bus,9,15.0,10.0,at_station,,1.0
520,bus,10,50.0,65.0,at_station,,-1.0
520,bus,11,10.0,15.0,at_station,,1.0
520,bus,12,55.0,60.0,at_station,,1.0
520,bus,13,15.0,10.0,at_station,,-1.0
520,bus,14,50.0,65.0,at_station,,1.0
520,bus,15,10.0,15.0,at_station,,-1.0
520,bus,16,35.0,60.0,at_station,,1.0
520,bus,17,15.0,30.0,at_station,,-1.0
520,bus,18,50.0,45.0,at_station,,1.0
520,bus,19,30.0,15.0,at_station,,-1.0
520,bus,20,15.0,60.0,at_station,,1.0
520,bus,21,15.0,50.0,at_station,,-1.0
520,bus,22,50.0,25.0,at_station,,1.0
520,bus,23,50.0,15.0,at_station,,-1.0
521,drone,0,35.0,60.0,waiting_at_bus_station_for_delivery,191.08902066477376,
521,drone,1,35.0,60.0,waiting_at_bus_station_for_pickup_bus,252.7116205618467,
521,bus,0,15.0,60.0,at_station,,-1.0
521,bus,1,15.0,50.0,at_station,,1.0
521,bus,2,50.0,25.0,at_station,,-1.0
521,bus,3,50.0,15.0,at_station,,1.0
521,bus,4,35.0,60.0,at_station,,-1.0
521,bus,5,15.0,30.0,at_station,,1.0
521,bus,6,50.0,45.0,at_station,,-1.0
521,bus,7,30.0,15.0,at_station,,1.0
521,bus,8,55.0,60.0,at_station,,-1.0
521,bus,9,15.0,10.0,at_station,,1.0
521,bus,10,50.0,65.0,at_station,,-1.0
521,bus,11,10.0,15.0,at_station,,1.0
521,bus,12,55.0,60.0,at_station,,1.0
521,bus,13,15.0,10.0,at_station,,-1.0
521,bus,14,50.0,65.0,at_station,,1.0
521,bus,15,10.0,15.0,at_station,,-1.0
521,bus,16,35.0,60.0,at_station,,1.0
521,bus,17,15.0,30.0,at_station,,-1.0
521,bus,18,50.0,45.0,at_station,,1.0
521,bus,19,30.0,15.0,at_station,,-1.0
521,bus,20,15.0,60.0,at_station,,1.0
521,bus,21,15.0,50.0,at_station,,-1.0
521,bus,22,50.0,25.0,at_station,,1.0
521,bus,23,50.0,15.0,at_station,,-1.0
522,drone,0,35.0,60.0,waiting_at_bus_station_for_delivery,191.08902066477376,
522,drone,1,35.0,60.0,waiting_at_bus_station_for_pickup_bus,252.7116205618467,
522,bus,0,15.0,57.5,moving,,-1.0
522,bus,1,15.0,52.5,moving,,1.0
522,bus,2,50.0,22.5,moving,,-1.0
522,bus,3,50.0,17.5,moving,,1.0
522,bus,4,32.5,60.0,moving,,-1.0
522,bus,5,15.0,32.5,moving,,1.0
522,bus,6,50.0,42.5,moving,,-1.0
522,bus,7,32.5,15.0,moving,,1.0
522,bus,8,52.5,60.0,moving,,-1.0
522,bus,9,15.0,12.5,moving,,1.0
522,bus,10,50.0,62.5,moving,,-1.0
522,bus,11,12.5,15.0,moving,,1.0
522,bus,12,57.5,60.0,moving,,1.0
522,bus,13,15.0,7.5,moving,,-1.0
522,bus,14,50.0,67.5,moving,,1.0
522,bus,15,7.5,15.0,moving,,-1.0
522,bus,16,37.5,60.0,moving,,1.0
522,bus,17,15.0,27.5,moving,,-1.0
522,bus,18,50.0,47.5,moving,,1.0
522,bus,19,27.5,15.0,moving,,-1.0
522,bus,20,17.5,60.0,moving,,1.0
522,bus,21,15.0,47.5,moving,,-1.0
522,bus,22,50.0,27.5,moving,,1.0
522,bus,23,47.5,15.0,moving,,-1.0
523,drone,0,35.0,60.0,waiting_at_bus_station_for_delivery,191.08902066477376,
523,drone,1,35.0,60.0,waiting_at_bus_station_for_pickup_bus,252.7116205618467,
523,bus,0,15.0,52.5,moving,,-1.0
523,bus,1,15.0,57.5,moving,,1.0
523,bus,2,50.0,17.5,moving,,-1.0
523,bus,3,50.0,22.5,moving,,1.0
523,bus,4,27.5,60.0,moving,,-1.0
523,bus,5,15.0,37.5,moving,,1.0
523,bus,6,50.0,37.5,moving,,-1.0
523,bus,7,37.5,15.0,moving,,1.0
523,bus,8,47.5,60.0,moving,,-1.0
523,bus,9,15.0,17.5,moving,,1.0
523,bus,10,50.0,57.5,moving,,-1.0
523,bus,11,17.5,15.0,moving,,1.0
523,bus,12,62.5,60.0,moving,,1.0
523,bus,13,15.0,2.5,moving,,-1.0
523,bus,14,50.0,72.5,moving,,1.0
523,bus,15,2.5,15.0,moving,,-1.0
523,bus,16,42.5,60.0,moving,,1.0
523,bus,17,15.0,22.5,moving,,-1.0
523,bus,18,50.0,52.5,moving,,1.0
523,bus,19,22.5,15.0,moving,,-1.0
523,bus,20,22.5,60.0,moving,,1.0
523,bus,21,15.0,42.5,moving,,-1.0
523,bus,22,50.0,32.5,moving,,1.0
523,bus,23,42.5,15.0,moving,,-1.0
524,drone,0,35.0,60.0,waiting_at_bus_station_for_delivery,191.08902066477376,
524,drone,1,35.0,60.0,waiting_at_bus_station_for_pickup_bus,252.7116205618467,
524,bus,0,15.0,50.0,at_station,,-1.0
524,bus,1,15.0,60.0,at_station,,1.0
524,bus,2,50.0,15.0,at_station,,-1.0
524,bus,3,50.0,25.0,at_station,,1.0
524,bus,4,25.0,60.0,at_station,,-1.0
524,bus,5,15.0,40.0,at_station,,1.0
524,bus,6,50.0,35.0,at_station,,-1.0
524,bus,7,40.0,15.0,at_station,,1.0
524,bus,8,45.0,60.0,at_station,,-1.0
524,bus,9,15.0,20.0,at_station,,1.0
524,bus,10,50.0,55.0,at_station,,-1.0
524,bus,11,20.0,15.0,at_station,,1.0
524,bus,12,65.0,60.0,at_station,,1.0
524,bus,13,15.0,0.0,at_station,,-1.0
524,bus,14,50.0,75.0,at_station,,1.0
524,bus,15,0.0,15.0,at_station,,-1.0
524,bus,16,45.0,60.0,at_station,,1.0
524,bus,17,15.0,20.0,at_station,,-1.0
524,bus,18,50.0,55.0,at_station,,1.0
524,bus,19,20.0,15.0,at_station,,-1.0
524,bus,20,25.0,60.0,at_station,,1.0
524,bus,21,15.0,40.0,at_station,,-1.0
524,bus,22,50.0,35.0,at_station,,1.0
524,bus,23,40.0,15.0,at_station,,-1.0
525,drone,0,35.0,60.0,waiting_at_bus_station_for_delivery,191.08902066477376,
525,drone,1,35.0,60.0,waiting_at_bus_station_for_pickup_bus,252.7116205618467,
525,bus,0,15.0,50.0,at_station,,-1.0
525,bus,1,15.0,60.0,at_station,,1.0
525,bus,2,50.0,15.0,at_station,,-1.0
525,bus,3,50.0,25.0,at_station,,1.0
525,bus,4,25.0,60.0,at_station,,-1.0
525,bus,5,15.0,40.0,at_station,,1.0
525,bus,6,50.0,35.0,at_station,,-1.0
525,bus,7,40.0,15.0,at_station,,1.0
525,bus,8,45.0,60.0,at_station,,-1.0
525,bus,9,15.0,20.0,at_station,,1.0
525,bus,10,50.0,55.0,at_station,,-1.0
525,bus,11,20.0,15.0,at_station,,1.0
525,bus,12,65.0,60.0,at_station,,1.0
525,bus,13,15.0,0.0,at_station,,-1.0
525,bus,14,50.0,75.0,at_station,,1.0
525,bus,15,0.0,15.0,at_station,,-1.0
525,bus,16,45.0,60.0,at_station,,1.0
525,bus,17,15.0,20.0,at_station,,-1.0
525,bus,18,50.0,55.0,at_station,,1.0
525,bus,19,20.0,15.0,at_station,,-1.0
525,bus,20,25.0,60.0,at_station,,1.0
525,bus,21,15.0,40.0,at_station,,-1.0
525,bus,22,50.0,35.0,at_station,,1.0
525,bus,23,40.0,15.0,at_station,,-1.0
526,drone,0,35.0,60.0,waiting_at_bus_station_for_delivery,191.08902066477376,
526,drone,1,35.0,60.0,waiting_at_bus_station_for_pickup_bus,252.7116205618467,
526,bus,0,15.0,50.0,at_station,,-1.0
526,bus,1,15.0,60.0,at_station,,1.0
526,bus,2,50.0,15.0,at_station,,-1.0
526,bus,3,50.0,25.0,at_station,,1.0
526,bus,4,25.0,60.0,at_station,,-1.0
526,bus,5,15.0,40.0,at_station,,1.0
526,bus,6,50.0,35.0,at_station,,-1.0
526,bus,7,40.0,15.0,at_station,,1.0
526,bus,8,45.0,60.0,at_station,,-1.0
526,bus,9,15.0,20.0,at_station,,1.0
526,bus,10,50.0,55.0,at_station,,-1.0
526,bus,11,20.0,15.0,at_station,,1.0
526,bus,12,65.0,60.0,at_station,,1.0
526,bus,13,15.0,0.0,at_station,,-1.0
526,bus,14,50.0,75.0,at_station,,1.0
526,bus,15,0.0,15.0,at_station,,-1.0
526,bus,16,45.0,60.0,at_station,,1.0
526,bus,17,15.0,20.0,at_station,,-1.0
526,bus,18,50.0,55.0,at_station,,1.0
526,bus,19,20.0,15.0,at_station,,-1.0
526,bus,20,25.0,60.0,at_station,,1.0
526,bus,21,15.0,40.0,at_station,,-1.0
526,bus,22,50.0,35.0,at_station,,1.0
526,bus,23,40.0,15.0,at_station,,-1.0
527,drone,0,35.0,60.0,waiting_at_bus_station_for_delivery,191.08902066477376,
527,drone,1,35.0,60.0,waiting_at_bus_station_for_pickup_bus,252.7116205618467,
527,bus,0,15.0,47.5,moving,,-1.0
527,bus,1,17.5,60.0,moving,,1.0
527,bus,2,47.5,15.0,moving,,-1.0
527,bus,3,50.0,27.5,moving,,1.0
527,bus,4,22.5,60.0,moving,,-1.0
527,bus,5,15.0,42.5,moving,,1.0
527,bus,6,50.0,32.5,moving,,-1.0
527,bus,7,42.5,15.0,moving,,1.0
527,bus,8,42.5,60.0,moving,,-1.0
527,bus,9,15.0,22.5,moving,,1.0
527,bus,10,50.0,52.5,moving,,-1.0
527,bus,11,22.5,15.0,moving,,1.0
527,bus,12,62.5,60.0,moving,,-1.0
527,bus,13,15.0,2.5,moving,,1.0
527,bus,14,50.0,72.5,moving,,-1.0
527,bus,15,2.5,15.0,moving,,1.0
527,bus,16,47.5,60.0,moving,,1.0
527,bus,17,15.0,17.5,moving,,-1.0
527,bus,18,50.0,57.5,moving,,1.0
527,bus,19,17.5,15.0,moving,,-1.0
527,bus,20,27.5,60.0,moving,,1.0
527,bus,21,15.0,37.5,moving,,-1.0
527,bus,22,50.0,37.5,moving,,1.0
527,bus,23,37.5,15.0,moving,,-1.0
528,drone,0,35.0,60.0,waiting_at_bus_station_for_delivery,191.08902066477376,
528,drone,1,35.0,60.0,waiting_at_bus_station_for_pickup_bus,252.7116205618467,
528,bus,0,15.0,42.5,moving,,-1.0
528,bus,1,22.5,60.0,moving,,1.0
528,bus,2,42.5,15.0,moving,,-1.0
528,bus,3,50.0,32.5,moving,,1.0
528,bus,4,17.5,60.0,moving,,-1.0
528,bus,5,15.0,47.5,moving,,1.0
528,bus,6,50.0,27.5,moving,,-1.0
528,bus,7,47.5,15.0,moving,,1.0
528,bus,8,37.5,60.0,moving,,-1.0
528,bus,9,15.0,27.5,moving,,1.0
528,bus,10,50.0,47.5,moving,,-1.0
528,bus,11,27.5,15.0,moving,,1.0
528,bus,12,57.5,60.0,moving,,-1.0
528,bus,13,15.0,7.5,moving,,1.0
528,bus,14,50.0,67.5,moving,,-1.0
528,bus,15,7.5,15.0,moving,,1.0
528,bus,16,52.5,60.0,moving,,1.0
528,bus,17,15.0,12.5,moving,,-1.0
528,bus,18,50.0,62.5,moving,,1.0
528,bus,19,12.5,15.0,moving,,-1.0
528,bus,20,32.5,60.0,moving,,1.0
528,bus,21,15.0,32.5,moving,,-1.0
528,bus,22,50.0,42.5,moving,,1.0
528,bus,23,32.5,15.0,moving,,-1.0
529,drone,0,35.0,60.0,waiting_at_bus_station_for_delivery,191.08902066477376,
529,drone,1,35.0,60.0,waiting_at_bus_station_for_pickup_bus,252.7116205618467,
529,bus,0,15.0,40.0,at_station,,-1.0
529,bus,1,25.0,60.0,at_station,,1.0
529,bus,2,40.0,15.0,at_station,,-1.0
529,bus,3,50.0,35.0,at_station,,1.0
529,bus,4,15.0,60.0,at_station,,-1.0
529,bus,5,15.0,50.0,at_station,,1.0
529,bus,6,50.0,25.0,at_station,,-1.0
529,bus,7,50.0,15.0,at_station,,1.0
529,bus,8,35.0,60.0,at_station,,-1.0
529,bus,9,15.0,30.0,at_station,,1.0
529,bus,10,50.0,45.0,at_station,,-1.0
529,bus,11,30.0,15.0,at_station,,1.0
529,bus,12,55.0,60.0,at_station,,-1.0
529,bus,13,15.0,10.0,at_station,,1.0
529,bus,14,50.0,65.0,at_station,,-1.0
529,bus,15,10.0,15.0,at_station,,1.0
529,bus,16,55.0,60.0,at_station,,1.0
529,bus,17,15.0,10.0,at_station,,-1.0
529,bus,18,50.0,65.0,at_station,,1.0
529,bus,19,10.0,15.0,at_station,,-1.0
529,bus,20,35.0,60.0,at_station,,1.0
529,bus,21,15.0,30.0,at_station,,-1.0
529,bus,22,50.0,45.0,at_station,,1.0
529,bus,23,30.0,15.0,at_station,,-1.0
530,drone,0,32.519305308215834,64.3412157106223,moving_to_delivery,186.08902066477376,
530,drone,1,35.0,60.0,waiting_at_bus_station_for_pickup_bus,252.7116205618467,
530,bus,0,15.0,40.0,at_station,,-1.0
530,bus,1,25.0,60.0,at_station,,1.0
530,bus,2,40.0,15.0,at_station,,-1.0
530,bus,3,50.0,35.0,at_station,,1.0
530,bus,4,15.0,60.0,at_station,,-1.0
530,bus,5,15.0,50.0,at_station,,1.0
530,bus,6,50.0,25.0,at_station,,-1.0
530,bus,7,50.0,15.0,at_station,,1.0
530,bus,8,35.0,60.0,at_station,,-1.0
530,bus,9,15.0,30.0,at_station,,1.0
530,bus,10,50.0,45.0,at_station,,-1.0
530,bus,11,30.0,15.0,at_station,,1.0
530,bus,12,55.0,60.0,at_station,,-1.0
530,bus,13,15.0,10.0,at_station,,1.0
530,bus,14,50.0,65.0,at_station,,-1.0
530,bus,15,10.0,15.0,at_station,,1.0
530,bus,16,55.0,60.0,at_station,,1.0
530,bus,17,15.0,10.0,at_station,,-1.0
530,bus,18,50.0,65.0,at_station,,1.0
530,bus,19,10.0,15.0,at_station,,-1.0
530,bus,20,35.0,60.0,at_station,,1.0
530,bus,21,15.0,30.0,at_station,,-1.0
530,bus,22,50.0,45.0,at_station,,1.0
530,bus,23,30.0,15.0,at_station,,-1.0
531,drone,0,31.0,67.0,idle,183.0267629164752,
531,drone,1,35.0,60.0,waiting_at_bus_station_for_pickup_bus,252.7116205618467,
531,bus,0,15.0,40.0,at_station,,-1.0
531,bus,1,25.0,60.0,at_station,,1.0
531,bus,2,40.0,15.0,at_station,,-1.0
531,bus,3,50.0,35.0,at_station,,1.0
531,bus,4,15.0,60.0,at_station,,-1.0
531,bus,5,15.0,50.0,at_station,,1.0
531,bus,6,50.0,25.0,at_station,,-1.0
531,bus,7,50.0,15.0,at_station,,1.0
531,bus,8,35.0,60.0,at_station,,-1.0
531,bus,9,15.0,30.0,at_station,,1.0
531,bus,10,50.0,45.0,at_station,,-1.0
531,bus,11,30.0,15.0,at_station,,1.0
531,bus,12,55.0,60.0,at_station,,-1.0
531,bus,13,15.0,10.0,at_station,,1.0
531,bus,14,50.0,65.0,at_station,,-1.0
531,bus,15,10.0,15.0,at_station,,1.0
531,bus,16,55.0,60.0,at_station,,1.0
531,bus,17,15.0,10.0,at_station,,-1.0
531,bus,18,50.0,65.0,at_station,,1.0
531,bus,19,10.0,15.0,at_station,,-1.0
531,bus,20,35.0,60.0,at_station,,1.0
531,bus,21,15.0,30.0,at_station,,-1.0
531,bus,22,50.0,45.0,at_station,,1.0
531,bus,23,30.0,15.0,at_station,,-1.0
532,drone,0,27.573176504975045,63.35900003653599,moving_to_bus_station_for_delivery,178.0267629164752,
532,drone,1,35.0,60.0,waiting_at_bus_station_for_pickup_bus,252.7116205618467,
532,bus,0,15.0,37.5,moving,,-1.0
532,bus,1,27.5,60.0,moving,,1.0
532,bus,2,37.5,15.0,moving,,-1.0
532,bus,3,50.0,37.5,moving,,1.0
532,bus,4,15.0,57.5,moving,,-1.0
532,bus,5,15.0,52.5,moving,,1.0
532,bus,6,50.0,22.5,moving,,-1.0
532,bus,7,50.0,17.5,moving,,1.0
532,bus,8,32.5,60.0,moving,,-1.0
532,bus,9,15.0,32.5,moving,,1.0
532,bus,10,50.0,42.5,moving,,-1.0
532,bus,11,32.5,15.0,moving,,1.0
532,bus,12,52.5,60.0,moving,,-1.0
532,bus,13,15.0,12.5,moving,,1.0
532,bus,14,50.0,62.5,moving,,-1.0
532,bus,15,12.5,15.0,moving,,1.0
532,bus,16,57.5,60.0,moving,,1.0
532,bus,17,15.0,7.5,moving,,-1.0
532,bus,18,50.0,67.5,moving,,1.0
532,bus,19,7.5,15.0,moving,,-1.0
532,bus,20,37.5,60.0,moving,,1.0
532,bus,21,15.0,27.5,moving,,-1.0
532,bus,22,50.0,47.5,moving,,1.0
532,bus,23,27.5,15.0,moving,,-1.0
533,drone,0,24.14635300995009,59.71800007307198,moving_to_bus_station_for_delivery,173.0267629164752,
533,drone,1,35.0,60.0,waiting_at_bus_station_for_pickup_bus,252.7116205618467,
533,bus,0,15.0,32.5,moving,,-1.0
533,bus,1,32.5,60.0,moving,,1.0
533,bus,2,32.5,15.0,moving,,-1.0
533,bus,3,50.0,42.5,moving,,1.0
533,bus,4,15.0,52.5,moving,,-1.0
533,bus,5,15.0,57.5,moving,,1.0
533,bus,6,50.0,17.5,moving,,-1.0
533,bus,7,50.0,22.5,moving,,1.0
533,bus,8,27.5,60.0,moving,,-1.0
533,bus,9,15.0,37.5,moving,,1.0
533,bus,10,50.0,37.5,moving,,-1.0
533,bus,11,37.5,15.0,moving,,1.0
533,bus,12,47.5,60.0,moving,,-1.0
533,bus,13,15.0,17.5,moving,,1.0
533,bus,14,50.0,57.5,moving,,-1.0
533,bus,15,17.5,15.0,moving,,1.0
533,bus,16,62.5,60.0,moving,,1.0
533,bus,17,15.0,2.5,moving,,-1.0
533,bus,18,50.0,72.5,moving,,1.0
533,bus,19,2.5,15.0,moving,,-1.0
533,bus,20,42.5,60.0,moving,,1.0
533,bus,21,15.0,22.5,moving,,-1.0
533,bus,22,50.0,52.5,moving,,1.0
533,bus,23,22.5,15.0,moving,,-1.0
534,drone,0,20.719529514925135,56.077000109607965,moving_to_bus_station_for_delivery,168.0267629164752,
534,drone,1,35.0,60.0,waiting_at_bus_station_for_pickup_bus,252.7116205618467,
534,bus,0,15.0,30.0,at_station,,-1.0
534,bus,1,35.0,60.0,at_station,,1.0
534,bus,2,30.0,15.0,at_station,,-1.0
534,bus,3,50.0,45.0,at_station,,1.0
534,bus,4,15.0,50.0,at_station,,-1.0
534,bus,5,15.0,60.0,at_station,,1.0
534,bus,6,50.0,15.0,at_station,,-1.0
534,bus,7,50.0,25.0,at_station,,1.0
534,bus,8,25.0,60.0,at_station,,-1.0
534,bus,9,15.0,40.0,at_station,,1.0
534,bus,10,50.0,35.0,at_station,,-1.0
534,bus,11,40.0,15.0,at_station,,1.0
534,bus,12,45.0,60.0,at_station,,-1.0
534,bus,13,15.0,20.0,at_station,,1.0
534,bus,14,50.0,55.0,at_station,,-1.0
534,bus,15,20.0,15.0,at_station,,1.0
534,bus,16,65.0,60.0,at_station,,1.0
534,bus,17,15.0,0.0,at_station,,-1.0
534,bus,18,50.0,75.0,at_station,,1.0
534,bus,19,0.0,15.0,at_station,,-1.0
534,bus,20,45.0,60.0,at_station,,1.0
534,bus,21,15.0,20.0,at_station,,-1.0
534,bus,22,50.0,55.0,at_station,,1.0
534,bus,23,20.0,15.0,at_station,,-1.0
535,drone,0,17.292706019900184,52.43600014614395,moving_to_bus_station_for_delivery,163.0267629164752,
535,drone,1,33.41886116991581,55.25658350974743,moving_to_bus_station_for_delivery,247.7116205618467,
535,bus,0,15.0,30.0,at_station,,-1.0
535,bus,1,35.0,60.0,at_station,,1.0
535,bus,2,30.0,15.0,at_station,,-1.0
535,bus,3,50.0,45.0,at_station,,1.0
535,bus,4,15.0,50.0,at_station,,-1.0
535,bus,5,15.0,60.0,at_station,,1.0
535,bus,6,50.0,15.0,at_station,,-1.0
535,bus,7,50.0,25.0,at_station,,1.0
535,bus,8,25.0,60.0,at_station,,-1.0
535,bus,9,15.0,40.0,at_station,,1.0
535,bus,10,50.0,35.0,at_station,,-1.0
535,bus,11,40.0,15.0,at_station,,1.0
535,bus,12,45.0,60.0,at_station,,-1.0
535,bus,13,15.0,20.0,at_station,,1.0
535,bus,14,50.0,55.0,at_station,,-1.0
535,bus,15,20.0,15.0,at_station,,1.0
535,bus,16,65.0,60.0,at_station,,1.0
535,bus,17,15.0,0.0,at_station,,-1.0
535,bus,18,50.0,75.0,at_station,,1.0
535,bus,19,0.0,15.0,at_station,,-1.0
535,bus,20,45.0,60.0,at_station,,1.0
535,bus,21,15.0,20.0,at_station,,-1.0
535,bus,22,50.0,55.0,at_station,,1.0
535,bus,23,20.0,15.0,at_station,,-1.0
536,drone,0,15.0,50.0,waiting_at_bus_station_for_delivery,159.6815278566177,
536,drone,1,31.83772233983162,50.51316701949486,moving_to_bus_station_for_delivery,242.7116205618467,
536,bus,0,15.0,30.0,at_station,,-1.0
536,bus,1,35.0,60.0,at_station,,1.0
536,bus,2,30.0,15.0,at_station,,-1.0
536,bus,3,50.0,45.0,at_station,,1.0
536,bus,4,15.0,50.0,at_station,,-1.0
536,bus,5,15.0,60.0,at_station,,1.0
536,bus,6,50.0,15.0,at_station,,-1.0
536,bus,7,50.0,25.0,at_station,,1.0
536,bus,8,25.0,60.0,at_station,,-1.0
536,bus,9,15.0,40.0,at_station,,1.0
536,bus,10,50.0,35.0,at_station,,-1.0
536,bus,11,40.0,15.0,at_station,,1.0
536,bus,12,45.0,60.0,at_station,,-1.0
536,bus,13,15.0,20.0,at_station,,1.0
536,bus,14,50.0,55.0,at_station,,-1.0
536,bus,15,20.0,15.0,at_station,,1.0
536,bus,16,65.0,60.0,at_station,,1.0
536,bus,17,15.0,0.0,at_station,,-1.0
536,bus,18,50.0,75.0,at_station,,1.0
536,bus,19,0.0,15.0,at_station,,-1.0
536,bus,20,45.0,60.0,at_station,,1.0
536,bus,21,15.0,20.0,at_station,,-1.0
536,bus,22,50.0,55.0,at_station,,1.0
536,bus,23,20.0,15.0,at_station,,-1.0
537,drone,0,15.0,50.0,waiting_at_bus_station_for_delivery,159.6815278566177,
537,drone,1,30.25658350974743,45.76975052924229,moving_to_bus_station_for_delivery,237.7116205618467,
537,bus,0,15.0,27.5,moving,,-1.0
537,bus,1,37.5,60.0,moving,,1.0
537,bus,2,27.5,15.0,moving,,-1.0
537,bus,3,50.0,47.5,moving,,1.0
537,bus,4,15.0,47.5,moving,,-1.0
537,bus,5,17.5,60.0,moving,,1.0
537,bus,6,47.5,15.0,moving,,-1.0
537,bus,7,50.0,27.5,moving,,1.0
537,bus,8,22.5,60.0,moving,,-1.0
537,bus,9,15.0,42.5,moving,,1.0
537,bus,10,50.0,32.5,moving,,-1.0
537,bus,11,42.5,15.0,moving,,1.0
537,bus,12,42.5,60.0,moving,,-1.0
537,bus,13,15.0,22.5,moving,,1.0
537,bus,14,50.0,52.5,moving,,-1.0
537,bus,15,22.5,15.0,moving,,1.0
537,bus,16,62.5,60.0,moving,,-1.0
537,bus,17,15.0,2.5,moving,,1.0
537,bus,18,50.0,72.5,moving,,-1.0
537,bus,19,2.5,15.0,moving,,1.0
537,bus,20,47.5,60.0,moving,,1.0
537,bus,21,15.0,17.5,moving,,-1.0
537,bus,22,50.0,57.5,moving,,1.0
537,bus,23,17.5,15.0,moving,,-1.0
538,drone,0,15.0,50.0,waiting_at_bus_station_for_delivery,159.6815278566177,
538,drone,1,28.67544467966324,41.02633403898972,moving_to_bus_station_for_delivery,232.7116205618467,
538,bus,0,15.0,22.5,moving,,-1.0
538,bus,1,42.5,60.0,moving,,1.0
538,bus,2,22.5,15.0,moving,,-1.0
538,bus,3,50.0,52.5,moving,,1.0
538,bus,4,15.0,42.5,moving,,-1.0
538,bus,5,22.5,60.0,moving,,1.0
538,bus,6,42.5,15.0,moving,,-1.0
538,bus,7,50.0,32.5,moving,,1.0
538,bus,8,17.5,60.0,moving,,-1.0
538,bus,9,15.0,47.5,moving,,1.0
538,bus,10,50.0,27.5,moving,,-1.0
538,bus,11,47.5,15.0,moving,,1.0
538,bus,12,37.5,60.0,moving,,-1.0
538,bus,13,15.0,27.5,moving,,1.0
538,bus,14,50.0,47.5,moving,,-1.0
538,bus,15,27.5,15.0,moving,,1.0
538,bus,16,57.5,60.0,moving,,-1.0
538,bus,17,15.0,7.5,moving,,1.0
538,bus,18,50.0,67.5,moving,,-1.0
538,bus,19,7.5,15.0,moving,,1.0
538,bus,20,52.5,60.0,moving,,1.0
538,bus,21,15.0,12.5,moving,,-1.0
538,bus,22,50.0,62.5,moving,,1.0
538,bus,23,12.5,15.0,moving,,-1.0
539,drone,0,15.0,50.0,waiting_at_bus_station_for_delivery,159.6815278566177,
539,drone,1,27.09430584957905,36.282917548737146,moving_to_bus_station_for_delivery,227.7116205618467,
539,bus,0,15.0,20.0,at_station,,-1.0
539,bus,1,45.0,60.0,at_station,,1.0
539,bus,2,20.0,15.0,at_station,,-1.0
539,bus,3,50.0,55.0,at_station,,1.0
539,bus,4,15.0,40.0,at_station,,-1.0
539,bus,5,25.0,60.0,at_station,,1.0
539,bus,6,40.0,15.0,at_station,,-1.0
539,bus,7,50.0,35.0,at_station,,1.0
539,bus,8,15.0,60.0,at_station,,-1.0
539,bus,9,15.0,50.0,at_station,,1.0
539,bus,10,50.0,25.0,at_station,,-1.0
539,bus,11,50.0,15.0,at_station,,1.0
539,bus,12,35.0,60.0,at_station,,-1.0
539,bus,13,15.0,30.0,at_station,,1.0
539,bus,14,50.0,45.0,at_station,,-1.0
539,bus,15,30.0,15.0,at_station,,1.0
539,bus,16,55.0,60.0,at_station,,-1.0
539,bus,17,15.0,10.0,at_station,,1.0
539,bus,18,50.0,65.0,at_station,,-1.0
539,bus,19,10.0,15.0,at_station,,1.0
539,bus,20,55.0,60.0,at_station,,1.0
539,bus,21,15.0,10.0,at_station,,-1.0
539,bus,22,50.0,65.0,at_station,,1.0
539,bus,23,10.0,15.0,at_station,,-1.0
540,drone,0,15.0,50.0,waiting_at_bus_station_for_delivery,159.6815278566177,
540,drone,1,25.513167019494862,31.53950105848458,moving_to_bus_station_for_delivery,222.7116205618467,
540,bus,0,15.0,20.0,at_station,,-1.0
540,bus,1,45.0,60.0,at_station,,1.0
540,bus,2,20.0,15.0,at_station,,-1.0
540,bus,3,50.0,55.0,at_station,,1.0
540,bus,4,15.0,40.0,at_station,,-1.0
540,bus,5,25.0,60.0,at_station,,1.0
540,bus,6,40.0,15.0,at_station,,-1.0
540,bus,7,50.0,35.0,at_station,,1.0
540,bus,8,15.0,60.0,at_station,,-1.0
540,bus,9,15.0,50.0,at_station,,1.0
540,bus,10,50.0,25.0,at_station,,-1.0
540,bus,11,50.0,15.0,at_station,,1.0
540,bus,12,35.0,60.0,at_station,,-1.0
540,bus,13,15.0,30.0,at_station,,1.0
540,bus,14,50.0,45.0,at_station,,-1.0
540,bus,15,30.0,15.0,at_station,,1.0
540,bus,16,55.0,60.0,at_station,,-1.0
540,bus,17,15.0,10.0,at_station,,1.0
540,bus,18,50.0,65.0,at_station,,-1.0
540,bus,19,10.0,15.0,at_station,,1.0
540,bus,20,55.0,60.0,at_station,,1.0
540,bus,21,15.0,10.0,at_station,,-1.0
540,bus,22,50.0,65.0,at_station,,1.0
540,bus,23,10.0,15.0,at_station,,-1.0
541,drone,0,15.0,50.0,waiting_at_bus_station_for_delivery,159.6815278566177,
541,drone,1,23.932028189410673,26.79608456823201,moving_to_bus_station_for_delivery,217.7116205618467,
541,bus,0,15.0,20.0,at_station,,-1.0
541,bus,1,45.0,60.0,at_station,,1.0
541,bus,2,20.0,15.0,at_station,,-1.0
541,bus,3,50.0,55.0,at_station,,1.0
541,bus,4,15.0,40.0,at_station,,-1.0
541,bus,5,25.0,60.0,at_station,,1.0
541,bus,6,40.0,15.0,at_station,,-1.0
541,bus,7,50.0,35.0,at_station,,1.0
541,bus,8,15.0,60.0,at_station,,-1.0
541,bus,9,15.0,50.0,at_station,,1.0
541,bus,10,50.0,25.0,at_station,,-1.0
541,bus,11,50.0,15.0,at_station,,1.0
541,bus,12,35.0,60.0,at_station,,-1.0
541,bus,13,15.0,30.0,at_station,,1.0
541,bus,14,50.0,45.0,at_station,,-1.0
541,bus,15,30.0,15.0,at_station,,1.0
541,bus,16,55.0,60.0,at_station,,-1.0
541,bus,17,15.0,10.0,at_station,,1.0
541,bus,18,50.0,65.0,at_station,,-1.0
541,bus,19,10.0,15.0,at_station,,1.0
541,bus,20,55.0,60.0,at_station,,1.0
541,bus,21,15.0,10.0,at_station,,-1.0
541,bus,22,50.0,65.0,at_station,,1.0
541,bus,23,10.0,15.0,at_station,,-1.0
542,drone,0,15.0,50.0,waiting_at_bus_station_for_delivery,159.6815278566177,
542,drone,1,22.350889359326484,22.052668077979444,moving_to_bus_station_for_delivery,212.7116205618467,
542,bus,0,15.0,17.5,moving,,-1.0
542,bus,1,47.5,60.0,moving,,1.0
542,bus,2,17.5,15.0,moving,,-1.0
542,bus,3,50.0,57.5,moving,,1.0
542,bus,4,15.0,37.5,moving,,-1.0
542,bus,5,27.5,60.0,moving,,1.0
542,bus,6,37.5,15.0,moving,,-1.0
542,bus,7,50.0,37.5,moving,,1.0
542,bus,8,15.0,57.5,moving,,-1.0
542,bus,9,15.0,52.5,moving,,1.0
542,bus,10,50.0,22.5,moving,,-1.0
542,bus,11,50.0,17.5,moving,,1.0
542,bus,12,32.5,60.0,moving,,-1.0
542,bus,13,15.0,32.5,moving,,1.0
542,bus,14,50.0,42.5,moving,,-1.0
542,bus,15,32.5,15.0,moving,,1.0
542,bus,16,52.5,60.0,moving,,-1.0
542,bus,17,15.0,12.5,moving,,1.0
542,bus,18,50.0,62.5,moving,,-1.0
542,bus,19,12.5,15.0,moving,,1.0
542,bus,20,57.5,60.0,moving,,1.0
542,bus,21,15.0,7.5,moving,,-1.0
542,bus,22,50.0,67.5,moving,,1.0
542,bus,23,7.5,15.0,moving,,-1.0
543,drone,0,15.0,50.0,waiting_at_bus_station_for_delivery,159.6815278566177,
543,drone,1,20.76975052924229,17.309251587726877,moving_to_bus_station_for_delivery,207.7116205618467,
543,bus,0,15.0,12.5,moving,,-1.0
543,bus,1,52.5,60.0,moving,,1.0
543,bus,2,12.5,15.0,moving,,-1.0
543,bus,3,50.0,62.5,moving,,1.0
543,bus,4,15.0,32.5,moving,,-1.0
543,bus,5,32.5,60.0,moving,,1.0
543,bus,6,32.5,15.0,moving,,-1.0
543,bus,7,50.0,42.5,moving,,1.0
543,bus,8,15.0,52.5,moving,,-1.0
543,bus,9,15.0,57.5,moving,,1.0
543,bus,10,50.0,17.5,moving,,-1.0
543,bus,11,50.0,22.5,moving,,1.0
543,bus,12,27.5,60.0,moving,,-1.0
543,bus,13,15.0,37.5,moving,,1.0
543,bus,14,50.0,37.5,moving,,-1.0
543,bus,15,37.5,15.0,moving,,1.0
543,bus,16,47.5,60.0,moving,,-1.0
543,bus,17,15.0,17.5,moving,,1.0
543,bus,18,50.0,57.5,moving,,-1.0
543,bus,19,17.5,15.0,moving,,1.0
543,bus,20,62.5,60.0,moving,,1.0
543,bus,21,15.0,2.5,moving,,-1.0
543,bus,22,50.0,72.5,moving,,1.0
543,bus,23,2.5,15.0,moving,,-1.0
544,drone,0,15.0,50.0,waiting_at_bus_station_for_delivery,159.6815278566177,
544,drone,1,20.0,15.0,waiting_at_bus_station_for_delivery,205.27745565932102,
544,bus,0,15.0,10.0,at_station,,-1.0
544,bus,1,55.0,60.0,at_station,,1.0
544,bus,2,10.0,15.0,at_station,,-1.0
544,bus,3,50.0,65.0,at_station,,1.0
544,bus,4,15.0,30.0,at_station,,-1.0
544,bus,5,35.0,60.0,at_station,,1.0
544,bus,6,30.0,15.0,at_station,,-1.0
544,bus,7,50.0,45.0,at_station,,1.0
544,bus,8,15.0,50.0,at_station,,-1.0
544,bus,9,15.0,60.0,at_station,,1.0
544,bus,10,50.0,15.0,at_station,,-1.0
544,bus,11,50.0,25.0,at_station,,1.0
544,bus,12,25.0,60.0,at_station,,-1.0
544,bus,13,15.0,40.0,at_station,,1.0
544,bus,14,50.0,35.0,at_station,,-1.0
544,bus,15,40.0,15.0,at_station,,1.0
544,bus,16,45.0,60.0,at_station,,-1.0
544,bus,17,15.0,20.0,at_station,,1.0
544,bus,18,50.0,55.0,at_station,,-1.0
544,bus,19,20.0,15.0,at_station,,1.0
544,bus,20,65.0,60.0,at_station,,1.0
544,bus,21,15.0,0.0,at_station,,-1.0
544,bus,22,50.0,75.0,at_station,,1.0
544,bus,23,0.0,15.0,at_station,,-1.0
545,drone,0,15.0,50.0,waiting_at_bus_station_for_delivery,159.6815278566177,
545,drone,1,20.0,15.0,waiting_at_bus_station_for_delivery,205.27745565932102,
545,bus,0,15.0,10.0,at_station,,-1.0
545,bus,1,55.0,60.0,at_station,,1.0
545,bus,2,10.0,15.0,at_station,,-1.0
545,bus,3,50.0,65.0,at_station,,1.0
545,bus,4,15.0,30.0,at_station,,-1.0
545,bus,5,35.0,60.0,at_station,,1.0
545,bus,6,30.0,15.0,at_station,,-1.0
545,bus,7,50.0,45.0,at_station,,1.0
545,bus,8,15.0,50.0,at_station,,-1.0
545,bus,9,15.0,60.0,at_station,,1.0
545,bus,10,50.0,15.0,at_station,,-1.0
545,bus,11,50.0,25.0,at_station,,1.0
545,bus,12,25.0,60.0,at_station,,-1.0
545,bus,13,15.0,40.0,at_station,,1.0
545,bus,14,50.0,35.0,at_station,,-1.0
545,bus,15,40.0,15.0,at_station,,1.0
545,bus,16,45.0,60.0,at_station,,-1.0
545,bus,17,15.0,20.0,at_station,,1.0
545,bus,18,50.0,55.0,at_station,,-1.0
545,bus,19,20.0,15.0,at_station,,1.0
545,bus,20,65.0,60.0,at_station,,1.0
545,bus,21,15.0,0.0,at_station,,-1.0
545,bus,22,50.0,75.0,at_station,,1.0
545,bus,23,0.0,15.0,at_station,,-1.0
546,drone,0,15.0,50.0,waiting_at_bus_station_for_delivery,159.6815278566177,
546,drone,1,20.0,15.0,waiting_at_bus_station_for_delivery,205.27745565932102,
546,bus,0,15.0,10.0,at_station,,-1.0
546,bus,1,55.0,60.0,at_station,,1.0
546,bus,2,10.0,15.0,at_station,,-1.0
546,bus,3,50.0,65.0,at_station,,1.0
546,bus,4,15.0,30.0,at_station,,-1.0
546,bus,5,35.0,60.0,at_station,,1.0
546,bus,6,30.0,15.0,at_station,,-1.0
546,bus,7,50.0,45.0,at_station,,1.0
546,bus,8,15.0,50.0,at_station,,-1.0
546,bus,9,15.0,60.0,at_station,,1.0
546,bus,10,50.0,15.0,at_station,,-1.0
546,bus,11,50.0,25.0,at_station,,1.0
546,bus,12,25.0,60.0,at_station,,-1.0
546,bus,13,15.0,40.0,at_station,,1.0
546,bus,14,50.0,35.0,at_station,,-1.0
546,bus,15,40.0,15.0,at_station,,1.0
546,bus,16,45.0,60.0,at_station,,-1.0
546,bus,17,15.0,20.0,at_station,,1.0
546,bus,18,50.0,55.0,at_station,,-1.0
546,bus,19,20.0,15.0,at_station,,1.0
546,bus,20,65.0,60.0,at_station,,1.0
546,bus,21,15.0,0.0,at_station,,-1.0
546,bus,22,50.0,75.0,at_station,,1.0
546,bus,23,0.0,15.0,at_station,,-1.0
547,drone,0,15.0,50.0,waiting_at_bus_station_for_delivery,159.6815278566177,
547,drone,1,20.0,15.0,waiting_at_bus_station_for_delivery,205.27745565932102,
547,bus,0,15.0,7.5,moving,,-1.0
547,bus,1,57.5,60.0,moving,,1.0
547,bus,2,7.5,15.0,moving,,-1.0
547,bus,3,50.0,67.5,moving,,1.0
547,bus,4,15.0,27.5,moving,,-1.0
547,bus,5,37.5,60.0,moving,,1.0
547,bus,6,27.5,15.0,moving,,-1.0
547,bus,7,50.0,47.5,moving,,1.0
547,bus,8,15.0,47.5,moving,,-1.0
547,bus,9,17.5,60.0,moving,,1.0
547,bus,10,47.5,15.0,moving,,-1.0
547,bus,11,50.0,27.5,moving,,1.0
547,bus,12,22.5,60.0,moving,,-1.0
547,bus,13,15.0,42.5,moving,,1.0
547,bus,14,50.0,32.5,moving,,-1.0
547,bus,15,42.5,15.0,moving,,1.0
547,bus,16,42.5,60.0,moving,,-1.0
547,bus,17,15.0,22.5,moving,,1.0
547,bus,18,50.0,52.5,moving,,-1.0
547,bus,19,22.5,15.0,moving,,1.0
547,bus,20,62.5,60.0,moving,,-1.0
547,bus,21,15.0,2.5,moving,,1.0
547,bus,22,50.0,72.5,moving,,-1.0
547,bus,23,2.5,15.0,moving,,1.0
548,drone,0,15.0,50.0,waiting_at_bus_station_for_delivery,159.6815278566177,
548,drone,1,20.0,15.0,waiting_at_bus_station_for_delivery,205.27745565932102,
548,bus,0,15.0,2.5,moving,,-1.0
548,bus,1,62.5,60.0,moving,,1.0
548,bus,2,2.5,15.0,moving,,-1.0
548,bus,3,50.0,72.5,moving,,1.0
548,bus,4,15.0,22.5,moving,,-1.0
548,bus,5,42.5,60.0,moving,,1.0
548,bus,6,22.5,15.0,moving,,-1.0
548,bus,7,50.0,52.5,moving,,1.0
548,bus,8,15.0,42.5,moving,,-1.0
548,bus,9,22.5,60.0,moving,,1.0
548,bus,10,42.5,15.0,moving,,-1.0
548,bus,11,50.0,32.5,moving,,1.0
548,bus,12,17.5,60.0,moving,,-1.0
548,bus,13,15.0,47.5,moving,,1.0
548,bus,14,50.0,27.5,moving,,-1.0
548,bus,15,47.5,15.0,moving,,1.0
548,bus,16,37.5,60.0,moving,,-1.0
548,bus,17,15.0,27.5,moving,,1.0
548,bus,18,50.0,47.5,moving,,-1.0
548,bus,19,27.5,15.0,moving,,1.0
548,bus,20,57.5,60.0,moving,,-1.0
548,bus,21,15.0,7.5,moving,,1.0
548,bus,22,50.0,67.5,moving,,-1.0
548,bus,23,7.5,15.0,moving,,1.0
549,drone,0,15.0,50.0,waiting_at_bus_station_for_delivery,159.6815278566177,
549,drone,1,20.0,15.0,waiting_at_bus_station_for_delivery,205.27745565932102,
549,bus,0,15.0,0.0,at_station,,-1.0
549,bus,1,65.0,60.0,at_station,,1.0
549,bus,2,0.0,15.0,at_station,,-1.0
549,bus,3,50.0,75.0,at_station,,1.0
549,bus,4,15.0,20.0,at_station,,-1.0
549,bus,5,45.0,60.0,at_station,,1.0
549,bus,6,20.0,15.0,at_station,,-1.0
549,bus,7,50.0,55.0,at_station,,1.0
549,bus,8,15.0,40.0,at_station,,-1.0
549,bus,9,25.0,60.0,at_station,,1.0
549,bus,10,40.0,15.0,at_station,,-1.0
549,bus,11,50.0,35.0,at_station,,1.0
549,bus,12,15.0,60.0,at_station,,-1.0
549,bus,13,15.0,50.0,at_station,,1.0
549,bus,14,50.0,25.0,at_station,,-1.0
549,bus,15,50.0,15.0,at_station,,1.0
549,bus,16,35.0,60.0,at_station,,-1.0
549,bus,17,15.0,30.0,at_station,,1.0
549,bus,18,50.0,45.0,at_station,,-1.0
549,bus,19,30.0,15.0,at_station,,1.0
549,bus,20,55.0,60.0,at_station,,-1.0
549,bus,21,15.0,10.0,at_station,,1.0
549,bus,22,50.0,65.0,at_station,,-1.0
549,bus,23,10.0,15.0,at_station,,1.0
550,drone,0,15.0,50.0,waiting_at_bus_station_for_delivery,159.6815278566177,
550,drone,1,20.0,15.0,waiting_at_bus_station_for_delivery,205.27745565932102,
550,bus,0,15.0,0.0,at_station,,-1.0
550,bus,1,65.0,60.0,at_station,,1.0
550,bus,2,0.0,15.0,at_station,,-1.0
550,bus,3,50.0,75.0,at_station,,1.0
550,bus,4,15.0,20.0,at_station,,-1.0
550,bus,5,45.0,60.0,at_station,,1.0
550,bus,6,20.0,15.0,at_station,,-1.0
550,bus,7,50.0,55.0,at_station,,1.0
550,bus,8,15.0,40.0,at_station,,-1.0
550,bus,9,25.0,60.0,at_station,,1.0
550,bus,10,40.0,15.0,at_station,,-1.0
550,bus,11,50.0,35.0,at_station,,1.0
550,bus,12,15.0,60.0,at_station,,-1.0
550,bus,13,15.0,50.0,at_station,,1.0
550,bus,14,50.0,25.0,at_station,,-1.0
550,bus,15,50.0,15.0,at_station,,1.0
550,bus,16,35.0,60.0,at_station,,-1.0
550,bus,17,15.0,30.0,at_station,,1.0
550,bus,18,50.0,45.0,at_station,,-1.0
550,bus,19,30.0,15.0,at_station,,1.0
550,bus,20,55.0,60.0,at_station,,-1.0
550,bus,21,15.0,10.0,at_station,,1.0
550,bus,22,50.0,65.0,at_station,,-1.0
550,bus,23,10.0,15.0,at_station,,1.0
551,drone,0,15.0,50.0,waiting_at_bus_station_for_delivery,159.6815278566177,
551,drone,1,20.0,15.0,waiting_at_bus_station_for_delivery,205.27745565932102,
551,bus,0,15.0,0.0,at_station,,-1.0
551,bus,1,65.0,60.0,at_station,,1.0
551,bus,2,0.0,15.0,at_station,,-1.0
551,bus,3,50.0,75.0,at_station,,1.0
551,bus,4,15.0,20.0,at_station,,-1.0
551,bus,5,45.0,60.0,at_station,,1.0
551,bus,6,20.0,15.0,at_station,,-1.0
551,bus,7,50.0,55.0,at_station,,1.0
551,bus,8,15.0,40.0,at_station,,-1.0
551,bus,9,25.0,60.0,at_station,,1.0
551,bus,10,40.0,15.0,at_station,,-1.0
551,bus,11,50.0,35.0,at_station,,1.0
551,bus,12,15.0,60.0,at_station,,-1.0
551,bus,13,15.0,50.0,at_station,,1.0
551,bus,14,50.0,25.0,at_station,,-1.0
551,bus,15,50.0,15.0,at_station,,1.0
551,bus,16,35.0,60.0,at_station,,-1.0
551,bus,17,15.0,30.0,at_station,,1.0
551,bus,18,50.0,45.0,at_station,,-1.0
551,bus,19,30.0,15.0,at_station,,1.0
551,bus,20,55.0,60.0,at_station,,-1.0
551,bus,21,15.0,10.0,at_station,,1.0
551,bus,22,50.0,65.0,at_station,,-1.0
551,bus,23,10.0,15.0,at_station,,1.0
552,drone,0,15.0,50.0,waiting_at_bus_station_for_delivery,159.6815278566177,
552,drone,1,20.0,15.0,waiting_at_bus_station_for_delivery,205.27745565932102,
552,bus,0,15.0,2.5,moving,,1.0
552,bus,1,62.5,60.0,moving,,-1.0
552,bus,2,2.5,15.0,moving,,1.0
552,bus,3,50.0,72.5,moving,,-1.0
552,bus,4,15.0,17.5,moving,,-1.0
552,bus,5,47.5,60.0,moving,,1.0
552,bus,6,17.5,15.0,moving,,-1.0
552,bus,7,50.0,57.5,moving,,1.0
552,bus,8,15.0,37.5,moving,,-1.0
552,bus,9,27.5,60.0,moving,,1.0
552,bus,10,37.5,15.0,moving,,-1.0
552,bus,11,50.0,37.5,moving,,1.0
552,bus,12,15.0,57.5,moving,,-1.0
552,bus,13,15.0,52.5,moving,,1.0
552,bus,14,50.0,22.5,moving,,-1.0
552,bus,15,50.0,17.5,moving,,1.0
552,bus,16,32.5,60.0,moving,,-1.0
552,bus,17,15.0,32.5,moving,,1.0
552,bus,18,50.0,42.5,moving,,-1.0
552,bus,19,32.5,15.0,moving,,1.0
552,bus,20,52.5,60.0,moving,,-1.0
552,bus,21,15.0,12.5,moving,,1.0
552,bus,22,50.0,62.5,moving,,-1.0
552,bus,23,12.5,15.0,moving,,1.0
553,drone,0,15.0,50.0,waiting_at_bus_station_for_delivery,159.6815278566177,
553,drone,1,20.0,15.0,waiting_at_bus_station_for_delivery,205.27745565932102,
553,bus,0,15.0,7.5,moving,,1.0
553,bus,1,57.5,60.0,moving,,-1.0
553,bus,2,7.5,15.0,moving,,1.0
553,bus,3,50.0,67.5,moving,,-1.0
553,bus,4,15.0,12.5,moving,,-1.0
553,bus,5,52.5,60.0,moving,,1.0
553,bus,6,12.5,15.0,moving,,-1.0
553,bus,7,50.0,62.5,moving,,1.0
553,bus,8,15.0,32.5,moving,,-1.0
553,bus,9,32.5,60.0,moving,,1.0
553,bus,10,32.5,15.0,moving,,-1.0
553,bus,11,50.0,42.5,moving,,1.0
553,bus,12,15.0,52.5,moving,,-1.0
553,bus,13,15.0,57.5,moving,,1.0
553,bus,14,50.0,17.5,moving,,-1.0
553,bus,15,50.0,22.5,moving,,1.0
553,bus,16,27.5,60.0,moving,,-1.0
553,bus,17,15.0,37.5,moving,,1.0
553,bus,18,50.0,37.5,moving,,-1.0
553,bus,19,37.5,15.0,moving,,1.0
553,bus,20,47.5,60.0,moving,,-1.0
553,bus,21,15.0,17.5,moving,,1.0
553,bus,22,50.0,57.5,moving,,-1.0
553,bus,23,17.5,15.0,moving,,1.0
554,drone,0,15.0,50.0,waiting_at_bus_station_for_delivery,159.6815278566177,
554,drone,1,20.0,15.0,waiting_at_bus_station_for_delivery,205.27745565932102,
554,bus,0,15.0,10.0,at_station,,1.0
554,bus,1,55.0,60.0,at_station,,-1.0
554,bus,2,10.0,15.0,at_station,,1.0
554,bus,3,50.0,65.0,at_station,,-1.0
554,bus,4,15.0,10.0,at_station,,-1.0
554,bus,5,55.0,60.0,at_station,,1.0
554,bus,6,10.0,15.0,at_station,,-1.0
554,bus,7,50.0,65.0,at_station,,1.0
554,bus,8,15.0,30.0,at_station,,-1.0
554,bus,9,35.0,60.0,at_station,,1.0
554,bus,10,30.0,15.0,at_station,,-1.0
554,bus,11,50.0,45.0,at_station,,1.0
554,bus,12,15.0,50.0,at_station,,-1.0
554,bus,13,15.0,60.0,at_station,,1.0
554,bus,14,50.0,15.0,at_station,,-1.0
554,bus,15,50.0,25.0,at_station,,1.0
554,bus,16,25.0,60.0,at_station,,-1.0
554,bus,17,15.0,40.0,at_station,,1.0
554,bus,18,50.0,35.0,at_station,,-1.0
554,bus,19,40.0,15.0,at_station,,1.0
554,bus,20,45.0,60.0,at_station,,-1.0
554,bus,21,15.0,20.0,at_station,,1.0
554,bus,22,50.0,55.0,at_station,,-1.0
554,bus,23,20.0,15.0,at_station,,1.0
555,drone,0,20.0,50.0,idle,154.6815278566177,
555,drone,1,20.0,15.0,waiting_at_bus_station_for_delivery,205.27745565932102,
555,bus,0,15.0,10.0,at_station,,1.0
555,bus,1,55.0,60.0,at_station,,-1.0
555,bus,2,10.0,15.0,at_station,,1.0
555,bus,3,50.0,65.0,at_station,,-1.0
555,bus,4,15.0,10.0,at_station,,-1.0
555,bus,5,55.0,60.0,at_station,,1.0
555,bus,6,10.0,15.0,at_station,,-1.0
555,bus,7,50.0,65.0,at_station,,1.0
555,bus,8,15.0,30.0,at_station,,-1.0
555,bus,9,35.0,60.0,at_station,,1.0
555,bus,10,30.0,15.0,at_station,,-1.0
555,bus,11,50.0,45.0,at_station,,1.0
555,bus,12,15.0,50.0,at_station,,-1.0
555,bus,13,15.0,60.0,at_station,,1.0
555,bus,14,50.0,15.0,at_station,,-1.0
555,bus,15,50.0,25.0,at_station,,1.0
555,bus,16,25.0,60.0,at_station,,-1.0
555,bus,17,15.0,40.0,at_station,,1.0
555,bus,18,50.0,35.0,at_station,,-1.0
555,bus,19,40.0,15.0,at_station,,1.0
555,bus,20,45.0,60.0,at_station,,-1.0
555,bus,21,15.0,20.0,at_station,,1.0
555,bus,22,50.0,55.0,at_station,,-1.0
555,bus,23,20.0,15.0,at_station,,1.0
556,drone,0,17.76393202250021,54.47213595499958,moving_to_bus_station_for_delivery,149.6815278566177,
556,drone,1,20.0,15.0,waiting_at_bus_station_for_delivery,205.27745565932102,
556,bus,0,15.0,10.0,at_station,,1.0
556,bus,1,55.0,60.0,at_station,,-1.0
556,bus,2,10.0,15.0,at_station,,1.0
556,bus,3,50.0,65.0,at_station,,-1.0
556,bus,4,15.0,10.0,at_station,,-1.0
556,bus,5,55.0,60.0,at_station,,1.0
556,bus,6,10.0,15.0,at_station,,-1.0
556,bus,7,50.0,65.0,at_station,,1.0
556,bus,8,15.0,30.0,at_station,,-1.0
556,bus,9,35.0,60.0,at_station,,1.0
556,bus,10,30.0,15.0,at_station,,-1.0
556,bus,11,50.0,45.0,at_station,,1.0
556,bus,12,15.0,50.0,at_station,,-1.0
556,bus,13,15.0,60.0,at_station,,1.0
556,bus,14,50.0,15.0,at_station,,-1.0
556,bus,15,50.0,25.0,at_station,,1.0
556,bus,16,25.0,60.0,at_station,,-1.0
556,bus,17,15.0,40.0,at_station,,1.0
556,bus,18,50.0,35.0,at_station,,-1.0
556,bus,19,40.0,15.0,at_station,,1.0
556,bus,20,45.0,60.0,at_station,,-1.0
556,bus,21,15.0,20.0,at_station,,1.0
556,bus,22,50.0,55.0,at_station,,-1.0
556,bus,23,20.0,15.0,at_station,,1.0
557,drone,0,15.52786404500042,58.94427190999916,moving_to_bus_station_for_delivery,144.6815278566177,
557,drone,1,20.0,15.0,waiting_at_bus_station_for_delivery,205.27745565932102,
557,bus,0,15.0,12.5,moving,,1.0
557,bus,1,52.5,60.0,moving,,-1.0
557,bus,2,12.5,15.0,moving,,1.0
557,bus,3,50.0,62.5,moving,,-1.0
557,bus,4,15.0,7.5,moving,,-1.0
557,bus,5,57.5,60.0,moving,,1.0
557,bus,6,7.5,15.0,moving,,-1.0
557,bus,7,50.0,67.5,moving,,1.0
557,bus,8,15.0,27.5,moving,,-1.0
557,bus,9,37.5,60.0,moving,,1.0
557,bus,10,27.5,15.0,moving,,-1.0
557,bus,11,50.0,47.5,moving,,1.0
557,bus,12,15.0,47.5,moving,,-1.0
557,bus,13,17.5,60.0,moving,,1.0
557,bus,14,47.5,15.0,moving,,-1.0
557,bus,15,50.0,27.5,moving,,1.0
557,bus,16,22.5,60.0,moving,,-1.0
557,bus,17,15.0,42.5,moving,,1.0
557,bus,18,50.0,32.5,moving,,-1.0
557,bus,19,42.5,15.0,moving,,1.0
557,bus,20,42.5,60.0,moving,,-1.0
557,bus,21,15.0,22.5,moving,,1.0
557,bus,22,50.0,52.5,moving,,-1.0
557,bus,23,22.5,15.0,moving,,1.0
558,drone,0,15.0,60.0,waiting_at_bus_station_for_delivery,143.50118796911875,
558,drone,1,20.0,15.0,waiting_at_bus_station_for_delivery,205.27745565932102,
558,bus,0,15.0,17.5,moving,,1.0
558,bus,1,47.5,60.0,moving,,-1.0
558,bus,2,17.5,15.0,moving,,1.0
558,bus,3,50.0,57.5,moving,,-1.0
558,bus,4,15.0,2.5,moving,,-1.0
558,bus,5,62.5,60.0,moving,,1.0
558,bus,6,2.5,15.0,moving,,-1.0
558,bus,7,50.0,72.5,moving,,1.0
558,bus,8,15.0,22.5,moving,,-1.0
558,bus,9,42.5,60.0,moving,,1.0
558,bus,10,22.5,15.0,moving,,-1.0
558,bus,11,50.0,52.5,moving,,1.0
558,bus,12,15.0,42.5,moving,,-1.0
558,bus,13,22.5,60.0,moving,,1.0
558,bus,14,42.5,15.0,moving,,-1.0
558,bus,15,50.0,32.5,moving,,1.0
558,bus,16,17.5,60.0,moving,,-1.0
558,bus,17,15.0,47.5,moving,,1.0
558,bus,18,50.0,27.5,moving,,-1.0
558,bus,19,47.5,15.0,moving,,1.0
558,bus,20,37.5,60.0,moving,,-1.0
558,bus,21,15.0,27.5,moving,,1.0
558,bus,22,50.0,47.5,moving,,-1.0
558,bus,23,27.5,15.0,moving,,1.0
559,drone,0,15.0,60.0,waiting_at_bus_station_for_delivery,143.50118796911875,
559,drone,1,20.0,15.0,waiting_at_bus_station_for_delivery,205.27745565932102,
559,bus,0,15.0,20.0,at_station,,1.0
559,bus,1,45.0,60.0,at_station,,-1.0
559,bus,2,20.0,15.0,at_station,,1.0
559,bus,3,50.0,55.0,at_station,,-1.0
559,bus,4,15.0,0.0,at_station,,-1.0
559,bus,5,65.0,60.0,at_station,,1.0
559,bus,6,0.0,15.0,at_station,,-1.0
559,bus,7,50.0,75.0,at_station,,1.0
559,bus,8,15.0,20.0,at_station,,-1.0
559,bus,9,45.0,60.0,at_station,,1.0
559,bus,10,20.0,15.0,at_station,,-1.0
559,bus,11,50.0,55.0,at_station,,1.0
559,bus,12,15.0,40.0,at_station,,-1.0
559,bus,13,25.0,60.0,at_station,,1.0
559,bus,14,40.0,15.0,at_station,,-1.0
559,bus,15,50.0,35.0,at_station,,1.0
559,bus,16,15.0,60.0,at_station,,-1.0
559,bus,17,15.0,50.0,at_station,,1.0
559,bus,18,50.0,25.0,at_station,,-1.0
559,bus,19,50.0,15.0,at_station,,1.0
559,bus,20,35.0,60.0,at_station,,-1.0
559,bus,21,15.0,30.0,at_station,,1.0
559,bus,22,50.0,45.0,at_station,,-1.0
559,bus,23,30.0,15.0,at_station,,1.0
560,drone,0,10.658784289377703,57.519305308215834,moving_to_delivery,138.50118796911875,
560,drone,1,20.0,15.0,waiting_at_bus_station_for_delivery,205.27745565932102,
560,bus,0,15.0,20.0,at_station,,1.0
560,bus,1,45.0,60.0,at_station,,-1.0
560,bus,2,20.0,15.0,at_station,,1.0
560,bus,3,50.0,55.0,at_station,,-1.0
560,bus,4,15.0,0.0,at_station,,-1.0
560,bus,5,65.0,60.0,at_station,,1.0
560,bus,6,0.0,15.0,at_station,,-1.0
560,bus,7,50.0,75.0,at_station,,1.0
560,bus,8,15.0,20.0,at_station,,-1.0
560,bus,9,45.0,60.0,at_station,,1.0
560,bus,10,20.0,15.0,at_station,,-1.0
560,bus,11,50.0,55.0,at_station,,1.0
560,bus,12,15.0,40.0,at_station,,-1.0
560,bus,13,25.0,60.0,at_station,,1.0
560,bus,14,40.0,15.0,at_station,,-1.0
560,bus,15,50.0,35.0,at_station,,1.0
560,bus,16,15.0,60.0,at_station,,-1.0
560,bus,17,15.0,50.0,at_station,,1.0
560,bus,18,50.0,25.0,at_station,,-1.0
560,bus,19,50.0,15.0,at_station,,1.0
560,bus,20,35.0,60.0,at_station,,-1.0
560,bus,21,15.0,30.0,at_station,,1.0
560,bus,22,50.0,45.0,at_station,,-1.0
560,bus,23,30.0,15.0,at_station,,1.0
561,drone,0,8.0,56.0,idle,135.4389302208202,
561,drone,1,20.0,15.0,waiting_at_bus_station_for_delivery,205.27745565932102,
561,bus,0,15.0,20.0,at_station,,1.0
561,bus,1,45.0,60.0,at_station,,-1.0
561,bus,2,20.0,15.0,at_station,,1.0
561,bus,3,50.0,55.0,at_station,,-1.0
561,bus,4,15.0,0.0,at_station,,-1.0
561,bus,5,65.0,60.0,at_station,,1.0
561,bus,6,0.0,15.0,at_station,,-1.0
561,bus,7,50.0,75.0,at_station,,1.0
561,bus,8,15.0,20.0,at_station,,-1.0
561,bus,9,45.0,60.0,at_station,,1.0
561,bus,10,20.0,15.0,at_station,,-1.0
561,bus,11,50.0,55.0,at_station,,1.0
561,bus,12,15.0,40.0,at_station,,-1.0
561,bus,13,25.0,60.0,at_station,,1.0
561,bus,14,40.0,15.0,at_station,,-1.0
561,bus,15,50.0,35.0,at_station,,1.0
561,bus,16,15.0,60.0,at_station,,-1.0
561,bus,17,15.0,50.0,at_station,,1.0
561,bus,18,50.0,25.0,at_station,,-1.0
561,bus,19,50.0,15.0,at_station,,1.0
561,bus,20,35.0,60.0,at_station,,-1.0
561,bus,21,15.0,30.0,at_station,,1.0
561,bus,22,50.0,45.0,at_station,,-1.0
561,bus,23,30.0,15.0,at_station,,1.0
562,drone,0,11.0,52.0,to_charging_station,130.4389302208202,
562,drone,1,20.0,15.0,waiting_at_bus_station_for_delivery,205.27745565932102,
562,bus,0,15.0,22.5,moving,,1.0
562,bus,1,42.5,60.0,moving,,-1.0
562,bus,2,22.5,15.0,moving,,1.0
562,bus,3,50.0,52.5,moving,,-1.0
562,bus,4,15.0,2.5,moving,,1.0
562,bus,5,62.5,60.0,moving,,-1.0
562,bus,6,2.5,15.0,moving,,1.0
562,bus,7,50.0,72.5,moving,,-1.0
562,bus,8,15.0,17.5,moving,,-1.0
562,bus,9,47.5,60.0,moving,,1.0
562,bus,10,17.5,15.0,moving,,-1.0
562,bus,11,50.0,57.5,moving,,1.0
562,bus,12,15.0,37.5,moving,,-1.0
562,bus,13,27.5,60.0,moving,,1.0
562,bus,14,37.5,15.0,moving,,-1.0
562,bus,15,50.0,37.5,moving,,1.0
562,bus,16,15.0,57.5,moving,,-1.0
562,bus,17,15.0,52.5,moving,,1.0
562,bus,18,50.0,22.5,moving,,-1.0
562,bus,19,50.0,17.5,moving,,1.0
562,bus,20,32.5,60.0,moving,,-1.0
562,bus,21,15.0,32.5,moving,,1.0
562,bus,22,50.0,42.5,moving,,-1.0
562,bus,23,32.5,15.0,moving,,1.0
563,drone,0,14.0,48.0,to_charging_station,125.4389302208202,
563,drone,1,20.0,15.0,waiting_at_bus_station_for_delivery,205.27745565932102,
563,bus,0,15.0,27.5,moving,,1.0
563,bus,1,37.5,60.0,moving,,-1.0
563,bus,2,27.5,15.0,moving,,1.0
563,bus,3,50.0,47.5,moving,,-1.0
563,bus,4,15.0,7.5,moving,,1.0
563,bus,5,57.5,60.0,moving,,-1.0
563,bus,6,7.5,15.0,moving,,1.0
563,bus,7,50.0,67.5,moving,,-1.0
563,bus,8,15.0,12.5,moving,,-1.0
563,bus,9,52.5,60.0,moving,,1.0
563,bus,10,12.5,15.0,moving,,-1.0
563,bus,11,50.0,62.5,moving,,1.0
563,bus,12,15.0,32.5,moving,,-1.0
563,bus,13,32.5,60.0,moving,,1.0
563,bus,14,32.5,15.0,moving,,-1.0
563,bus,15,50.0,42.5,moving,,1.0
563,bus,16,15.0,52.5,moving,,-1.0
563,bus,17,15.0,57.5,moving,,1.0
563,bus,18,50.0,17.5,moving,,-1.0
563,bus,19,50.0,22.5,moving,,1.0
563,bus,20,27.5,60.0,moving,,-1.0
563,bus,21,15.0,37.5,moving,,1.0
563,bus,22,50.0,37.5,moving,,-1.0
563,bus,23,37.5,15.0,moving,,1.0
564,drone,0,17.0,44.0,to_charging_station,120.4389302208202,
564,drone,1,20.0,15.0,waiting_at_bus_station_for_delivery,205.27745565932102,
564,bus,0,15.0,30.0,at_station,,1.0
564,bus,1,35.0,60.0,at_station,,-1.0
564,bus,2,30.0,15.0,at_station,,1.0
564,bus,3,50.0,45.0,at_station,,-1.0
564,bus,4,15.0,10.0,at_station,,1.0
564,bus,5,55.0,60.0,at_station,,-1.0
564,bus,6,10.0,15.0,at_station,,1.0
564,bus,7,50.0,65.0,at_station,,-1.0
564,bus,8,15.0,10.0,at_station,,-1.0
564,bus,9,55.0,60.0,at_station,,1.0
564,bus,10,10.0,15.0,at_station,,-1.0
564,bus,11,50.0,65.0,at_station,,1.0
564,bus,12,15.0,30.0,at_station,,-1.0
564,bus,13,35.0,60.0,at_station,,1.0
564,bus,14,30.0,15.0,at_station,,-1.0
564,bus,15,50.0,45.0,at_station,,1.0
564,bus,16,15.0,50.0,at_station,,-1.0
564,bus,17,15.0,60.0,at_station,,1.0
564,bus,18,50.0,15.0,at_station,,-1.0
564,bus,19,50.0,25.0,at_station,,1.0
564,bus,20,25.0,60.0,at_station,,-1.0
564,bus,21,15.0,40.0,at_station,,1.0
564,bus,22,50.0,35.0,at_station,,-1.0
564,bus,23,40.0,15.0,at_station,,1.0
565,drone,0,20.0,40.0,idle,300.0,
565,drone,1,20.0,15.0,waiting_at_bus_station_for_delivery,205.27745565932102,
565,bus,0,15.0,30.0,at_station,,1.0
565,bus,1,35.0,60.0,at_station,,-1.0
565,bus,2,30.0,15.0,at_station,,1.0
565,bus,3,50.0,45.0,at_station,,-1.0
565,bus,4,15.0,10.0,at_station,,1.0
565,bus,5,55.0,60.0,at_station,,-1.0
565,bus,6,10.0,15.0,at_station,,1.0
565,bus,7,50.0,65.0,at_station,,-1.0
565,bus,8,15.0,10.0,at_station,,-1.0
565,bus,9,55.0,60.0,at_station,,1.0
565,bus,10,10.0,15.0,at_station,,-1.0
565,bus,11,50.0,65.0,at_station,,1.0
565,bus,12,15.0,30.0,at_station,,-1.0
565,bus,13,35.0,60.0,at_station,,1.0
565,bus,14,30.0,15.0,at_station,,-1.0
565,bus,15,50.0,45.0,at_station,,1.0
565,bus,16,15.0,50.0,at_station,,-1.0
565,bus,17,15.0,60.0,at_station,,1.0
565,bus,18,50.0,15.0,at_station,,-1.0
565,bus,19,50.0,25.0,at_station,,1.0
565,bus,20,25.0,60.0,at_station,,-1.0
565,bus,21,15.0,40.0,at_station,,1.0
565,bus,22,50.0,35.0,at_station,,-1.0
565,bus,23,40.0,15.0,at_station,,1.0
566,drone,0,19.37982632705396,35.03861061643166,moving_to_bus_station_for_delivery,295.0,
566,drone,1,20.0,15.0,waiting_at_bus_station_for_delivery,205.27745565932102,
566,bus,0,15.0,30.0,at_station,,1.0
566,bus,1,35.0,60.0,at_station,,-1.0
566,bus,2,30.0,15.0,at_station,,1.0
566,bus,3,50.0,45.0,at_station,,-1.0
566,bus,4,15.0,10.0,at_station,,1.0
566,bus,5,55.0,60.0,at_station,,-1.0
566,bus,6,10.0,15.0,at_station,,1.0
566,bus,7,50.0,65.0,at_station,,-1.0
566,bus,8,15.0,10.0,at_station,,-1.0
566,bus,9,55.0,60.0,at_station,,1.0
566,bus,10,10.0,15.0,at_station,,-1.0
566,bus,11,50.0,65.0,at_station,,1.0
566,bus,12,15.0,30.0,at_station,,-1.0
566,bus,13,35.0,60.0,at_station,,1.0
566,bus,14,30.0,15.0,at_station,,-1.0
566,bus,15,50.0,45.0,at_station,,1.0
566,bus,16,15.0,50.0,at_station,,-1.0
566,bus,17,15.0,60.0,at_station,,1.0
566,bus,18,50.0,15.0,at_station,,-1.0
566,bus,19,50.0,25.0,at_station,,1.0
566,bus,20,25.0,60.0,at_station,,-1.0
566,bus,21,15.0,40.0,at_station,,1.0
566,bus,22,50.0,35.0,at_station,,-1.0
566,bus,23,40.0,15.0,at_station,,1.0
567,drone,0,18.759652654107917,30.077221232863323,moving_to_bus_station_for_delivery,290.0,
567,drone,1,20.0,15.0,waiting_at_bus_station_for_delivery,205.27745565932102,
567,bus,0,15.0,32.5,moving,,1.0
567,bus,1,32.5,60.0,moving,,-1.0
567,bus,2,32.5,15.0,moving,,1.0
567,bus,3,50.0,42.5,moving,,-1.0
567,bus,4,15.0,12.5,moving,,1.0
567,bus,5,52.5,60.0,moving,,-1.0
567,bus,6,12.5,15.0,moving,,1.0
567,bus,7,50.0,62.5,moving,,-1.0
567,bus,8,15.0,7.5,moving,,-1.0
567,bus,9,57.5,60.0,moving,,1.0
567,bus,10,7.5,15.0,moving,,-1.0
567,bus,11,50.0,67.5,moving,,1.0
567,bus,12,15.0,27.5,moving,,-1.0
567,bus,13,37.5,60.0,moving,,1.0
567,bus,14,27.5,15.0,moving,,-1.0
567,bus,15,50.0,47.5,moving,,1.0
567,bus,16,15.0,47.5,moving,,-1.0
567,bus,17,17.5,60.0,moving,,1.0
567,bus,18,47.5,15.0,moving,,-1.0
567,bus,19,50.0,27.5,moving,,1.0
567,bus,20,22.5,60.0,moving,,-1.0
567,bus,21,15.0,42.5,moving,,1.0
567,bus,22,50.0,32.5,moving,,-1.0
567,bus,23,42.5,15.0,moving,,1.0
568,drone,0,18.139478981161876,25.115831849294985,moving_to_bus_station_for_delivery,285.0,
568,drone,1,20.0,15.0,waiting_at_bus_station_for_delivery,205.27745565932102,
568,bus,0,15.0,37.5,moving,,1.0
568,bus,1,27.5,60.0,moving,,-1.0
568,bus,2,37.5,15.0,moving,,1.0
568,bus,3,50.0,37.5,moving,,-1.0
568,bus,4,15.0,17.5,moving,,1.0
568,bus,5,47.5,60.0,moving,,-1.0
568,bus,6,17.5,15.0,moving,,1.0
568,bus,7,50.0,57.5,moving,,-1.0
568,bus,8,15.0,2.5,moving,,-1.0
568,bus,9,62.5,60.0,moving,,1.0
568,bus,10,2.5,15.0,moving,,-1.0
568,bus,11,50.0,72.5,moving,,1.0
568,bus,12,15.0,22.5,moving,,-1.0
568,bus,13,42.5,60.0,moving,,1.0
568,bus,14,22.5,15.0,moving,,-1.0
568,bus,15,50.0,52.5,moving,,1.0
568,bus,16,15.0,42.5,moving,,-1.0
568,bus,17,22.5,60.0,moving,,1.0
568,bus,18,42.5,15.0,moving,,-1.0
568,bus,19,50.0,32.5,moving,,1.0
568,bus,20,17.5,60.0,moving,,-1.0
568,bus,21,15.0,47.5,moving,,1.0
568,bus,22,50.0,27.5,moving,,-1.0
568,bus,23,47.5,15.0,moving,,1.0
569,drone,0,17.519305308215834,20.154442465726646,moving_to_bus_station_for_delivery,280.0,
569,drone,1,20.0,15.0,waiting_at_bus_station_for_delivery,205.27745565932102,
569,bus,0,15.0,40.0,at_station,,1.0
569,bus,1,25.0,60.0,at_station,,-1.0
569,bus,2,40.0,15.0,at_station,,1.0
569,bus,3,50.0,35.0,at_station,,-1.0
569,bus,4,15.0,20.0,at_station,,1.0
569,bus,5,45.0,60.0,at_station,,-1.0
569,bus,6,20.0,15.0,at_station,,1.0
569,bus,7,50.0,55.0,at_station,,-1.0
569,bus,8,15.0,0.0,at_station,,-1.0
569,bus,9,65.0,60.0,at_station,,1.0
569,bus,10,0.0,15.0,at_station,,-1.0
569,bus,11,50.0,75.0,at_station,,1.0
569,bus,12,15.0,20.0,at_station,,-1.0
569,bus,13,45.0,60.0,at_station,,1.0
569,bus,14,20.0,15.0,at_station,,-1.0
569,bus,15,50.0,55.0,at_station,,1.0
569,bus,16,15.0,40.0,at_station,,-1.0
569,bus,17,25.0,60.0,at_station,,1.0
569,bus,18,40.0,15.0,at_station,,-1.0
569,bus,19,50.0,35.0,at_station,,1.0
569,bus,20,15.0,60.0,at_station,,-1.0
569,bus,21,15.0,50.0,at_station,,1.0
569,bus,22,50.0,25.0,at_station,,-1.0
569,bus,23,50.0,15.0,at_station,,1.0
570,drone,0,16.899131635269793,15.193053082158308,moving_to_bus_station_for_delivery,275.0,
570,drone,1,20.0,15.0,waiting_at_bus_station_for_delivery,205.27745565932102,
570,bus,0,15.0,40.0,at_station,,1.0
570,bus,1,25.0,60.0,at_station,,-1.0
570,bus,2,40.0,15.0,at_station,,1.0
570,bus,3,50.0,35.0,at_station,,-1.0
570,bus,4,15.0,20.0,at_station,,1.0
570,bus,5,45.0,60.0,at_station,,-1.0
570,bus,6,20.0,15.0,at_station,,1.0
570,bus,7,50.0,55.0,at_station,,-1.0
570,bus,8,15.0,0.0,at_station,,-1.0
570,bus,9,65.0,60.0,at_station,,1.0
570,bus,10,0.0,15.0,at_station,,-1.0
570,bus,11,50.0,75.0,at_station,,1.0
570,bus,12,15.0,20.0,at_station,,-1.0
570,bus,13,45.0,60.0,at_station,,1.0
570,bus,14,20.0,15.0,at_station,,-1.0
570,bus,15,50.0,55.0,at_station,,1.0
570,bus,16,15.0,40.0,at_station,,-1.0
570,bus,17,25.0,60.0,at_station,,1.0
570,bus,18,40.0,15.0,at_station,,-1.0
570,bus,19,50.0,35.0,at_station,,1.0
570,bus,20,15.0,60.0,at_station,,-1.0
570,bus,21,15.0,50.0,at_station,,1.0
570,bus,22,50.0,25.0,at_station,,-1.0
570,bus,23,50.0,15.0,at_station,,1.0
571,drone,0,16.278957962323748,10.23166369858997,moving_to_bus_station_for_delivery,270.0,
571,drone,1,20.0,15.0,waiting_at_bus_station_for_delivery,205.27745565932102,
571,bus,0,15.0,40.0,at_station,,1.0
571,bus,1,25.0,60.0,at_station,,-1.0
571,bus,2,40.0,15.0,at_station,,1.0
571,bus,3,50.0,35.0,at_station,,-1.0
571,bus,4,15.0,20.0,at_station,,1.0
571,bus,5,45.0,60.0,at_station,,-1.0
571,bus,6,20.0,15.0,at_station,,1.0
571,bus,7,50.0,55.0,at_station,,-1.0
571,bus,8,15.0,0.0,at_station,,-1.0
571,bus,9,65.0,60.0,at_station,,1.0
571,bus,10,0.0,15.0,at_station,,-1.0
571,bus,11,50.0,75.0,at_station,,1.0
571,bus,12,15.0,20.0,at_station,,-1.0
571,bus,13,45.0,60.0,at_station,,1.0
571,bus,14,20.0,15.0,at_station,,-1.0
571,bus,15,50.0,55.0,at_station,,1.0
571,bus,16,15.0,40.0,at_station,,-1.0
571,bus,17,25.0,60.0,at_station,,1.0
571,bus,18,40.0,15.0,at_station,,-1.0
571,bus,19,50.0,35.0,at_station,,1.0
571,bus,20,15.0,60.0,at_station,,-1.0
571,bus,21,15.0,50.0,at_station,,1.0
571,bus,22,50.0,25.0,at_station,,-1.0
571,bus,23,50.0,15.0,at_station,,1.0
572,drone,0,15.658784289377705,5.270274315021632,moving_to_bus_station_for_delivery,265.0,
572,drone,1,20.0,15.0,waiting_at_bus_station_for_delivery,205.27745565932102,
572,bus,0,15.0,42.5,moving,,1.0
572,bus,1,22.5,60.0,moving,,-1.0
572,bus,2,42.5,15.0,moving,,1.0
572,bus,3,50.0,32.5,moving,,-1.0
572,bus,4,15.0,22.5,moving,,1.0
572,bus,5,42.5,60.0,moving,,-1.0
572,bus,6,22.5,15.0,moving,,1.0
572,bus,7,50.0,52.5,moving,,-1.0
572,bus,8,15.0,2.5,moving,,1.0
572,bus,9,62.5,60.0,moving,,-1.0
572,bus,10,2.5,15.0,moving,,1.0
572,bus,11,50.0,72.5,moving,,-1.0
572,bus,12,15.0,17.5,moving,,-1.0
572,bus,13,47.5,60.0,moving,,1.0
572,bus,14,17.5,15.0,moving,,-1.0
572,bus,15,50.0,57.5,moving,,1.0
572,bus,16,15.0,37.5,moving,,-1.0
572,bus,17,27.5,60.0,moving,,1.0
572,bus,18,37.5,15.0,moving,,-1.0
572,bus,19,50.0,37.5,moving,,1.0
572,bus,20,15.0,57.5,moving,,-1.0
572,bus,21,15.0,52.5,moving,,1.0
572,bus,22,50.0,22.5,moving,,-1.0
572,bus,23,50.0,17.5,moving,,1.0
573,drone,0,15.038610616431662,0.3088849314532931,moving_to_bus_station_for_delivery,260.0,
573,drone,1,20.0,15.0,waiting_at_bus_station_for_delivery,205.27745565932102,
573,bus,0,15.0,47.5,moving,,1.0
573,bus,1,17.5,60.0,moving,,-1.0
573,bus,2,47.5,15.0,moving,,1.0
573,bus,3,50.0,27.5,moving,,-1.0
573,bus,4,15.0,27.5,moving,,1.0
573,bus,5,37.5,60.0,moving,,-1.0
573,bus,6,27.5,15.0,moving,,1.0
573,bus,7,50.0,47.5,moving,,-1.0
573,bus,8,15.0,7.5,moving,,1.0
573,bus,9,57.5,60.0,moving,,-1.0
573,bus,10,7.5,15.0,moving,,1.0
573,bus,11,50.0,67.5,moving,,-1.0
573,bus,12,15.0,12.5,moving,,-1.0
573,bus,13,52.5,60.0,moving,,1.0
573,bus,14,12.5,15.0,moving,,-1.0
573,bus,15,50.0,62.5,moving,,1.0
573,bus,16,15.0,32.5,moving,,-1.0
573,bus,17,32.5,60.0,moving,,1.0
573,bus,18,32.5,15.0,moving,,-1.0
573,bus,19,50.0,42.5,moving,,1.0
573,bus,20,15.0,52.5,moving,,-1.0
573,bus,21,15.0,57.5,moving,,1.0
573,bus,22,50.0,17.5,moving,,-1.0
573,bus,23,50.0,22.5,moving,,1.0
574,drone,0,15.0,0.0,waiting_at_bus_station_for_delivery,259.6887112585072,
574,drone,1,20.0,15.0,waiting_at_bus_station_for_delivery,205.27745565932102,
574,bus,0,15.0,50.0,at_station,,1.0
574,bus,1,15.0,60.0,at_station,,-1.0
574,bus,2,50.0,15.0,at_station,,1.0
574,bus,3,50.0,25.0,at_station,,-1.0
574,bus,4,15.0,30.0,at_station,,1.0
574,bus,5,35.0,60.0,at_station,,-1.0
574,bus,6,30.0,15.0,at_station,,1.0
574,bus,7,50.0,45.0,at_station,,-1.0
574,bus,8,15.0,10.0,at_station,,1.0
574,bus,9,55.0,60.0,at_station,,-1.0
574,bus,10,10.0,15.0,at_station,,1.0
574,bus,11,50.0,65.0,at_station,,-1.0
574,bus,12,15.0,10.0,at_station,,-1.0
574,bus,13,55.0,60.0,at_station,,1.0
574,bus,14,10.0,15.0,at_station,,-1.0
574,bus,15,50.0,65.0,at_station,,1.0
574,bus,16,15.0,30.0,at_station,,-1.0
574,bus,17,35.0,60.0,at_station,,1.0
574,bus,18,30.0,15.0,at_station,,-1.0
574,bus,19,50.0,45.0,at_station,,1.0
574,bus,20,15.0,50.0,at_station,,-1.0
574,bus,21,15.0,60.0,at_station,,1.0
574,bus,22,50.0,15.0,at_station,,-1.0
574,bus,23,50.0,25.0,at_station,,1.0
575,drone,0,15.0,0.0,waiting_at_bus_station_for_delivery,259.6887112585072,
575,drone,1,20.0,15.0,waiting_at_bus_station_for_delivery,205.27745565932102,
575,bus,0,15.0,50.0,at_station,,1.0
575,bus,1,15.0,60.0,at_station,,-1.0
575,bus,2,50.0,15.0,at_station,,1.0
575,bus,3,50.0,25.0,at_station,,-1.0
575,bus,4,15.0,30.0,at_station,,1.0
575,bus,5,35.0,60.0,at_station,,-1.0
575,bus,6,30.0,15.0,at_station,,1.0
575,bus,7,50.0,45.0,at_station,,-1.0
575,bus,8,15.0,10.0,at_station,,1.0
575,bus,9,55.0,60.0,at_station,,-1.0
575,bus,10,10.0,15.0,at_station,,1.0
575,bus,11,50.0,65.0,at_station,,-1.0
575,bus,12,15.0,10.0,at_station,,-1.0
575,bus,13,55.0,60.0,at_station,,1.0
575,bus,14,10.0,15.0,at_station,,-1.0
575,bus,15,50.0,65.0,at_station,,1.0
575,bus,16,15.0,30.0,at_station,,-1.0
575,bus,17,35.0,60.0,at_station,,1.0
575,bus,18,30.0,15.0,at_station,,-1.0
575,bus,19,50.0,45.0,at_station,,1.0
575,bus,20,15.0,50.0,at_station,,-1.0
575,bus,21,15.0,60.0,at_station,,1.0
575,bus,22,50.0,15.0,at_station,,-1.0
575,bus,23,50.0,25.0,at_station,,1.0
576,drone,0,15.0,0.0,waiting_at_bus_station_for_delivery,259.6887112585072,
576,drone,1,20.0,15.0,waiting_at_bus_station_for_delivery,205.27745565932102,
576,bus,0,15.0,50.0,at_station,,1.0
576,bus,1,15.0,60.0,at_station,,-1.0
576,bus,2,50.0,15.0,at_station,,1.0
576,bus,3,50.0,25.0,at_station,,-1.0
576,bus,4,15.0,30.0,at_station,,1.0
576,bus,5,35.0,60.0,at_station,,-1.0
576,bus,6,30.0,15.0,at_station,,1.0
576,bus,7,50.0,45.0,at_station,,-1.0
576,bus,8,15.0,10.0,at_station,,1.0
576,bus,9,55.0,60.0,at_station,,-1.0
576,bus,10,10.0,15.0,at_station,,1.0
576,bus,11,50.0,65.0,at_station,,-1.0
576,bus,12,15.0,10.0,at_station,,-1.0
576,bus,13,55.0,60.0,at_station,,1.0
576,bus,14,10.0,15.0,at_station,,-1.0
576,bus,15,50.0,65.0,at_station,,1.0
576,bus,16,15.0,30.0,at_station,,-1.0
576,bus,17,35.0,60.0,at_station,,1.0
576,bus,18,30.0,15.0,at_station,,-1.0
576,bus,19,50.0,45.0,at_station,,1.0
576,bus,20,15.0,50.0,at_station,,-1.0
576,bus,21,15.0,60.0,at_station,,1.0
576,bus,22,50.0,15.0,at_station,,-1.0
576,bus,23,50.0,25.0,at_station,,1.0
577,drone,0,15.0,0.0,waiting_at_bus_station_for_delivery,259.6887112585072,
577,drone,1,20.0,15.0,waiting_at_bus_station_for_delivery,205.27745565932102,
577,bus,0,15.0,52.5,moving,,1.0
577,bus,1,15.0,57.5,moving,,-1.0
577,bus,2,50.0,17.5,moving,,1.0
577,bus,3,50.0,22.5,moving,,-1.0
577,bus,4,15.0,32.5,moving,,1.0
577,bus,5,32.5,60.0,moving,,-1.0
577,bus,6,32.5,15.0,moving,,1.0
577,bus,7,50.0,42.5,moving,,-1.0
577,bus,8,15.0,12.5,moving,,1.0
577,bus,9,52.5,60.0,moving,,-1.0
577,bus,10,12.5,15.0,moving,,1.0
577,bus,11,50.0,62.5,moving,,-1.0
577,bus,12,15.0,7.5,moving,,-1.0
577,bus,13,57.5,60.0,moving,,1.0
577,bus,14,7.5,15.0,moving,,-1.0
577,bus,15,50.0,67.5,moving,,1.0
577,bus,16,15.0,27.5,moving,,-1.0
577,bus,17,37.5,60.0,moving,,1.0
577,bus,18,27.5,15.0,moving,,-1.0
577,bus,19,50.0,47.5,moving,,1.0
577,bus,20,15.0,47.5,moving,,-1.0
577,bus,21,17.5,60.0,moving,,1.0
577,bus,22,47.5,15.0,moving,,-1.0
577,bus,23,50.0,27.5,moving,,1.0
578,drone,0,15.0,0.0,waiting_at_bus_station_for_delivery,259.6887112585072,
578,drone,1,20.0,15.0,waiting_at_bus_station_for_delivery,205.27745565932102,
578,bus,0,15.0,57.5,moving,,1.0
578,bus,1,15.0,52.5,moving,,-1.0
578,bus,2,50.0,22.5,moving,,1.0
578,bus,3,50.0,17.5,moving,,-1.0
578,bus,4,15.0,37.5,moving,,1.0
578,bus,5,27.5,60.0,moving,,-1.0
578,bus,6,37.5,15.0,moving,,1.0
578,bus,7,50.0,37.5,moving,,-1.0
578,bus,8,15.0,17.5,moving,,1.0
578,bus,9,47.5,60.0,moving,,-1.0
578,bus,10,17.5,15.0,moving,,1.0
578,bus,11,50.0,57.5,moving,,-1.0
578,bus,12,15.0,2.5,moving,,-1.0
578,bus,13,62.5,60.0,moving,,1.0
578,bus,14,2.5,15.0,moving,,-1.0
578,bus,15,50.0,72.5,moving,,1.0
578,bus,16,15.0,22.5,moving,,-1.0
578,bus,17,42.5,60.0,moving,,1.0
578,bus,18,22.5,15.0,moving,,-1.0
578,bus,19,50.0,52.5,moving,,1.0
578,bus,20,15.0,42.5,moving,,-1.0
578,bus,21,22.5,60.0,moving,,1.0
578,bus,22,42.5,15.0,moving,,-1.0
578,bus,23,50.0,32.5,moving,,1.0
579,drone,0,15.0,0.0,waiting_at_bus_station_for_delivery,259.6887112585072,
579,drone,1,20.0,15.0,waiting_at_bus_station_for_delivery,205.27745565932102,
579,bus,0,15.0,60.0,at_station,,1.0
579,bus,1,15.0,50.0,at_station,,-1.0
579,bus,2,50.0,25.0,at_station,,1.0
579,bus,3,50.0,15.0,at_station,,-1.0
579,bus,4,15.0,40.0,at_station,,1.0
579,bus,5,25.0,60.0,at_station,,-1.0
579,bus,6,40.0,15.0,at_station,,1.0
579,bus,7,50.0,35.0,at_station,,-1.0
579,bus,8,15.0,20.0,at_station,,1.0
579,bus,9,45.0,60.0,at_station,,-1.0
579,bus,10,20.0,15.0,at_station,,1.0
579,bus,11,50.0,55.0,at_station,,-1.0
579,bus,12,15.0,0.0,at_station,,-1.0
579,bus,13,65.0,60.0,at_station,,1.0
579,bus,14,0.0,15.0,at_station,,-1.0
579,bus,15,50.0,75.0,at_station,,1.0
579,bus,16,15.0,20.0,at_station,,-1.0
579,bus,17,45.0,60.0,at_station,,1.0
579,bus,18,20.0,15.0,at_station,,-1.0
579,bus,19,50.0,55.0,at_station,,1.0
579,bus,20,15.0,40.0,at_station,,-1.0
579,bus,21,25.0,60.0,at_station,,1.0
579,bus,22,40.0,15.0,at_station,,-1.0
579,bus,23,50.0,35.0,at_station,,1.0
580,drone,0,15.0,0.0,waiting_at_bus_station_for_delivery,259.6887112585072,
580,drone,1,20.0,15.0,waiting_at_bus_station_for_delivery,205.27745565932102,
580,bus,0,15.0,60.0,at_station,,1.0
580,bus,1,15.0,50.0,at_station,,-1.0
580,bus,2,50.0,25.0,at_station,,1.0
580,bus,3,50.0,15.0,at_station,,-1.0
580,bus,4,15.0,40.0,at_station,,1.0
580,bus,5,25.0,60.0,at_station,,-1.0
580,bus,6,40.0,15.0,at_station,,1.0
580,bus,7,50.0,35.0,at_station,,-1.0
580,bus,8,15.0,20.0,at_station,,1.0
580,bus,9,45.0,60.0,at_station,,-1.0
580,bus,10,20.0,15.0,at_station,,1.0
580,bus,11,50.0,55.0,at_station,,-1.0
580,bus,12,15.0,0.0,at_station,,-1.0
580,bus,13,65.0,60.0,at_station,,1.0
580,bus,14,0.0,15.0,at_station,,-1.0
580,bus,15,50.0,75.0,at_station,,1.0
580,bus,16,15.0,20.0,at_station,,-1.0
580,bus,17,45.0,60.0,at_station,,1.0
580,bus,18,20.0,15.0,at_station,,-1.0
580,bus,19,50.0,55.0,at_station,,1.0
580,bus,20,15.0,40.0,at_station,,-1.0
580,bus,21,25.0,60.0,at_station,,1.0
580,bus,22,40.0,15.0,at_station,,-1.0
580,bus,23,50.0,35.0,at_station,,1.0
581,drone,0,15.0,0.0,waiting_at_bus_station_for_delivery,259.6887112585072,
581,drone,1,20.0,15.0,waiting_at_bus_station_for_delivery,205.27745565932102,
581,bus,0,15.0,60.0,at_station,,1.0
581,bus,1,15.0,50.0,at_station,,-1.0
581,bus,2,50.0,25.0,at_station,,1.0
581,bus,3,50.0,15.0,at_station,,-1.0
581,bus,4,15.0,40.0,at_station,,1.0
581,bus,5,25.0,60.0,at_station,,-1.0
581,bus,6,40.0,15.0,at_station,,1.0
581,bus,7,50.0,35.0,at_station,,-1.0
581,bus,8,15.0,20.0,at_station,,1.0
581,bus,9,45.0,60.0,at_station,,-1.0
581,bus,10,20.0,15.0,at_station,,1.0
581,bus,11,50.0,55.0,at_station,,-1.0
581,bus,12,15.0,0.0,at_station,,-1.0
581,bus,13,65.0,60.0,at_station,,1.0
581,bus,14,0.0,15.0,at_station,,-1.0
581,bus,15,50.0,75.0,at_station,,1.0
581,bus,16,15.0,20.0,at_station,,-1.0
581,bus,17,45.0,60.0,at_station,,1.0
581,bus,18,20.0,15.0,at_station,,-1.0
581,bus,19,50.0,55.0,at_station,,1.0
581,bus,20,15.0,40.0,at_station,,-1.0
581,bus,21,25.0,60.0,at_station,,1.0
581,bus,22,40.0,15.0,at_station,,-1.0
581,bus,23,50.0,35.0,at_station,,1.0
582,drone,0,15.0,0.0,waiting_at_bus_station_for_delivery,259.6887112585072,
582,drone,1,20.0,15.0,waiting_at_bus_station_for_delivery,205.27745565932102,
582,bus,0,17.5,60.0,moving,,1.0
582,bus,1,15.0,47.5,moving,,-1.0
582,bus,2,50.0,27.5,moving,,1.0
582,bus,3,47.5,15.0,moving,,-1.0
582,bus,4,15.0,42.5,moving,,1.0
582,bus,5,22.5,60.0,moving,,-1.0
582,bus,6,42.5,15.0,moving,,1.0
582,bus,7,50.0,32.5,moving,,-1.0
582,bus,8,15.0,22.5,moving,,1.0
582,bus,9,42.5,60.0,moving,,-1.0
582,bus,10,22.5,15.0,moving,,1.0
582,bus,11,50.0,52.5,moving,,-1.0
582,bus,12,15.0,2.5,moving,,1.0
582,bus,13,62.5,60.0,moving,,-1.0
582,bus,14,2.5,15.0,moving,,1.0
582,bus,15,50.0,72.5,moving,,-1.0
582,bus,16,15.0,17.5,moving,,-1.0
582,bus,17,47.5,60.0,moving,,1.0
582,bus,18,17.5,15.0,moving,,-1.0
582,bus,19,50.0,57.5,moving,,1.0
582,bus,20,15.0,37.5,moving,,-1.0
582,bus,21,27.5,60.0,moving,,1.0
582,bus,22,37.5,15.0,moving,,-1.0
582,bus,23,50.0,37.5,moving,,1.0
583,drone,0,15.0,0.0,waiting_at_bus_station_for_delivery,259.6887112585072,
583,drone,1,20.0,15.0,waiting_at_bus_station_for_delivery,205.27745565932102,
583,bus,0,22.5,60.0,moving,,1.0
583,bus,1,15.0,42.5,moving,,-1.0
583,bus,2,50.0,32.5,moving,,1.0
583,bus,3,42.5,15.0,moving,,-1.0
583,bus,4,15.0,47.5,moving,,1.0
583,bus,5,17.5,60.0,moving,,-1.0
583,bus,6,47.5,15.0,moving,,1.0
583,bus,7,50.0,27.5,moving,,-1.0
583,bus,8,15.0,27.5,moving,,1.0
583,bus,9,37.5,60.0,moving,,-1.0
583,bus,10,27.5,15.0,moving,,1.0
583,bus,11,50.0,47.5,moving,,-1.0
583,bus,12,15.0,7.5,moving,,1.0
583,bus,13,57.5,60.0,moving,,-1.0
583,bus,14,7.5,15.0,moving,,1.0
583,bus,15,50.0,67.5,moving,,-1.0
583,bus,16,15.0,12.5,moving,,-1.0
583,bus,17,52.5,60.0,moving,,1.0
583,bus,18,12.5,15.0,moving,,-1.0
583,bus,19,50.0,62.5,moving,,1.0
583,bus,20,15.0,32.5,moving,,-1.0
583,bus,21,32.5,60.0,moving,,1.0
583,bus,22,32.5,15.0,moving,,-1.0
583,bus,23,50.0,42.5,moving,,1.0
584,drone,0,15.0,0.0,waiting_at_bus_station_for_delivery,259.6887112585072,
584,drone,1,20.0,15.0,waiting_at_bus_station_for_delivery,205.27745565932102,
584,bus,0,25.0,60.0,at_station,,1.0
584,bus,1,15.0,40.0,at_station,,-1.0
584,bus,2,50.0,35.0,at_station,,1.0
584,bus,3,40.0,15.0,at_station,,-1.0
584,bus,4,15.0,50.0,at_station,,1.0
584,bus,5,15.0,60.0,at_station,,-1.0
584,bus,6,50.0,15.0,at_station,,1.0
584,bus,7,50.0,25.0,at_station,,-1.0
584,bus,8,15.0,30.0,at_station,,1.0
584,bus,9,35.0,60.0,at_station,,-1.0
584,bus,10,30.0,15.0,at_station,,1.0
584,bus,11,50.0,45.0,at_station,,-1.0
584,bus,12,15.0,10.0,at_station,,1.0
584,bus,13,55.0,60.0,at_station,,-1.0
584,bus,14,10.0,15.0,at_station,,1.0
584,bus,15,50.0,65.0,at_station,,-1.0
584,bus,16,15.0,10.0,at_station,,-1.0
584,bus,17,55.0,60.0,at_station,,1.0
584,bus,18,10.0,15.0,at_station,,-1.0
584,bus,19,50.0,65.0,at_station,,1.0
584,bus,20,15.0,30.0,at_station,,-1.0
584,bus,21,35.0,60.0,at_station,,1.0
584,bus,22,30.0,15.0,at_station,,-1.0
584,bus,23,50.0,45.0,at_station,,1.0
585,drone,0,15.0,0.0,waiting_at_bus_station_for_delivery,259.6887112585072,
585,drone,1,20.0,15.0,waiting_at_bus_station_for_delivery,205.27745565932102,
585,bus,0,25.0,60.0,at_station,,1.0
585,bus,1,15.0,40.0,at_station,,-1.0
585,bus,2,50.0,35.0,at_station,,1.0
585,bus,3,40.0,15.0,at_station,,-1.0
585,bus,4,15.0,50.0,at_station,,1.0
585,bus,5,15.0,60.0,at_station,,-1.0
585,bus,6,50.0,15.0,at_station,,1.0
585,bus,7,50.0,25.0,at_station,,-1.0
585,bus,8,15.0,30.0,at_station,,1.0
585,bus,9,35.0,60.0,at_station,,-1.0
585,bus,10,30.0,15.0,at_station,,1.0
585,bus,11,50.0,45.0,at_station,,-1.0
585,bus,12,15.0,10.0,at_station,,1.0
585,bus,13,55.0,60.0,at_station,,-1.0
585,bus,14,10.0,15.0,at_station,,1.0
585,bus,15,50.0,65.0,at_station,,-1.0
585,bus,16,15.0,10.0,at_station,,-1.0
585,bus,17,55.0,60.0,at_station,,1.0
585,bus,18,10.0,15.0,at_station,,-1.0
585,bus,19,50.0,65.0,at_station,,1.0
585,bus,20,15.0,30.0,at_station,,-1.0
585,bus,21,35.0,60.0,at_station,,1.0
585,bus,22,30.0,15.0,at_station,,-1.0
585,bus,23,50.0,45.0,at_station,,1.0
586,drone,0,15.0,0.0,waiting_at_bus_station_for_delivery,259.6887112585072,
586,drone,1,20.0,15.0,waiting_at_bus_station_for_delivery,205.27745565932102,
586,bus,0,25.0,60.0,at_station,,1.0
586,bus,1,15.0,40.0,at_station,,-1.0
586,bus,2,50.0,35.0,at_station,,1.0
586,bus,3,40.0,15.0,at_station,,-1.0
586,bus,4,15.0,50.0,at_station,,1.0
586,bus,5,15.0,60.0,at_station,,-1.0
586,bus,6,50.0,15.0,at_station,,1.0
586,bus,7,50.0,25.0,at_station,,-1.0
586,bus,8,15.0,30.0,at_station,,1.0
586,bus,9,35.0,60.0,at_station,,-1.0
586,bus,10,30.0,15.0,at_station,,1.0
586,bus,11,50.0,45.0,at_station,,-1.0
586,bus,12,15.0,10.0,at_station,,1.0
586,bus,13,55.0,60.0,at_station,,-1.0
586,bus,14,10.0,15.0,at_station,,1.0
586,bus,15,50.0,65.0,at_station,,-1.0
586,bus,16,15.0,10.0,at_station,,-1.0
586,bus,17,55.0,60.0,at_station,,1.0
586,bus,18,10.0,15.0,at_station,,-1.0
586,bus,19,50.0,65.0,at_station,,1.0
586,bus,20,15.0,30.0,at_station,,-1.0
586,bus,21,35.0,60.0,at_station,,1.0
586,bus,22,30.0,15.0,at_station,,-1.0
586,bus,23,50.0,45.0,at_station,,1.0
587,drone,0,15.0,0.0,waiting_at_bus_station_for_delivery,259.6887112585072,
587,drone,1,20.0,15.0,waiting_at_bus_station_for_delivery,205.27745565932102,
587,bus,0,27.5,60.0,moving,,1.0
587,bus,1,15.0,37.5,moving,,-1.0
587,bus,2,50.0,37.5,moving,,1.0
587,bus,3,37.5,15.0,moving,,-1.0
587,bus,4,15.0,52.5,moving,,1.0
587,bus,5,15.0,57.5,moving,,-1.0
587,bus,6,50.0,17.5,moving,,1.0
587,bus,7,50.0,22.5,moving,,-1.0
587,bus,8,15.0,32.5,moving,,1.0
587,bus,9,32.5,60.0,moving,,-1.0
587,bus,10,32.5,15.0,moving,,1.0
587,bus,11,50.0,42.5,moving,,-1.0
587,bus,12,15.0,12.5,moving,,1.0
587,bus,13,52.5,60.0,moving,,-1.0
587,bus,14,12.5,15.0,moving,,1.0
587,bus,15,50.0,62.5,moving,,-1.0
587,bus,16,15.0,7.5,moving,,-1.0
587,bus,17,57.5,60.0,moving,,1.0
587,bus,18,7.5,15.0,moving,,-1.0
587,bus,19,50.0,67.5,moving,,1.0
587,bus,20,15.0,27.5,moving,,-1.0
587,bus,21,37.5,60.0,moving,,1.0
587,bus,22,27.5,15.0,moving,,-1.0
587,bus,23,50.0,47.5,moving,,1.0
588,drone,0,15.0,0.0,waiting_at_bus_station_for_delivery,259.6887112585072,
588,drone,1,20.0,15.0,waiting_at_bus_station_for_delivery,205.27745565932102,
588,bus,0,32.5,60.0,moving,,1.0
588,bus,1,15.0,32.5,moving,,-1.0
588,bus,2,50.0,42.5,moving,,1.0
588,bus,3,32.5,15.0,moving,,-1.0
588,bus,4,15.0,57.5,moving,,1.0
588,bus,5,15.0,52.5,moving,,-1.0
588,bus,6,50.0,22.5,moving,,1.0
588,bus,7,50.0,17.5,moving,,-1.0
588,bus,8,15.0,37.5,moving,,1.0
588,bus,9,27.5,60.0,moving,,-1.0
588,bus,10,37.5,15.0,moving,,1.0
588,bus,11,50.0,37.5,moving,,-1.0
588,bus,12,15.0,17.5,moving,,1.0
588,bus,13,47.5,60.0,moving,,-1.0
588,bus,14,17.5,15.0,moving,,1.0
588,bus,15,50.0,57.5,moving,,-1.0
588,bus,16,15.0,2.5,moving,,-1.0
588,bus,17,62.5,60.0,moving,,1.0
588,bus,18,2.5,15.0,moving,,-1.0
588,bus,19,50.0,72.5,moving,,1.0
588,bus,20,15.0,22.5,moving,,-1.0
588,bus,21,42.5,60.0,moving,,1.0
588,bus,22,22.5,15.0,moving,,-1.0
588,bus,23,50.0,52.5,moving,,1.0
589,drone,0,15.0,0.0,waiting_at_bus_station_for_delivery,259.6887112585072,
589,drone,1,20.0,15.0,waiting_at_bus_station_for_delivery,205.27745565932102,
589,bus,0,35.0,60.0,at_station,,1.0
589,bus,1,15.0,30.0,at_station,,-1.0
589,bus,2,50.0,45.0,at_station,,1.0
589,bus,3,30.0,15.0,at_station,,-1.0
589,bus,4,15.0,60.0,at_station,,1.0
589,bus,5,15.0,50.0,at_station,,-1.0
589,bus,6,50.0,25.0,at_station,,1.0
589,bus,7,50.0,15.0,at_station,,-1.0
589,bus,8,15.0,40.0,at_station,,1.0
589,bus,9,25.0,60.0,at_station,,-1.0
589,bus,10,40.0,15.0,at_station,,1.0
589,bus,11,50.0,35.0,at_station,,-1.0
589,bus,12,15.0,20.0,at_station,,1.0
589,bus,13,45.0,60.0,at_station,,-1.0
589,bus,14,20.0,15.0,at_station,,1.0
589,bus,15,50.0,55.0,at_station,,-1.0
589,bus,16,15.0,0.0,at_station,,-1.0
589,bus,17,65.0,60.0,at_station,,1.0
589,bus,18,0.0,15.0,at_station,,-1.0
589,bus,19,50.0,75.0,at_station,,1.0
589,bus,20,15.0,20.0,at_station,,-1.0
589,bus,21,45.0,60.0,at_station,,1.0
589,bus,22,20.0,15.0,at_station,,-1.0
589,bus,23,50.0,55.0,at_station,,1.0
590,drone,0,15.0,0.0,waiting_at_bus_station_for_delivery,259.6887112585072,
590,drone,1,20.0,15.0,waiting_at_bus_station_for_delivery,205.27745565932102,
590,bus,0,35.0,60.0,at_station,,1.0
590,bus,1,15.0,30.0,at_station,,-1.0
590,bus,2,50.0,45.0,at_station,,1.0
590,bus,3,30.0,15.0,at_station,,-1.0
590,bus,4,15.0,60.0,at_station,,1.0
590,bus,5,15.0,50.0,at_station,,-1.0
590,bus,6,50.0,25.0,at_station,,1.0
590,bus,7,50.0,15.0,at_station,,-1.0
590,bus,8,15.0,40.0,at_station,,1.0
590,bus,9,25.0,60.0,at_station,,-1.0
590,bus,10,40.0,15.0,at_station,,1.0
590,bus,11,50.0,35.0,at_station,,-1.0
590,bus,12,15.0,20.0,at_station,,1.0
590,bus,13,45.0,60.0,at_station,,-1.0
590,bus,14,20.0,15.0,at_station,,1.0
590,bus,15,50.0,55.0,at_station,,-1.0
590,bus,16,15.0,0.0,at_station,,-1.0
590,bus,17,65.0,60.0,at_station,,1.0
590,bus,18,0.0,15.0,at_station,,-1.0
590,bus,19,50.0,75.0,at_station,,1.0
590,bus,20,15.0,20.0,at_station,,-1.0
590,bus,21,45.0,60.0,at_station,,1.0
590,bus,22,20.0,15.0,at_station,,-1.0
590,bus,23,50.0,55.0,at_station,,1.0
591,drone,0,15.0,0.0,waiting_at_bus_station_for_delivery,259.6887112585072,
591,drone,1,20.0,15.0,waiting_at_bus_station_for_delivery,205.27745565932102,
591,bus,0,35.0,60.0,at_station,,1.0
591,bus,1,15.0,30.0,at_station,,-1.0
591,bus,2,50.0,45.0,at_station,,1.0
591,bus,3,30.0,15.0,at_station,,-1.0
591,bus,4,15.0,60.0,at_station,,1.0
591,bus,5,15.0,50.0,at_station,,-1.0
591,bus,6,50.0,25.0,at_station,,1.0
591,bus,7,50.0,15.0,at_station,,-1.0
591,bus,8,15.0,40.0,at_station,,1.0
591,bus,9,25.0,60.0,at_station,,-1.0
591,bus,10,40.0,15.0,at_station,,1.0
591,bus,11,50.0,35.0,at_station,,-1.0
591,bus,12,15.0,20.0,at_station,,1.0
591,bus,13,45.0,60.0,at_station,,-1.0
591,bus,14,20.0,15.0,at_station,,1.0
591,bus,15,50.0,55.0,at_station,,-1.0
591,bus,16,15.0,0.0,at_station,,-1.0
591,bus,17,65.0,60.0,at_station,,1.0
591,bus,18,0.0,15.0,at_station,,-1.0
591,bus,19,50.0,75.0,at_station,,1.0
591,bus,20,15.0,20.0,at_station,,-1.0
591,bus,21,45.0,60.0,at_station,,1.0
591,bus,22,20.0,15.0,at_station,,-1.0
591,bus,23,50.0,55.0,at_station,,1.0
592,drone,0,15.0,0.0,waiting_at_bus_station_for_delivery,259.6887112585072,
592,drone,1,20.0,15.0,waiting_at_bus_station_for_delivery,205.27745565932102,
592,bus,0,37.5,60.0,moving,,1.0
592,bus,1,15.0,27.5,moving,,-1.0
592,bus,2,50.0,47.5,moving,,1.0
592,bus,3,27.5,15.0,moving,,-1.0
592,bus,4,17.5,60.0,moving,,1.0
592,bus,5,15.0,47.5,moving,,-1.0
592,bus,6,50.0,27.5,moving,,1.0
592,bus,7,47.5,15.0,moving,,-1.0
592,bus,8,15.0,42.5,moving,,1.0
592,bus,9,22.5,60.0,moving,,-1.0
592,bus,10,42.5,15.0,moving,,1.0
592,bus,11,50.0,32.5,moving,,-1.0
592,bus,12,15.0,22.5,moving,,1.0
592,bus,13,42.5,60.0,moving,,-1.0
592,bus,14,22.5,15.0,moving,,1.0
592,bus,15,50.0,52.5,moving,,-1.0
592,bus,16,15.0,2.5,moving,,1.0
592,bus,17,62.5,60.0,moving,,-1.0
592,bus,18,2.5,15.0,moving,,1.0
592,bus,19,50.0,72.5,moving,,-1.0
592,bus,20,15.0,17.5,moving,,-1.0
592,bus,21,47.5,60.0,moving,,1.0
592,bus,22,17.5,15.0,moving,,-1.0
592,bus,23,50.0,57.5,moving,,1.0
593,drone,0,15.0,0.0,waiting_at_bus_station_for_delivery,259.6887112585072,
593,drone,1,20.0,15.0,waiting_at_bus_station_for_delivery,205.27745565932102,
593,bus,0,42.5,60.0,moving,,1.0
593,bus,1,15.0,22.5,moving,,-1.0
593,bus,2,50.0,52.5,moving,,1.0
593,bus,3,22.5,15.0,moving,,-1.0
593,bus,4,22.5,60.0,moving,,1.0
593,bus,5,15.0,42.5,moving,,-1.0
593,bus,6,50.0,32.5,moving,,1.0
593,bus,7,42.5,15.0,moving,,-1.0
593,bus,8,15.0,47.5,moving,,1.0
593,bus,9,17.5,60.0,moving,,-1.0
593,bus,10,47.5,15.0,moving,,1.0
593,bus,11,50.0,27.5,moving,,-1.0
593,bus,12,15.0,27.5,moving,,1.0
593,bus,13,37.5,60.0,moving,,-1.0
593,bus,14,27.5,15.0,moving,,1.0
593,bus,15,50.0,47.5,moving,,-1.0
593,bus,16,15.0,7.5,moving,,1.0
593,bus,17,57.5,60.0,moving,,-1.0
593,bus,18,7.5,15.0,moving,,1.0
593,bus,19,50.0,67.5,moving,,-1.0
593,bus,20,15.0,12.5,moving,,-1.0
593,bus,21,52.5,60.0,moving,,1.0
593,bus,22,12.5,15.0,moving,,-1.0
593,bus,23,50.0,62.5,moving,,1.0
594,drone,0,15.0,0.0,waiting_at_bus_station_for_delivery,259.6887112585072,
594,drone,1,20.0,15.0,waiting_at_bus_station_for_delivery,205.27745565932102,
594,bus,0,45.0,60.0,at_station,,1.0
594,bus,1,15.0,20.0,at_station,,-1.0
594,bus,2,50.0,55.0,at_station,,1.0
594,bus,3,20.0,15.0,at_station,,-1.0
594,bus,4,25.0,60.0,at_station,,1.0
594,bus,5,15.0,40.0,at_station,,-1.0
594,bus,6,50.0,35.0,at_station,,1.0
594,bus,7,40.0,15.0,at_station,,-1.0
594,bus,8,15.0,50.0,at_station,,1.0
594,bus,9,15.0,60.0,at_station,,-1.0
594,bus,10,50.0,15.0,at_station,,1.0
594,bus,11,50.0,25.0,at_station,,-1.0
594,bus,12,15.0,30.0,at_station,,1.0
594,bus,13,35.0,60.0,at_station,,-1.0
594,bus,14,30.0,15.0,at_station,,1.0
594,bus,15,50.0,45.0,at_station,,-1.0
594,bus,16,15.0,10.0,at_station,,1.0
594,bus,17,55.0,60.0,at_station,,-1.0
594,bus,18,10.0,15.0,at_station,,1.0
594,bus,19,50.0,65.0,at_station,,-1.0
594,bus,20,15.0,10.0,at_station,,-1.0
594,bus,21,55.0,60.0,at_station,,1.0
594,bus,22,10.0,15.0,at_station,,-1.0
594,bus,23,50.0,65.0,at_station,,1.0
595,drone,0,15.0,0.0,waiting_at_bus_station_for_delivery,259.6887112585072,
595,drone,1,20.0,15.0,waiting_at_bus_station_for_delivery,205.27745565932102,
595,bus,0,45.0,60.0,at_station,,1.0
595,bus,1,15.0,20.0,at_station,,-1.0
595,bus,2,50.0,55.0,at_station,,1.0
595,bus,3,20.0,15.0,at_station,,-1.0
595,bus,4,25.0,60.0,at_station,,1.0
595,bus,5,15.0,40.0,at_station,,-1.0
595,bus,6,50.0,35.0,at_station,,1.0
595,bus,7,40.0,15.0,at_station,,-1.0
595,bus,8,15.0,50.0,at_station,,1.0
595,bus,9,15.0,60.0,at_station,,-1.0
595,bus,10,50.0,15.0,at_station,,1.0
595,bus,11,50.0,25.0,at_station,,-1.0
595,bus,12,15.0,30.0,at_station,,1.0
595,bus,13,35.0,60.0,at_station,,-1.0
595,bus,14,30.0,15.0,at_station,,1.0
595,bus,15,50.0,45.0,at_station,,-1.0
595,bus,16,15.0,10.0,at_station,,1.0
595,bus,17,55.0,60.0,at_station,,-1.0
595,bus,18,10.0,15.0,at_station,,1.0
595,bus,19,50.0,65.0,at_station,,-1.0
595,bus,20,15.0,10.0,at_station,,-1.0
595,bus,21,55.0,60.0,at_station,,1.0
595,bus,22,10.0,15.0,at_station,,-1.0
595,bus,23,50.0,65.0,at_station,,1.0
596,drone,0,15.0,0.0,waiting_at_bus_station_for_delivery,259.6887112585072,
596,drone,1,20.0,15.0,waiting_at_bus_station_for_delivery,205.27745565932102,
596,bus,0,45.0,60.0,at_station,,1.0
596,bus,1,15.0,20.0,at_station,,-1.0
596,bus,2,50.0,55.0,at_station,,1.0
596,bus,3,20.0,15.0,at_station,,-1.0
596,bus,4,25.0,60.0,at_station,,1.0
596,bus,5,15.0,40.0,at_station,,-1.0
596,bus,6,50.0,35.0,at_station,,1.0
596,bus,7,40.0,15.0,at_station,,-1.0
596,bus,8,15.0,50.0,at_station,,1.0
596,bus,9,15.0,60.0,at_station,,-1.0
596,bus,10,50.0,15.0,at_station,,1.0
596,bus,11,50.0,25.0,at_station,,-1.0
596,bus,12,15.0,30.0,at_station,,1.0
596,bus,13,35.0,60.0,at_station,,-1.0
596,bus,14,30.0,15.0,at_station,,1.0
596,bus,15,50.0,45.0,at_station,,-1.0
596,bus,16,15.0,10.0,at_station,,1.0
596,bus,17,55.0,60.0,at_station,,-1.0
596,bus,18,10.0,15.0,at_station,,1.0
596,bus,19,50.0,65.0,at_station,,-1.0
596,bus,20,15.0,10.0,at_station,,-1.0
596,bus,21,55.0,60.0,at_station,,1.0
596,bus,22,10.0,15.0,at_station,,-1.0
596,bus,23,50.0,65.0,at_station,,1.0
597,drone,0,15.0,0.0,waiting_at_bus_station_for_delivery,259.6887112585072,
597,drone,1,20.0,15.0,waiting_at_bus_station_for_delivery,205.27745565932102,
597,bus,0,47.5,60.0,moving,,1.0
597,bus,1,15.0,17.5,moving,,-1.0
597,bus,2,50.0,57.5,moving,,1.0
597,bus,3,17.5,15.0,moving,,-1.0
597,bus,4,27.5,60.0,moving,,1.0
597,bus,5,15.0,37.5,moving,,-1.0
597,bus,6,50.0,37.5,moving,,1.0
597,bus,7,37.5,15.0,moving,,-1.0
597,bus,8,15.0,52.5,moving,,1.0
597,bus,9,15.0,57.5,moving,,-1.0
597,bus,10,50.0,17.5,moving,,1.0
597,bus,11,50.0,22.5,moving,,-1.0
597,bus,12,15.0,32.5,moving,,1.0
597,bus,13,32.5,60.0,moving,,-1.0
597,bus,14,32.5,15.0,moving,,1.0
597,bus,15,50.0,42.5,moving,,-1.0
597,bus,16,15.0,12.5,moving,,1.0
597,bus,17,52.5,60.0,moving,,-1.0
597,bus,18,12.5,15.0,moving,,1.0
597,bus,19,50.0,62.5,moving,,-1.0
597,bus,20,15.0,7.5,moving,,-1.0
597,bus,21,57.5,60.0,moving,,1.0
597,bus,22,7.5,15.0,moving,,-1.0
597,bus,23,50.0,67.5,moving,,1.0
598,drone,0,15.0,0.0,waiting_at_bus_station_for_delivery,259.6887112585072,
598,drone,1,20.0,15.0,waiting_at_bus_station_for_delivery,205.27745565932102,
598,bus,0,52.5,60.0,moving,,1.0
598,bus,1,15.0,12.5,moving,,-1.0
598,bus,2,50.0,62.5,moving,,1.0
598,bus,3,12.5,15.0,moving,,-1.0
598,bus,4,32.5,60.0,moving,,1.0
598,bus,5,15.0,32.5,moving,,-1.0
598,bus,6,50.0,42.5,moving,,1.0
598,bus,7,32.5,15.0,moving,,-1.0
598,bus,8,15.0,57.5,moving,,1.0
598,bus,9,15.0,52.5,moving,,-1.0
598,bus,10,50.0,22.5,moving,,1.0
598,bus,11,50.0,17.5,moving,,-1.0
598,bus,12,15.0,37.5,moving,,1.0
598,bus,13,27.5,60.0,moving,,-1.0
598,bus,14,37.5,15.0,moving,,1.0
598,bus,15,50.0,37.5,moving,,-1.0
598,bus,16,15.0,17.5,moving,,1.0
598,bus,17,47.5,60.0,moving,,-1.0
598,bus,18,17.5,15.0,moving,,1.0
598,bus,19,50.0,57.5,moving,,-1.0
598,bus,20,15.0,2.5,moving,,-1.0
598,bus,21,62.5,60.0,moving,,1.0
598,bus,22,2.5,15.0,moving,,-1.0
598,bus,23,50.0,72.5,moving,,1.0
599,drone,0,15.0,0.0,waiting_at_bus_station_for_delivery,259.6887112585072,
599,drone,1,20.0,15.0,waiting_at_bus_station_for_delivery,205.27745565932102,
599,bus,0,55.0,60.0,at_station,,1.0
599,bus,1,15.0,10.0,at_station,,-1.0
599,bus,2,50.0,65.0,at_station,,1.0
599,bus,3,10.0,15.0,at_station,,-1.0
599,bus,4,35.0,60.0,at_station,,1.0
599,bus,5,15.0,30.0,at_station,,-1.0
599,bus,6,50.0,45.0,at_station,,1.0
599,bus,7,30.0,15.0,at_station,,-1.0
599,bus,8,15.0,60.0,at_station,,1.0
599,bus,9,15.0,50.0,at_station,,-1.0
599,bus,10,50.0,25.0,at_station,,1.0
599,bus,11,50.0,15.0,at_station,,-1.0
599,bus,12,15.0,40.0,at_station,,1.0
599,bus,13,25.0,60.0,at_station,,-1.0
599,bus,14,40.0,15.0,at_station,,1.0
599,bus,15,50.0,35.0,at_station,,-1.0
599,bus,16,15.0,20.0,at_station,,1.0
599,bus,17,45.0,60.0,at_station,,-1.0
599,bus,18,20.0,15.0,at_station,,1.0
599,bus,19,50.0,55.0,at_station,,-1.0
599,bus,20,15.0,0.0,at_station,,-1.0
599,bus,21,65.0,60.0,at_station,,1.0
599,bus,22,0.0,15.0,at_station,,-1.0
599,bus,23,50.0,75.0,at_station,,1.0
600,drone,0,15.0,0.0,waiting_at_bus_station_for_delivery,259.6887112585072,
600,drone,1,20.0,15.0,waiting_at_bus_station_for_delivery,205.27745565932102,
600,bus,0,55.0,60.0,at_station,,1.0
600,bus,1,15.0,10.0,at_station,,-1.0
600,bus,2,50.0,65.0,at_station,,1.0
600,bus,3,10.0,15.0,at_station,,-1.0
600,bus,4,35.0,60.0,at_station,,1.0
600,bus,5,15.0,30.0,at_station,,-1.0
600,bus,6,50.0,45.0,at_station,,1.0
600,bus,7,30.0,15.0,at_station,,-1.0
600,bus,8,15.0,60.0,at_station,,1.0
600,bus,9,15.0,50.0,at_station,,-1.0
600,bus,10,50.0,25.0,at_station,,1.0
600,bus,11,50.0,15.0,at_station,,-1.0
600,bus,12,15.0,40.0,at_station,,1.0
600,bus,13,25.0,60.0,at_station,,-1.0
600,bus,14,40.0,15.0,at_station,,1.0
600,bus,15,50.0,35.0,at_station,,-1.0
600,bus,16,15.0,20.0,at_station,,1.0
600,bus,17,45.0,60.0,at_station,,-1.0
600,bus,18,20.0,15.0,at_station,,1.0
600,bus,19,50.0,55.0,at_station,,-1.0
600,bus,20,15.0,0.0,at_station,,-1.0
600,bus,21,65.0,60.0,at_station,,1.0
600,bus,22,0.0,15.0,at_station,,-1.0
600,bus,23,50.0,75.0,at_station,,1.0
601,drone,0,15.0,0.0,waiting_at_bus_station_for_delivery,259.6887112585072,
601,drone,1,20.0,15.0,waiting_at_bus_station_for_delivery,205.27745565932102,
601,bus,0,55.0,60.0,at_station,,1.0
601,bus,1,15.0,10.0,at_station,,-1.0
601,bus,2,50.0,65.0,at_station,,1.0
601,bus,3,10.0,15.0,at_station,,-1.0
601,bus,4,35.0,60.0,at_station,,1.0
601,bus,5,15.0,30.0,at_station,,-1.0
601,bus,6,50.0,45.0,at_station,,1.0
601,bus,7,30.0,15.0,at_station,,-1.0
601,bus,8,15.0,60.0,at_station,,1.0
601,bus,9,15.0,50.0,at_station,,-1.0
601,bus,10,50.0,25.0,at_station,,1.0
601,bus,11,50.0,15.0,at_station,,-1.0
601,bus,12,15.0,40.0,at_station,,1.0
601,bus,13,25.0,60.0,at_station,,-1.0
601,bus,14,40.0,15.0,at_station,,1.0
601,bus,15,50.0,35.0,at_station,,-1.0
601,bus,16,15.0,20.0,at_station,,1.0
601,bus,17,45.0,60.0,at_station,,-1.0
601,bus,18,20.0,15.0,at_station,,1.0
601,bus,19,50.0,55.0,at_station,,-1.0
601,bus,20,15.0,0.0,at_station,,-1.0
601,bus,21,65.0,60.0,at_station,,1.0
601,bus,22,0.0,15.0,at_station,,-1.0
601,bus,23,50.0,75.0,at_station,,1.0
602,drone,0,15.0,0.0,waiting_at_bus_station_for_delivery,259.6887112585072,
602,drone,1,20.0,15.0,waiting_at_bus_station_for_delivery,205.27745565932102,
602,bus,0,57.5,60.0,moving,,1.0
602,bus,1,15.0,7.5,moving,,-1.0
602,bus,2,50.0,67.5,moving,,1.0
602,bus,3,7.5,15.0,moving,,-1.0
602,bus,4,37.5,60.0,moving,,1.0
602,bus,5,15.0,27.5,moving,,-1.0
602,bus,6,50.0,47.5,moving,,1.0
602,bus,7,27.5,15.0,moving,,-1.0
602,bus,8,17.5,60.0,moving,,1.0
602,bus,9,15.0,47.5,moving,,-1.0
602,bus,10,50.0,27.5,moving,,1.0
602,bus,11,47.5,15.0,moving,,-1.0
602,bus,12,15.0,42.5,moving,,1.0
602,bus,13,22.5,60.0,moving,,-1.0
602,bus,14,42.5,15.0,moving,,1.0
602,bus,15,50.0,32.5,moving,,-1.0
602,bus,16,15.0,22.5,moving,,1.0
602,bus,17,42.5,60.0,moving,,-1.0
602,bus,18,22.5,15.0,moving,,1.0
602,bus,19,50.0,52.5,moving,,-1.0
602,bus,20,15.0,2.5,moving,,1.0
602,bus,21,62.5,60.0,moving,,-1.0
602,bus,22,2.5,15.0,moving,,1.0
602,bus,23,50.0,72.5,moving,,-1.0
603,drone,0,15.0,0.0,waiting_at_bus_station_for_delivery,259.6887112585072,
603,drone,1,20.0,15.0,waiting_at_bus_station_for_delivery,205.27745565932102,
603,bus,0,62.5,60.0,moving,,1.0
603,bus,1,15.0,2.5,moving,,-1.0
603,bus,2,50.0,72.5,moving,,1.0
603,bus,3,2.5,15.0,moving,,-1.0
603,bus,4,42.5,60.0,moving,,1.0
603,bus,5,15.0,22.5,moving,,-1.0
603,bus,6,50.0,52.5,moving,,1.0
603,bus,7,22.5,15.0,moving,,-1.0
603,bus,8,22.5,60.0,moving,,1.0
603,bus,9,15.0,42.5,moving,,-1.0
603,bus,10,50.0,32.5,moving,,1.0
603,bus,11,42.5,15.0,moving,,-1.0
603,bus,12,15.0,47.5,moving,,1.0
603,bus,13,17.5,60.0,moving,,-1.0
603,bus,14,47.5,15.0,moving,,1.0
603,bus,15,50.0,27.5,moving,,-1.0
603,bus,16,15.0,27.5,moving,,1.0
603,bus,17,37.5,60.0,moving,,-1.0
603,bus,18,27.5,15.0,moving,,1.0
603,bus,19,50.0,47.5,moving,,-1.0
603,bus,20,15.0,7.5,moving,,1.0
603,bus,21,57.5,60.0,moving,,-1.0
603,bus,22,7.5,15.0,moving,,1.0
603,bus,23,50.0,67.5,moving,,-1.0
604,drone,0,15.0,0.0,waiting_at_bus_station_for_delivery,259.6887112585072,
604,drone,1,20.0,15.0,waiting_at_bus_station_for_delivery,205.27745565932102,
604,bus,0,65.0,60.0,at_station,,1.0
604,bus,1,15.0,0.0,at_station,,-1.0
604,bus,2,50.0,75.0,at_station,,1.0
604,bus,3,0.0,15.0,at_station,,-1.0
604,bus,4,45.0,60.0,at_station,,1.0
604,bus,5,15.0,20.0,at_station,,-1.0
604,bus,6,50.0,55.0,at_station,,1.0
604,bus,7,20.0,15.0,at_station,,-1.0
604,bus,8,25.0,60.0,at_station,,1.0
604,bus,9,15.0,40.0,at_station,,-1.0
604,bus,10,50.0,35.0,at_station,,1.0
604,bus,11,40.0,15.0,at_station,,-1.0
604,bus,12,15.0,50.0,at_station,,1.0
604,bus,13,15.0,60.0,at_station,,-1.0
604,bus,14,50.0,15.0,at_station,,1.0
604,bus,15,50.0,25.0,at_station,,-1.0
604,bus,16,15.0,30.0,at_station,,1.0
604,bus,17,35.0,60.0,at_station,,-1.0
604,bus,18,30.0,15.0,at_station,,1.0
604,bus,19,50.0,45.0,at_station,,-1.0
604,bus,20,15.0,10.0,at_station,,1.0
604,bus,21,55.0,60.0,at_station,,-1.0
604,bus,22,10.0,15.0,at_station,,1.0
604,bus,23,50.0,65.0,at_station,,-1.0
605,drone,0,15.0,0.0,waiting_at_bus_station_for_delivery,259.6887112585072,
605,drone,1,20.0,20.0,moving_to_delivery,200.27745565932102,
605,bus,0,65.0,60.0,at_station,,1.0
605,bus,1,15.0,0.0,at_station,,-1.0
605,bus,2,50.0,75.0,at_station,,1.0
605,bus,3,0.0,15.0,at_station,,-1.0
605,bus,4,45.0,60.0,at_station,,1.0
605,bus,5,15.0,20.0,at_station,,-1.0
605,bus,6,50.0,55.0,at_station,,1.0
605,bus,7,20.0,15.0,at_station,,-1.0
605,bus,8,25.0,60.0,at_station,,1.0
605,bus,9,15.0,40.0,at_station,,-1.0
605,bus,10,50.0,35.0,at_station,,1.0
605,bus,11,40.0,15.0,at_station,,-1.0
605,bus,12,15.0,50.0,at_station,,1.0
605,bus,13,15.0,60.0,at_station,,-1.0
605,bus,14,50.0,15.0,at_station,,1.0
605,bus,15,50.0,25.0,at_station,,-1.0
605,bus,16,15.0,30.0,at_station,,1.0
605,bus,17,35.0,60.0,at_station,,-1.0
605,bus,18,30.0,15.0,at_station,,1.0
605,bus,19,50.0,45.0,at_station,,-1.0
605,bus,20,15.0,10.0,at_station,,1.0
605,bus,21,55.0,60.0,at_station,,-1.0
605,bus,22,10.0,15.0,at_station,,1.0
605,bus,23,50.0,65.0,at_station,,-1.0
606,drone,0,15.0,0.0,waiting_at_bus_station_for_delivery,259.6887112585072,
606,drone,1,20.0,25.0,moving_to_delivery,195.27745565932102,
606,bus,0,65.0,60.0,at_station,,1.0
606,bus,1,15.0,0.0,at_station,,-1.0
606,bus,2,50.0,75.0,at_station,,1.0
606,bus,3,0.0,15.0,at_station,,-1.0
606,bus,4,45.0,60.0,at_station,,1.0
606,bus,5,15.0,20.0,at_station,,-1.0
606,bus,6,50.0,55.0,at_station,,1.0
606,bus,7,20.0,15.0,at_station,,-1.0
606,bus,8,25.0,60.0,at_station,,1.0
606,bus,9,15.0,40.0,at_station,,-1.0
606,bus,10,50.0,35.0,at_station,,1.0
606,bus,11,40.0,15.0,at_station,,-1.0
606,bus,12,15.0,50.0,at_station,,1.0
606,bus,13,15.0,60.0,at_station,,-1.0
606,bus,14,50.0,15.0,at_station,,1.0
606,bus,15,50.0,25.0,at_station,,-1.0
606,bus,16,15.0,30.0,at_station,,1.0
606,bus,17,35.0,60.0,at_station,,-1.0
606,bus,18,30.0,15.0,at_station,,1.0
606,bus,19,50.0,45.0,at_station,,-1.0
606,bus,20,15.0,10.0,at_station,,1.0
606,bus,21,55.0,60.0,at_station,,-1.0
606,bus,22,10.0,15.0,at_station,,1.0
606,bus,23,50.0,65.0,at_station,,-1.0
607,drone,0,15.0,0.0,waiting_at_bus_station_for_delivery,259.6887112585072,
607,drone,1,20.0,26.0,idle,194.27745565932102,
607,bus,0,62.5,60.0,moving,,-1.0
607,bus,1,15.0,2.5,moving,,1.0
607,bus,2,50.0,72.5,moving,,-1.0
607,bus,3,2.5,15.0,moving,,1.0
607,bus,4,47.5,60.0,moving,,1.0
607,bus,5,15.0,17.5,moving,,-1.0
607,bus,6,50.0,57.5,moving,,1.0
607,bus,7,17.5,15.0,moving,,-1.0
607,bus,8,27.5,60.0,moving,,1.0
607,bus,9,15.0,37.5,moving,,-1.0
607,bus,10,50.0,37.5,moving,,1.0
607,bus,11,37.5,15.0,moving,,-1.0
607,bus,12,15.0,52.5,moving,,1.0
607,bus,13,15.0,57.5,moving,,-1.0
607,bus,14,50.0,17.5,moving,,1.0
607,bus,15,50.0,22.5,moving,,-1.0
607,bus,16,15.0,32.5,moving,,1.0
607,bus,17,32.5,60.0,moving,,-1.0
607,bus,18,32.5,15.0,moving,,1.0
607,bus,19,50.0,42.5,moving,,-1.0
607,bus,20,15.0,12.5,moving,,1.0
607,bus,21,52.5,60.0,moving,,-1.0
607,bus,22,12.5,15.0,moving,,1.0
607,bus,23,50.0,62.5,moving,,-1.0
608,drone,0,15.0,0.0,waiting_at_bus_station_for_delivery,259.6887112585072,
608,drone,1,20.727469952474156,30.946795676824266,moving_to_bus_station_for_delivery,189.27745565932102,
608,bus,0,57.5,60.0,moving,,-1.0
608,bus,1,15.0,7.5,moving,,1.0
608,bus,2,50.0,67.5,moving,,-1.0
608,bus,3,7.5,15.0,moving,,1.0
608,bus,4,52.5,60.0,moving,,1.0
608,bus,5,15.0,12.5,moving,,-1.0
608,bus,6,50.0,62.5,moving,,1.0
608,bus,7,12.5,15.0,moving,,-1.0
608,bus,8,32.5,60.0,moving,,1.0
608,bus,9,15.0,32.5,moving,,-1.0
608,bus,10,50.0,42.5,moving,,1.0
608,bus,11,32.5,15.0,moving,,-1.0
608,bus,12,15.0,57.5,moving,,1.0
608,bus,13,15.0,52.5,moving,,-1.0
608,bus,14,50.0,22.5,moving,,1.0
608,bus,15,50.0,17.5,moving,,-1.0
608,bus,16,15.0,37.5,moving,,1.0
608,bus,17,27.5,60.0,moving,,-1.0
608,bus,18,37.5,15.0,moving,,1.0
608,bus,19,50.0,37.5,moving,,-1.0
608,bus,20,15.0,17.5,moving,,1.0
608,bus,21,47.5,60.0,moving,,-1.0
608,bus,22,17.5,15.0,moving,,1.0
608,bus,23,50.0,57.5,moving,,-1.0
609,drone,0,15.0,0.0,waiting_at_bus_station_for_delivery,259.6887112585072,
609,drone,1,21.45493990494831,35.89359135364853,moving_to_bus_station_for_delivery,184.27745565932102,
609,bus,0,55.0,60.0,at_station,,-1.0
609,bus,1,15.0,10.0,at_station,,1.0
609,bus,2,50.0,65.0,at_station,,-1.0
609,bus,3,10.0,15.0,at_station,,1.0
609,bus,4,55.0,60.0,at_station,,1.0
609,bus,5,15.0,10.0,at_station,,-1.0
609,bus,6,50.0,65.0,at_station,,1.0
609,bus,7,10.0,15.0,at_station,,-1.0
609,bus,8,35.0,60.0,at_station,,1.0
609,bus,9,15.0,30.0,at_station,,-1.0
609,bus,10,50.0,45.0,at_station,,1.0
609,bus,11,30.0,15.0,at_station,,-1.0
609,bus,12,15.0,60.0,at_station,,1.0
609,bus,13,15.0,50.0,at_station,,-1.0
609,bus,14,50.0,25.0,at_station,,1.0
609,bus,15,50.0,15.0,at_station,,-1.0
609,bus,16,15.0,40.0,at_station,,1.0
609,bus,17,25.0,60.0,at_station,,-1.0
609,bus,18,40.0,15.0,at_station,,1.0
609,bus,19,50.0,35.0,at_station,,-1.0
609,bus,20,15.0,20.0,at_station,,1.0
609,bus,21,45.0,60.0,at_station,,-1.0
609,bus,22,20.0,15.0,at_station,,1.0
609,bus,23,50.0,55.0,at_station,,-1.0
610,drone,0,15.0,0.0,waiting_at_bus_station_for_delivery,259.6887112585072,
610,drone,1,22.182409857422467,40.8403870304728,moving_to_bus_station_for_delivery,179.27745565932102,
610,bus,0,55.0,60.0,at_station,,-1.0
610,bus,1,15.0,10.0,at_station,,1.0
610,bus,2,50.0,65.0,at_station,,-1.0
610,bus,3,10.0,15.0,at_station,,1.0
610,bus,4,55.0,60.0,at_station,,1.0
610,bus,5,15.0,10.0,at_station,,-1.0
610,bus,6,50.0,65.0,at_station,,1.0
610,bus,7,10.0,15.0,at_station,,-1.0
610,bus,8,35.0,60.0,at_station,,1.0
610,bus,9,15.0,30.0,at_station,,-1.0
610,bus,10,50.0,45.0,at_station,,1.0
610,bus,11,30.0,15.0,at_station,,-1.0
610,bus,12,15.0,60.0,at_station,,1.0
610,bus,13,15.0,50.0,at_station,,-1.0
610,bus,14,50.0,25.0,at_station,,1.0
610,bus,15,50.0,15.0,at_station,,-1.0
610,bus,16,15.0,40.0,at_station,,1.0
610,bus,17,25.0,60.0,at_station,,-1.0
610,bus,18,40.0,15.0,at_station,,1.0
610,bus,19,50.0,35.0,at_station,,-1.0
610,bus,20,15.0,20.0,at_station,,1.0
610,bus,21,45.0,60.0,at_station,,-1.0
610,bus,22,20.0,15.0,at_station,,1.0
610,bus,23,50.0,55.0,at_station,,-1.0
611,drone,0,15.0,0.0,waiting_at_bus_station_for_delivery,259.6887112585072,
611,drone,1,22.909879809896626,45.78718270729706,moving_to_bus_station_for_delivery,174.27745565932102,
611,bus,0,55.0,60.0,at_station,,-1.0
611,bus,1,15.0,10.0,at_station,,1.0
611,bus,2,50.0,65.0,at_station,,-1.0
611,bus,3,10.0,15.0,at_station,,1.0
611,bus,4,55.0,60.0,at_station,,1.0
611,bus,5,15.0,10.0,at_station,,-1.0
611,bus,6,50.0,65.0,at_station,,1.0
611,bus,7,10.0,15.0,at_station,,-1.0
611,bus,8,35.0,60.0,at_station,,1.0
611,bus,9,15.0,30.0,at_station,,-1.0
611,bus,10,50.0,45.0,at_station,,1.0
611,bus,11,30.0,15.0,at_station,,-1.0
611,bus,12,15.0,60.0,at_station,,1.0
611,bus,13,15.0,50.0,at_station,,-1.0
611,bus,14,50.0,25.0,at_station,,1.0
611,bus,15,50.0,15.0,at_station,,-1.0
611,bus,16,15.0,40.0,at_station,,1.0
611,bus,17,25.0,60.0,at_station,,-1.0
611,bus,18,40.0,15.0,at_station,,1.0
611,bus,19,50.0,35.0,at_station,,-1.0
611,bus,20,15.0,20.0,at_station,,1.0
611,bus,21,45.0,60.0,at_station,,-1.0
611,bus,22,20.0,15.0,at_station,,1.0
611,bus,23,50.0,55.0,at_station,,-1.0
612,drone,0,15.0,0.0,waiting_at_bus_station_for_delivery,259.6887112585072,
612,drone,1,23.637349762370782,50.73397838412133,moving_to_bus_station_for_delivery,169.27745565932102,
612,bus,0,52.5,60.0,moving,,-1.0
612,bus,1,15.0,12.5,moving,,1.0
612,bus,2,50.0,62.5,moving,,-1.0
612,bus,3,12.5,15.0,moving,,1.0
612,bus,4,57.5,60.0,moving,,1.0
612,bus,5,15.0,7.5,moving,,-1.0
612,bus,6,50.0,67.5,moving,,1.0
612,bus,7,7.5,15.0,moving,,-1.0
612,bus,8,37.5,60.0,moving,,1.0
612,bus,9,15.0,27.5,moving,,-1.0
612,bus,10,50.0,47.5,moving,,1.0
612,bus,11,27.5,15.0,moving,,-1.0
612,bus,12,17.5,60.0,moving,,1.0
612,bus,13,15.0,47.5,moving,,-1.0
612,bus,14,50.0,27.5,moving,,1.0
612,bus,15,47.5,15.0,moving,,-1.0
612,bus,16,15.0,42.5,moving,,1.0
612,bus,17,22.5,60.0,moving,,-1.0
612,bus,18,42.5,15.0,moving,,1.0
612,bus,19,50.0,32.5,moving,,-1.0
612,bus,20,15.0,22.5,moving,,1.0
612,bus,21,42.5,60.0,moving,,-1.0
612,bus,22,22.5,15.0,moving,,1.0
612,bus,23,50.0,52.5,moving,,-1.0
613,drone,0,15.0,0.0,waiting_at_bus_station_for_delivery,259.6887112585072,
613,drone,1,24.36481971484494,55.680774060945595,moving_to_bus_station_for_delivery,164.27745565932102,
613,bus,0,47.5,60.0,moving,,-1.0
613,bus,1,15.0,17.5,moving,,1.0
613,bus,2,50.0,57.5,moving,,-1.0
613,bus,3,17.5,15.0,moving,,1.0
613,bus,4,62.5,60.0,moving,,1.0
613,bus,5,15.0,2.5,moving,,-1.0
613,bus,6,50.0,72.5,moving,,1.0
613,bus,7,2.5,15.0,moving,,-1.0
613,bus,8,42.5,60.0,moving,,1.0
613,bus,9,15.0,22.5,moving,,-1.0
613,bus,10,50.0,52.5,moving,,1.0
613,bus,11,22.5,15.0,moving,,-1.0
613,bus,12,22.5,60.0,moving,,1.0
613,bus,13,15.0,42.5,moving,,-1.0
613,bus,14,50.0,32.5,moving,,1.0
613,bus,15,42.5,15.0,moving,,-1.0
613,bus,16,15.0,47.5,moving,,1.0
613,bus,17,17.5,60.0,moving,,-1.0
613,bus,18,47.5,15.0,moving,,1.0
613,bus,19,50.0,27.5,moving,,-1.0
613,bus,20,15.0,27.5,moving,,1.0
613,bus,21,37.5,60.0,moving,,-1.0
613,bus,22,27.5,15.0,moving,,1.0
613,bus,23,50.0,47.5,moving,,-1.0
614,drone,0,15.0,0.0,waiting_at_bus_station_for_delivery,259.6887112585072,
614,drone,1,25.0,60.0,waiting_at_bus_station_for_delivery,159.91177510444186,
614,bus,0,45.0,60.0,at_station,,-1.0
614,bus,1,15.0,20.0,at_station,,1.0
614,bus,2,50.0,55.0,at_station,,-1.0
614,bus,3,20.0,15.0,at_station,,1.0
614,bus,4,65.0,60.0,at_station,,1.0
614,bus,5,15.0,0.0,at_station,,-1.0
614,bus,6,50.0,75.0,at_station,,1.0
614,bus,7,0.0,15.0,at_station,,-1.0
614,bus,8,45.0,60.0,at_station,,1.0
614,bus,9,15.0,20.0,at_station,,-1.0
614,bus,10,50.0,55.0,at_station,,1.0
614,bus,11,20.0,15.0,at_station,,-1.0
614,bus,12,25.0,60.0,at_station,,1.0
614,bus,13,15.0,40.0,at_station,,-1.0
614,bus,14,50.0,35.0,at_station,,1.0
614,bus,15,40.0,15.0,at_station,,-1.0
614,bus,16,15.0,50.0,at_station,,1.0
614,bus,17,15.0,60.0,at_station,,-1.0
614,bus,18,50.0,15.0,at_station,,1.0
614,bus,19,50.0,25.0,at_station,,-1.0
614,bus,20,15.0,30.0,at_station,,1.0
614,bus,21,35.0,60.0,at_station,,-1.0
614,bus,22,30.0,15.0,at_station,,1.0
614,bus,23,50.0,45.0,at_station,,-1.0
615,drone,0,19.74341649025257,1.5811388300841898,moving_to_delivery,254.68871125850723,
615,drone,1,25.0,60.0,waiting_at_bus_station_for_delivery,159.91177510444186,
615,bus,0,45.0,60.0,at_station,,-1.0
615,bus,1,15.0,20.0,at_station,,1.0
615,bus,2,50.0,55.0,at_station,,-1.0
615,bus,3,20.0,15.0,at_station,,1.0
615,bus,4,65.0,60.0,at_station,,1.0
615,bus,5,15.0,0.0,at_station,,-1.0
615,bus,6,50.0,75.0,at_station,,1.0
615,bus,7,0.0,15.0,at_station,,-1.0
615,bus,8,45.0,60.0,at_station,,1.0
615,bus,9,15.0,20.0,at_station,,-1.0
615,bus,10,50.0,55.0,at_station,,1.0
615,bus,11,20.0,15.0,at_station,,-1.0
615,bus,12,25.0,60.0,at_station,,1.0
615,bus,13,15.0,40.0,at_station,,-1.0
615,bus,14,50.0,35.0,at_station,,1.0
615,bus,15,40.0,15.0,at_station,,-1.0
615,bus,16,15.0,50.0,at_station,,1.0
615,bus,17,15.0,60.0,at_station,,-1.0
615,bus,18,50.0,15.0,at_station,,1.0
615,bus,19,50.0,25.0,at_station,,-1.0
615,bus,20,15.0,30.0,at_station,,1.0
615,bus,21,35.0,60.0,at_station,,-1.0
615,bus,22,30.0,15.0,at_station,,1.0
615,bus,23,50.0,45.0,at_station,,-1.0
616,drone,0,24.48683298050514,3.16227766016838,moving_to_delivery,249.68871125850723,
616,drone,1,25.0,60.0,waiting_at_bus_station_for_delivery,159.91177510444186,
616,bus,0,45.0,60.0,at_station,,-1.0
616,bus,1,15.0,20.0,at_station,,1.0
616,bus,2,50.0,55.0,at_station,,-1.0
616,bus,3,20.0,15.0,at_station,,1.0
616,bus,4,65.0,60.0,at_station,,1.0
616,bus,5,15.0,0.0,at_station,,-1.0
616,bus,6,50.0,75.0,at_station,,1.0
616,bus,7,0.0,15.0,at_station,,-1.0
616,bus,8,45.0,60.0,at_station,,1.0
616,bus,9,15.0,20.0,at_station,,-1.0
616,bus,10,50.0,55.0,at_station,,1.0
616,bus,11,20.0,15.0,at_station,,-1.0
616,bus,12,25.0,60.0,at_station,,1.0
616,bus,13,15.0,40.0,at_station,,-1.0
616,bus,14,50.0,35.0,at_station,,1.0
616,bus,15,40.0,15.0,at_station,,-1.0
616,bus,16,15.0,50.0,at_station,,1.0
616,bus,17,15.0,60.0,at_station,,-1.0
616,bus,18,50.0,15.0,at_station,,1.0
616,bus,19,50.0,25.0,at_station,,-1.0
616,bus,20,15.0,30.0,at_station,,1.0
616,bus,21,35.0,60.0,at_station,,-1.0
616,bus,22,30.0,15.0,at_station,,1.0
616,bus,23,50.0,45.0,at_station,,-1.0
617,drone,0,29.230249470757713,4.74341649025257,moving_to_delivery,244.68871125850723,
617,drone,1,25.0,60.0,waiting_at_bus_station_for_delivery,159.91177510444186,
617,bus,0,42.5,60.0,moving,,-1.0
617,bus,1,15.0,22.5,moving,,1.0
617,bus,2,50.0,52.5,moving,,-1.0
617,bus,3,22.5,15.0,moving,,1.0
617,bus,4,62.5,60.0,moving,,-1.0
617,bus,5,15.0,2.5,moving,,1.0
617,bus,6,50.0,72.5,moving,,-1.0
617,bus,7,2.5,15.0,moving,,1.0
617,bus,8,47.5,60.0,moving,,1.0
617,bus,9,15.0,17.5,moving,,-1.0
617,bus,10,50.0,57.5,moving,,1.0
617,bus,11,17.5,15.0,moving,,-1.0
617,bus,12,27.5,60.0,moving,,1.0
617,bus,13,15.0,37.5,moving,,-1.0
617,bus,14,50.0,37.5,moving,,1.0
617,bus,15,37.5,15.0,moving,,-1.0
617,bus,16,15.0,52.5,moving,,1.0
617,bus,17,15.0,57.5,moving,,-1.0
617,bus,18,50.0,17.5,moving,,1.0
617,bus,19,50.0,22.5,moving,,-1.0
617,bus,20,15.0,32.5,moving,,1.0
617,bus,21,32.5,60.0,moving,,-1.0
617,bus,22,32.5,15.0,moving,,1.0
617,bus,23,50.0,42.5,moving,,-1.0
618,drone,0,30.0,5.0,idle,243.87732295766534,
618,drone,1,25.0,60.0,waiting_at_bus_station_for_delivery,159.91177510444186,
618,bus,0,37.5,60.0,moving,,-1.0
618,bus,1,15.0,27.5,moving,,1.0
618,bus,2,50.0,47.5,moving,,-1.0
618,bus,3,27.5,15.0,moving,,1.0
618,bus,4,57.5,60.0,moving,,-1.0
618,bus,5,15.0,7.5,moving,,1.0
618,bus,6,50.0,67.5,moving,,-1.0
618,bus,7,7.5,15.0,moving,,1.0
618,bus,8,52.5,60.0,moving,,1.0
618,bus,9,15.0,12.5,moving,,-1.0
618,bus,10,50.0,62.5,moving,,1.0
618,bus,11,12.5,15.0,moving,,-1.0
618,bus,12,32.5,60.0,moving,,1.0
618,bus,13,15.0,32.5,moving,,-1.0
618,bus,14,50.0,42.5,moving,,1.0
618,bus,15,32.5,15.0,moving,,-1.0
618,bus,16,15.0,57.5,moving,,1.0
618,bus,17,15.0,52.5,moving,,-1.0
618,bus,18,50.0,22.5,moving,,1.0
618,bus,19,50.0,17.5,moving,,-1.0
618,bus,20,15.0,37.5,moving,,1.0
618,bus,21,27.5,60.0,moving,,-1.0
618,bus,22,37.5,15.0,moving,,1.0
618,bus,23,50.0,37.5,moving,,-1.0
619,drone,0,30.452678730212593,9.979466032338518,moving_to_bus_station_for_delivery,238.87732295766534,
619,drone,1,25.0,60.0,waiting_at_bus_station_for_delivery,159.91177510444186,
619,bus,0,35.0,60.0,at_station,,-1.0
619,bus,1,15.0,30.0,at_station,,1.0
619,bus,2,50.0,45.0,at_station,,-1.0
619,bus,3,30.0,15.0,at_station,,1.0
619,bus,4,55.0,60.0,at_station,,-1.0
619,bus,5,15.0,10.0,at_station,,1.0
619,bus,6,50.0,65.0,at_station,,-1.0
619,bus,7,10.0,15.0,at_station,,1.0
619,bus,8,55.0,60.0,at_station,,1.0
619,bus,9,15.0,10.0,at_station,,-1.0
619,bus,10,50.0,65.0,at_station,,1.0
619,bus,11,10.0,15.0,at_station,,-1.0
619,bus,12,35.0,60.0,at_station,,1.0
619,bus,13,15.0,30.0,at_station,,-1.0
619,bus,14,50.0,45.0,at_station,,1.0
619,bus,15,30.0,15.0,at_station,,-1.0
619,bus,16,15.0,60.0,at_station,,1.0
619,bus,17,15.0,50.0,at_station,,-1.0
619,bus,18,50.0,25.0,at_station,,1.0
619,bus,19,50.0,15.0,at_station,,-1.0
619,bus,20,15.0,40.0,at_station,,1.0
619,bus,21,25.0,60.0,at_station,,-1.0
619,bus,22,40.0,15.0,at_station,,1.0
619,bus,23,50.0,35.0,at_station,,-1.0
620,drone,0,30.905357460425186,14.958932064677036,moving_to_bus_station_for_delivery,233.87732295766534,
620,drone,1,25.0,60.0,waiting_at_bus_station_for_delivery,159.91177510444186,
620,bus,0,35.0,60.0,at_station,,-1.0
620,bus,1,15.0,30.0,at_station,,1.0
620,bus,2,50.0,45.0,at_station,,-1.0
620,bus,3,30.0,15.0,at_station,,1.0
620,bus,4,55.0,60.0,at_station,,-1.0
620,bus,5,15.0,10.0,at_station,,1.0
620,bus,6,50.0,65.0,at_station,,-1.0
620,bus,7,10.0,15.0,at_station,,1.0
620,bus,8,55.0,60.0,at_station,,1.0
620,bus,9,15.0,10.0,at_station,,-1.0
620,bus,10,50.0,65.0,at_station,,1.0
620,bus,11,10.0,15.0,at_station,,-1.0
620,bus,12,35.0,60.0,at_station,,1.0
620,bus,13,15.0,30.0,at_station,,-1.0
620,bus,14,50.0,45.0,at_station,,1.0
620,bus,15,30.0,15.0,at_station,,-1.0
620,bus,16,15.0,60.0,at_station,,1.0
620,bus,17,15.0,50.0,at_station,,-1.0
620,bus,18,50.0,25.0,at_station,,1.0
620,bus,19,50.0,15.0,at_station,,-1.0
620,bus,20,15.0,40.0,at_station,,1.0
620,bus,21,25.0,60.0,at_station,,-1.0
620,bus,22,40.0,15.0,at_station,,1.0
620,bus,23,50.0,35.0,at_station,,-1.0
621,drone,0,31.35803619063778,19.938398097015554,moving_to_bus_station_for_delivery,228.87732295766534,
621,drone,1,25.0,60.0,waiting_at_bus_station_for_delivery,159.91177510444186,
621,bus,0,35.0,60.0,at_station,,-1.0
621,bus,1,15.0,30.0,at_station,,1.0
621,bus,2,50.0,45.0,at_station,,-1.0
621,bus,3,30.0,15.0,at_station,,1.0
621,bus,4,55.0,60.0,at_station,,-1.0
621,bus,5,15.0,10.0,at_station,,1.0
621,bus,6,50.0,65.0,at_station,,-1.0
621,bus,7,10.0,15.0,at_station,,1.0
621,bus,8,55.0,60.0,at_station,,1.0
621,bus,9,15.0,10.0,at_station,,-1.0
621,bus,10,50.0,65.0,at_station,,1.0
621,bus,11,10.0,15.0,at_station,,-1.0
621,bus,12,35.0,60.0,at_station,,1.0
621,bus,13,15.0,30.0,at_station,,-1.0
621,bus,14,50.0,45.0,at_station,,1.0
621,bus,15,30.0,15.0,at_station,,-1.0
621,bus,16,15.0,60.0,at_station,,1.0
621,bus,17,15.0,50.0,at_station,,-1.0
621,bus,18,50.0,25.0,at_station,,1.0
621,bus,19,50.0,15.0,at_station,,-1.0
621,bus,20,15.0,40.0,at_station,,1.0
621,bus,21,25.0,60.0,at_station,,-1.0
621,bus,22,40.0,15.0,at_station,,1.0
621,bus,23,50.0,35.0,at_station,,-1.0
622,drone,0,31.810714920850373,24.917864129354072,moving_to_bus_station_for_delivery,223.87732295766534,
622,drone,1,25.0,60.0,waiting_at_bus_station_for_delivery,159.91177510444186,
622,bus,0,32.5,60.0,moving,,-1.0
622,bus,1,15.0,32.5,moving,,1.0
622,bus,2,50.0,42.5,moving,,-1.0
622,bus,3,32.5,15.0,moving,,1.0
622,bus,4,52.5,60.0,moving,,-1.0
622,bus,5,15.0,12.5,moving,,1.0
622,bus,6,50.0,62.5,moving,,-1.0
622,bus,7,12.5,15.0,moving,,1.0
622,bus,8,57.5,60.0,moving,,1.0
622,bus,9,15.0,7.5,moving,,-1.0
622,bus,10,50.0,67.5,moving,,1.0
622,bus,11,7.5,15.0,moving,,-1.0
622,bus,12,37.5,60.0,moving,,1.0
622,bus,13,15.0,27.5,moving,,-1.0
622,bus,14,50.0,47.5,moving,,1.0
622,bus,15,27.5,15.0,moving,,-1.0
622,bus,16,17.5,60.0,moving,,1.0
622,bus,17,15.0,47.5,moving,,-1.0
622,bus,18,50.0,27.5,moving,,1.0
622,bus,19,47.5,15.0,moving,,-1.0
622,bus,20,15.0,42.5,moving,,1.0
622,bus,21,22.5,60.0,moving,,-1.0
622,bus,22,42.5,15.0,moving,,1.0
622,bus,23,50.0,32.5,moving,,-1.0
623,drone,0,32.26339365106296,29.897330161692594,moving_to_bus_station_for_delivery,218.87732295766534,
623,drone,1,25.0,60.0,waiting_at_bus_station_for_delivery,159.91177510444186,
623,bus,0,27.5,60.0,moving,,-1.0
623,bus,1,15.0,37.5,moving,,1.0
623,bus,2,50.0,37.5,moving,,-1.0
623,bus,3,37.5,15.0,moving,,1.0
623,bus,4,47.5,60.0,moving,,-1.0
623,bus,5,15.0,17.5,moving,,1.0
623,bus,6,50.0,57.5,moving,,-1.0
623,bus,7,17.5,15.0,moving,,1.0
623,bus,8,62.5,60.0,moving,,1.0
623,bus,9,15.0,2.5,moving,,-1.0
623,bus,10,50.0,72.5,moving,,1.0
623,bus,11,2.5,15.0,moving,,-1.0
623,bus,12,42.5,60.0,moving,,1.0
623,bus,13,15.0,22.5,moving,,-1.0
623,bus,14,50.0,52.5,moving,,1.0
623,bus,15,22.5,15.0,moving,,-1.0
623,bus,16,22.5,60.0,moving,,1.0
623,bus,17,15.0,42.5,moving,,-1.0
623,bus,18,50.0,32.5,moving,,1.0
623,bus,19,42.5,15.0,moving,,-1.0
623,bus,20,15.0,47.5,moving,,1.0
623,bus,21,17.5,60.0,moving,,-1.0
623,bus,22,47.5,15.0,moving,,1.0
623,bus,23,50.0,27.5,moving,,-1.0
624,drone,0,32.71607238127555,34.876796194031115,moving_to_bus_station_for_delivery,213.87732295766534,
624,drone,1,25.0,60.0,waiting_at_bus_station_for_delivery,159.91177510444186,
624,bus,0,25.0,60.0,at_station,,-1.0
624,bus,1,15.0,40.0,at_station,,1.0
624,bus,2,50.0,35.0,at_station,,-1.0
624,bus,3,40.0,15.0,at_station,,1.0
624,bus,4,45.0,60.0,at_station,,-1.0
624,bus,5,15.0,20.0,at_station,,1.0
624,bus,6,50.0,55.0,at_station,,-1.0
624,bus,7,20.0,15.0,at_station,,1.0
624,bus,8,65.0,60.0,at_station,,1.0
624,bus,9,15.0,0.0,at_station,,-1.0
624,bus,10,50.0,75.0,at_station,,1.0
624,bus,11,0.0,15.0,at_station,,-1.0
624,bus,12,45.0,60.0,at_station,,1.0
624,bus,13,15.0,20.0,at_station,,-1.0
624,bus,14,50.0,55.0,at_station,,1.0
624,bus,15,20.0,15.0,at_station,,-1.0
624,bus,16,25.0,60.0,at_station,,1.0
624,bus,17,15.0,40.0,at_station,,-1.0
624,bus,18,50.0,35.0,at_station,,1.0
624,bus,19,40.0,15.0,at_station,,-1.0
624,bus,20,15.0,50.0,at_station,,1.0
624,bus,21,15.0,60.0,at_station,,-1.0
624,bus,22,50.0,15.0,at_station,,1.0
624,bus,23,50.0,25.0,at_station,,-1.0
625,drone,0,33.16875111148815,39.85626222636964,moving_to_bus_station_for_delivery,208.87732295766534,
625,drone,1,24.0,58.0,idle,157.67570712694206,
625,bus,0,25.0,60.0,at_station,,-1.0
625,bus,1,15.0,40.0,at_station,,1.0
625,bus,2,50.0,35.0,at_station,,-1.0
625,bus,3,40.0,15.0,at_station,,1.0
625,bus,4,45.0,60.0,at_station,,-1.0
625,bus,5,15.0,20.0,at_station,,1.0
625,bus,6,50.0,55.0,at_station,,-1.0
625,bus,7,20.0,15.0,at_station,,1.0
625,bus,8,65.0,60.0,at_station,,1.0
625,bus,9,15.0,0.0,at_station,,-1.0
625,bus,10,50.0,75.0,at_station,,1.0
625,bus,11,0.0,15.0,at_station,,-1.0
625,bus,12,45.0,60.0,at_station,,1.0
625,bus,13,15.0,20.0,at_station,,-1.0
625,bus,14,50.0,55.0,at_station,,1.0
625,bus,15,20.0,15.0,at_station,,-1.0
625,bus,16,25.0,60.0,at_station,,1.0
625,bus,17,15.0,40.0,at_station,,-1.0
625,bus,18,50.0,35.0,at_station,,1.0
625,bus,19,40.0,15.0,at_station,,-1.0
625,bus,20,15.0,50.0,at_station,,1.0
625,bus,21,15.0,60.0,at_station,,-1.0
625,bus,22,50.0,15.0,at_station,,1.0
625,bus,23,50.0,25.0,at_station,,-1.0
626,drone,0,33.62142984170074,44.83572825870816,moving_to_bus_station_for_delivery,203.87732295766534,
626,drone,1,28.98962654484229,58.32191138998982,moving_to_bus_station_for_delivery,152.67570712694206,
626,bus,0,25.0,60.0,at_station,,-1.0
626,bus,1,15.0,40.0,at_station,,1.0
626,bus,2,50.0,35.0,at_station,,-1.0
626,bus,3,40.0,15.0,at_station,,1.0
626,bus,4,45.0,60.0,at_station,,-1.0
626,bus,5,15.0,20.0,at_station,,1.0
626,bus,6,50.0,55.0,at_station,,-1.0
626,bus,7,20.0,15.0,at_station,,1.0
626,bus,8,65.0,60.0,at_station,,1.0
626,bus,9,15.0,0.0,at_station,,-1.0
626,bus,10,50.0,75.0,at_station,,1.0
626,bus,11,0.0,15.0,at_station,,-1.0
626,bus,12,45.0,60.0,at_station,,1.0
626,bus,13,15.0,20.0,at_station,,-1.0
626,bus,14,50.0,55.0,at_station,,1.0
626,bus,15,20.0,15.0,at_station,,-1.0
626,bus,16,25.0,60.0,at_station,,1.0
626,bus,17,15.0,40.0,at_station,,-1.0
626,bus,18,50.0,35.0,at_station,,1.0
626,bus,19,40.0,15.0,at_station,,-1.0
626,bus,20,15.0,50.0,at_station,,1.0
626,bus,21,15.0,60.0,at_station,,-1.0
626,bus,22,50.0,15.0,at_station,,1.0
626,bus,23,50.0,25.0,at_station,,-1.0
627,drone,0,34.074108571913335,49.81519429104668,moving_to_bus_station_for_delivery,198.87732295766534,
627,drone,1,33.97925308968458,58.64382277997965,moving_to_bus_station_for_delivery,147.67570712694206,
627,bus,0,22.5,60.0,moving,,-1.0
627,bus,1,15.0,42.5,moving,,1.0
627,bus,2,50.0,32.5,moving,,-1.0
627,bus,3,42.5,15.0,moving,,1.0
627,bus,4,42.5,60.0,moving,,-1.0
627,bus,5,15.0,22.5,moving,,1.0
627,bus,6,50.0,52.5,moving,,-1.0
627,bus,7,22.5,15.0,moving,,1.0
627,bus,8,62.5,60.0,moving,,-1.0
627,bus,9,15.0,2.5,moving,,1.0
627,bus,10,50.0,72.5,moving,,-1.0
627,bus,11,2.5,15.0,moving,,1.0
627,bus,12,47.5,60.0,moving,,1.0
627,bus,13,15.0,17.5,moving,,-1.0
627,bus,14,50.0,57.5,moving,,1.0
627,bus,15,17.5,15.0,moving,,-1.0
627,bus,16,27.5,60.0,moving,,1.0
627,bus,17,15.0,37.5,moving,,-1.0
627,bus,18,50.0,37.5,moving,,1.0
627,bus,19,37.5,15.0,moving,,-1.0
627,bus,20,15.0,52.5,moving,,1.0
627,bus,21,15.0,57.5,moving,,-1.0
627,bus,22,50.0,17.5,moving,,1.0
627,bus,23,50.0,22.5,moving,,-1.0
628,drone,0,34.526787302125925,54.7946603233852,moving_to_bus_station_for_delivery,193.87732295766534,
628,drone,1,38.96887963452687,58.96573416996947,moving_to_bus_station_for_delivery,142.67570712694206,
628,bus,0,17.5,60.0,moving,,-1.0
628,bus,1,15.0,47.5,moving,,1.0
628,bus,2,50.0,27.5,moving,,-1.0
628,bus,3,47.5,15.0,moving,,1.0
628,bus,4,37.5,60.0,moving,,-1.0
628,bus,5,15.0,27.5,moving,,1.0
628,bus,6,50.0,47.5,moving,,-1.0
628,bus,7,27.5,15.0,moving,,1.0
628,bus,8,57.5,60.0,moving,,-1.0
628,bus,9,15.0,7.5,moving,,1.0
628,bus,10,50.0,67.5,moving,,-1.0
628,bus,11,7.5,15.0,moving,,1.0
628,bus,12,52.5,60.0,moving,,1.0
628,bus,13,15.0,12.5,moving,,-1.0
628,bus,14,50.0,62.5,moving,,1.0
628,bus,15,12.5,15.0,moving,,-1.0
628,bus,16,32.5,60.0,moving,,1.0
628,bus,17,15.0,32.5,moving,,-1.0
628,bus,18,50.0,42.5,moving,,1.0
628,bus,19,32.5,15.0,moving,,-1.0
628,bus,20,15.0,57.5,moving,,1.0
628,bus,21,15.0,52.5,moving,,-1.0
628,bus,22,50.0,22.5,moving,,1.0
628,bus,23,50.0,17.5,moving,,-1.0
629,drone,0,34.97946603233852,59.77412635572372,moving_to_bus_station_for_delivery,188.87732295766534,
629,drone,1,43.95850617936916,59.2876455599593,moving_to_bus_station_for_delivery,137.67570712694206,
629,bus,0,15.0,60.0,at_station,,-1.0
629,bus,1,15.0,50.0,at_station,,1.0
629,bus,2,50.0,25.0,at_station,,-1.0
629,bus,3,50.0,15.0,at_station,,1.0
629,bus,4,35.0,60.0,at_station,,-1.0
629,bus,5,15.0,30.0,at_station,,1.0
629,bus,6,50.0,45.0,at_station,,-1.0
629,bus,7,30.0,15.0,at_station,,1.0
629,bus,8,55.0,60.0,at_station,,-1.0
629,bus,9,15.0,10.0,at_station,,1.0
629,bus,10,50.0,65.0,at_station,,-1.0
629,bus,11,10.0,15.0,at_station,,1.0
629,bus,12,55.0,60.0,at_station,,1.0
629,bus,13,15.0,10.0,at_station,,-1.0
629,bus,14,50.0,65.0,at_station,,1.0
629,bus,15,10.0,15.0,at_station,,-1.0
629,bus,16,35.0,60.0,at_station,,1.0
629,bus,17,15.0,30.0,at_station,,-1.0
629,bus,18,50.0,45.0,at_station,,1.0
629,bus,19,30.0,15.0,at_station,,-1.0
629,bus,20,15.0,60.0,at_station,,1.0
629,bus,21,15.0,50.0,at_station,,-1.0
629,bus,22,50.0,25.0,at_station,,1.0
629,bus,23,50.0,15.0,at_station,,-1.0
630,drone,0,35.0,60.0,waiting_at_bus_station_for_delivery,188.65051787172905,
630,drone,1,48.94813272421145,59.60955694994912,moving_to_bus_station_for_delivery,132.67570712694206,
630,bus,0,15.0,60.0,at_station,,-1.0
630,bus,1,15.0,50.0,at_station,,1.0
630,bus,2,50.0,25.0,at_station,,-1.0
630,bus,3,50.0,15.0,at_station,,1.0
630,bus,4,35.0,60.0,at_station,,-1.0
630,bus,5,15.0,30.0,at_station,,1.0
630,bus,6,50.0,45.0,at_station,,-1.0
630,bus,7,30.0,15.0,at_station,,1.0
630,bus,8,55.0,60.0,at_station,,-1.0
630,bus,9,15.0,10.0,at_station,,1.0
630,bus,10,50.0,65.0,at_station,,-1.0
630,bus,11,10.0,15.0,at_station,,1.0
630,bus,12,55.0,60.0,at_station,,1.0
630,bus,13,15.0,10.0,at_station,,-1.0
630,bus,14,50.0,65.0,at_station,,1.0
630,bus,15,10.0,15.0,at_station,,-1.0
630,bus,16,35.0,60.0,at_station,,1.0
630,bus,17,15.0,30.0,at_station,,-1.0
630,bus,18,50.0,45.0,at_station,,1.0
630,bus,19,30.0,15.0,at_station,,-1.0
630,bus,20,15.0,60.0,at_station,,1.0
630,bus,21,15.0,50.0,at_station,,-1.0
630,bus,22,50.0,25.0,at_station,,1.0
630,bus,23,50.0,15.0,at_station,,-1.0
631,drone,0,35.0,60.0,waiting_at_bus_station_for_delivery,188.65051787172905,
631,drone,1,53.937759269053736,59.93146833993895,moving_to_bus_station_for_delivery,127.67570712694206,
631,bus,0,15.0,60.0,at_station,,-1.0
631,bus,1,15.0,50.0,at_station,,1.0
631,bus,2,50.0,25.0,at_station,,-1.0
631,bus,3,50.0,15.0,at_station,,1.0
631,bus,4,35.0,60.0,at_station,,-1.0
631,bus,5,15.0,30.0,at_station,,1.0
631,bus,6,50.0,45.0,at_station,,-1.0
631,bus,7,30.0,15.0,at_station,,1.0
631,bus,8,55.0,60.0,at_station,,-1.0
631,bus,9,15.0,10.0,at_station,,1.0
631,bus,10,50.0,65.0,at_station,,-1.0
631,bus,11,10.0,15.0,at_station,,1.0
631,bus,12,55.0,60.0,at_station,,1.0
631,bus,13,15.0,10.0,at_station,,-1.0
631,bus,14,50.0,65.0,at_station,,1.0
631,bus,15,10.0,15.0,at_station,,-1.0
631,bus,16,35.0,60.0,at_station,,1.0
631,bus,17,15.0,30.0,at_station,,-1.0
631,bus,18,50.0,45.0,at_station,,1.0
631,bus,19,30.0,15.0,at_station,,-1.0
631,bus,20,15.0,60.0,at_station,,1.0
631,bus,21,15.0,50.0,at_station,,-1.0
631,bus,22,50.0,25.0,at_station,,1.0
631,bus,23,50.0,15.0,at_station,,-1.0
632,drone,0,35.0,60.0,waiting_at_bus_station_for_delivery,188.65051787172905,
632,drone,1,55.0,60.0,waiting_at_bus_station_for_delivery,126.61125799292391,
632,bus,0,15.0,57.5,moving,,-1.0
632,bus,1,15.0,52.5,moving,,1.0
632,bus,2,50.0,22.5,moving,,-1.0
632,bus,3,50.0,17.5,moving,,1.0
632,bus,4,32.5,60.0,moving,,-1.0
632,bus,5,15.0,32.5,moving,,1.0
632,bus,6,50.0,42.5,moving,,-1.0
632,bus,7,32.5,15.0,moving,,1.0
632,bus,8,52.5,60.0,moving,,-1.0
632,bus,9,15.0,12.5,moving,,1.0
632,bus,10,50.0,62.5,moving,,-1.0
632,bus,11,12.5,15.0,moving,,1.0
632,bus,12,57.5,60.0,moving,,1.0
632,bus,13,15.0,7.5,moving,,-1.0
632,bus,14,50.0,67.5,moving,,1.0
632,bus,15,7.5,15.0,moving,,-1.0
632,bus,16,37.5,60.0,moving,,1.0
632,bus,17,15.0,27.5,moving,,-1.0
632,bus,18,50.0,47.5,moving,,1.0
632,bus,19,27.5,15.0,moving,,-1.0
632,bus,20,17.5,60.0,moving,,1.0
632,bus,21,15.0,47.5,moving,,-1.0
632,bus,22,50.0,27.5,moving,,1.0
632,bus,23,47.5,15.0,moving,,-1.0
633,drone,0,35.0,60.0,waiting_at_bus_station_for_delivery,188.65051787172905,
633,drone,1,55.0,60.0,waiting_at_bus_station_for_delivery,126.61125799292391,
633,bus,0,15.0,52.5,moving,,-1.0
633,bus,1,15.0,57.5,moving,,1.0
633,bus,2,50.0,17.5,moving,,-1.0
633,bus,3,50.0,22.5,moving,,1.0
633,bus,4,27.5,60.0,moving,,-1.0
633,bus,5,15.0,37.5,moving,,1.0
633,bus,6,50.0,37.5,moving,,-1.0
633,bus,7,37.5,15.0,moving,,1.0
633,bus,8,47.5,60.0,moving,,-1.0
633,bus,9,15.0,17.5,moving,,1.0
633,bus,10,50.0,57.5,moving,,-1.0
633,bus,11,17.5,15.0,moving,,1.0
633,bus,12,62.5,60.0,moving,,1.0
633,bus,13,15.0,2.5,moving,,-1.0
633,bus,14,50.0,72.5,moving,,1.0
633,bus,15,2.5,15.0,moving,,-1.0
633,bus,16,42.5,60.0,moving,,1.0
633,bus,17,15.0,22.5,moving,,-1.0
633,bus,18,50.0,52.5,moving,,1.0
633,bus,19,22.5,15.0,moving,,-1.0
633,bus,20,22.5,60.0,moving,,1.0
633,bus,21,15.0,42.5,moving,,-1.0
633,bus,22,50.0,32.5,moving,,1.0
633,bus,23,42.5,15.0,moving,,-1.0
634,drone,0,35.0,60.0,waiting_at_bus_station_for_delivery,188.65051787172905,
634,drone,1,55.0,60.0,waiting_at_bus_station_for_delivery,126.61125799292391,
634,bus,0,15.0,50.0,at_station,,-1.0
634,bus,1,15.0,60.0,at_station,,1.0
634,bus,2,50.0,15.0,at_station,,-1.0
634,bus,3,50.0,25.0,at_station,,1.0
634,bus,4,25.0,60.0,at_station,,-1.0
634,bus,5,15.0,40.0,at_station,,1.0
634,bus,6,50.0,35.0,at_station,,-1.0
634,bus,7,40.0,15.0,at_station,,1.0
634,bus,8,45.0,60.0,at_station,,-1.0
634,bus,9,15.0,20.0,at_station,,1.0
634,bus,10,50.0,55.0,at_station,,-1.0
634,bus,11,20.0,15.0,at_station,,1.0
634,bus,12,65.0,60.0,at_station,,1.0
634,bus,13,15.0,0.0,at_station,,-1.0
634,bus,14,50.0,75.0,at_station,,1.0
634,bus,15,0.0,15.0,at_station,,-1.0
634,bus,16,45.0,60.0,at_station,,1.0
634,bus,17,15.0,20.0,at_station,,-1.0
634,bus,18,50.0,55.0,at_station,,1.0
634,bus,19,20.0,15.0,at_station,,-1.0
634,bus,20,25.0,60.0,at_station,,1.0
634,bus,21,15.0,40.0,at_station,,-1.0
634,bus,22,50.0,35.0,at_station,,1.0
634,bus,23,40.0,15.0,at_station,,-1.0
635,drone,0,35.0,60.0,waiting_at_bus_station_for_delivery,188.65051787172905,
635,drone,1,55.0,60.0,waiting_at_bus_station_for_delivery,126.61125799292391,
635,bus,0,15.0,50.0,at_station,,-1.0
635,bus,1,15.0,60.0,at_station,,1.0
635,bus,2,50.0,15.0,at_station,,-1.0
635,bus,3,50.0,25.0,at_station,,1.0
635,bus,4,25.0,60.0,at_station,,-1.0
635,bus,5,15.0,40.0,at_station,,1.0
635,bus,6,50.0,35.0,at_station,,-1.0
635,bus,7,40.0,15.0,at_station,,1.0
635,bus,8,45.0,60.0,at_station,,-1.0
635,bus,9,15.0,20.0,at_station,,1.0
635,bus,10,50.0,55.0,at_station,,-1.0
635,bus,11,20.0,15.0,at_station,,1.0
635,bus,12,65.0,60.0,at_station,,1.0
635,bus,13,15.0,0.0,at_station,,-1.0
635,bus,14,50.0,75.0,at_station,,1.0
635,bus,15,0.0,15.0,at_station,,-1.0
635,bus,16,45.0,60.0,at_station,,1.0
635,bus,17,15.0,20.0,at_station,,-1.0
635,bus,18,50.0,55.0,at_station,,1.0
635,bus,19,20.0,15.0,at_station,,-1.0
635,bus,20,25.0,60.0,at_station,,1.0
635,bus,21,15.0,40.0,at_station,,-1.0
635,bus,22,50.0,35.0,at_station,,1.0
635,bus,23,40.0,15.0,at_station,,-1.0
636,drone,0,35.0,60.0,waiting_at_bus_station_for_delivery,188.65051787172905,
636,drone,1,55.0,60.0,waiting_at_bus_station_for_delivery,126.61125799292391,
636,bus,0,15.0,50.0,at_station,,-1.0
636,bus,1,15.0,60.0,at_station,,1.0
636,bus,2,50.0,15.0,at_station,,-1.0
636,bus,3,50.0,25.0,at_station,,1.0
636,bus,4,25.0,60.0,at_station,,-1.0
636,bus,5,15.0,40.0,at_station,,1.0
636,bus,6,50.0,35.0,at_station,,-1.0
636,bus,7,40.0,15.0,at_station,,1.0
636,bus,8,45.0,60.0,at_station,,-1.0
636,bus,9,15.0,20.0,at_station,,1.0
636,bus,10,50.0,55.0,at_station,,-1.0
636,bus,11,20.0,15.0,at_station,,1.0
636,bus,12,65.0,60.0,at_station,,1.0
636,bus,13,15.0,0.0,at_station,,-1.0
636,bus,14,50.0,75.0,at_station,,1.0
636,bus,15,0.0,15.0,at_station,,-1.0
636,bus,16,45.0,60.0,at_station,,1.0
636,bus,17,15.0,20.0,at_station,,-1.0
636,bus,18,50.0,55.0,at_station,,1.0
636,bus,19,20.0,15.0,at_station,,-1.0
636,bus,20,25.0,60.0,at_station,,1.0
636,bus,21,15.0,40.0,at_station,,-1.0
636,bus,22,50.0,35.0,at_station,,1.0
636,bus,23,40.0,15.0,at_station,,-1.0
637,drone,0,35.0,60.0,waiting_at_bus_station_for_delivery,188.65051787172905,
637,drone,1,55.0,60.0,waiting_at_bus_station_for_delivery,126.61125799292391,
637,bus,0,15.0,47.5,moving,,-1.0
637,bus,1,17.5,60.0,moving,,1.0
637,bus,2,47.5,15.0,moving,,-1.0
637,bus,3,50.0,27.5,moving,,1.0
637,bus,4,22.5,60.0,moving,,-1.0
637,bus,5,15.0,42.5,moving,,1.0
637,bus,6,50.0,32.5,moving,,-1.0
637,bus,7,42.5,15.0,moving,,1.0
637,bus,8,42.5,60.0,moving,,-1.0
637,bus,9,15.0,22.5,moving,,1.0
637,bus,10,50.0,52.5,moving,,-1.0
637,bus,11,22.5,15.0,moving,,1.0
637,bus,12,62.5,60.0,moving,,-1.0
637,bus,13,15.0,2.5,moving,,1.0
637,bus,14,50.0,72.5,moving,,-1.0
637,bus,15,2.5,15.0,moving,,1.0
637,bus,16,47.5,60.0,moving,,1.0
637,bus,17,15.0,17.5,moving,,-1.0
637,bus,18,50.0,57.5,moving,,1.0
637,bus,19,17.5,15.0,moving,,-1.0
637,bus,20,27.5,60.0,moving,,1.0
637,bus,21,15.0,37.5,moving,,-1.0
637,bus,22,50.0,37.5,moving,,1.0
637,bus,23,37.5,15.0,moving,,-1.0
638,drone,0,35.0,60.0,waiting_at_bus_station_for_delivery,188.65051787172905,
638,drone,1,55.0,60.0,waiting_at_bus_station_for_delivery,126.61125799292391,
638,bus,0,15.0,42.5,moving,,-1.0
638,bus,1,22.5,60.0,moving,,1.0
638,bus,2,42.5,15.0,moving,,-1.0
638,bus,3,50.0,32.5,moving,,1.0
638,bus,4,17.5,60.0,moving,,-1.0
638,bus,5,15.0,47.5,moving,,1.0
638,bus,6,50.0,27.5,moving,,-1.0
638,bus,7,47.5,15.0,moving,,1.0
638,bus,8,37.5,60.0,moving,,-1.0
638,bus,9,15.0,27.5,moving,,1.0
638,bus,10,50.0,47.5,moving,,-1.0
638,bus,11,27.5,15.0,moving,,1.0
638,bus,12,57.5,60.0,moving,,-1.0
638,bus,13,15.0,7.5,moving,,1.0
638,bus,14,50.0,67.5,moving,,-1.0
638,bus,15,7.5,15.0,moving,,1.0
638,bus,16,52.5,60.0,moving,,1.0
638,bus,17,15.0,12.5,moving,,-1.0
638,bus,18,50.0,62.5,moving,,1.0
638,bus,19,12.5,15.0,moving,,-1.0
638,bus,20,32.5,60.0,moving,,1.0
638,bus,21,15.0,32.5,moving,,-1.0
638,bus,22,50.0,42.5,moving,,1.0
638,bus,23,32.5,15.0,moving,,-1.0
639,drone,0,35.0,60.0,waiting_at_bus_station_for_delivery,188.65051787172905,
639,drone,1,55.0,60.0,waiting_at_bus_station_for_delivery,126.61125799292391,
639,bus,0,15.0,40.0,at_station,,-1.0
639,bus,1,25.0,60.0,at_station,,1.0
639,bus,2,40.0,15.0,at_station,,-1.0
639,bus,3,50.0,35.0,at_station,,1.0
639,bus,4,15.0,60.0,at_station,,-1.0
639,bus,5,15.0,50.0,at_station,,1.0
639,bus,6,50.0,25.0,at_station,,-1.0
639,bus,7,50.0,15.0,at_station,,1.0
639,bus,8,35.0,60.0,at_station,,-1.0
639,bus,9,15.0,30.0,at_station,,1.0
639,bus,10,50.0,45.0,at_station,,-1.0
639,bus,11,30.0,15.0,at_station,,1.0
639,bus,12,55.0,60.0,at_station,,-1.0
639,bus,13,15.0,10.0,at_station,,1.0
639,bus,14,50.0,65.0,at_station,,-1.0
639,bus,15,10.0,15.0,at_station,,1.0
639,bus,16,55.0,60.0,at_station,,1.0
639,bus,17,15.0,10.0,at_station,,-1.0
639,bus,18,50.0,65.0,at_station,,1.0
639,bus,19,10.0,15.0,at_station,,-1.0
639,bus,20,35.0,60.0,at_station,,1.0
639,bus,21,15.0,30.0,at_station,,-1.0
639,bus,22,50.0,45.0,at_station,,1.0
639,bus,23,30.0,15.0,at_station,,-1.0
640,drone,0,35.760285921269706,55.05814151174691,moving_to_delivery,183.65051787172905,
640,drone,1,55.0,60.0,waiting_at_bus_station_for_delivery,126.61125799292391,
640,bus,0,15.0,40.0,at_station,,-1.0
640,bus,1,25.0,60.0,at_station,,1.0
640,bus,2,40.0,15.0,at_station,,-1.0
640,bus,3,50.0,35.0,at_station,,1.0
640,bus,4,15.0,60.0,at_station,,-1.0
640,bus,5,15.0,50.0,at_station,,1.0
640,bus,6,50.0,25.0,at_station,,-1.0
640,bus,7,50.0,15.0,at_station,,1.0
640,bus,8,35.0,60.0,at_station,,-1.0
640,bus,9,15.0,30.0,at_station,,1.0
640,bus,10,50.0,45.0,at_station,,-1.0
640,bus,11,30.0,15.0,at_station,,1.0
640,bus,12,55.0,60.0,at_station,,-1.0
640,bus,13,15.0,10.0,at_station,,1.0
640,bus,14,50.0,65.0,at_station,,-1.0
640,bus,15,10.0,15.0,at_station,,1.0
640,bus,16,55.0,60.0,at_station,,1.0
640,bus,17,15.0,10.0,at_station,,-1.0
640,bus,18,50.0,65.0,at_station,,1.0
640,bus,19,10.0,15.0,at_station,,-1.0
640,bus,20,35.0,60.0,at_station,,1.0
640,bus,21,15.0,30.0,at_station,,-1.0
640,bus,22,50.0,45.0,at_station,,1.0
640,bus,23,30.0,15.0,at_station,,-1.0
641,drone,0,36.52057184253941,50.11628302349382,moving_to_delivery,178.65051787172905,
641,drone,1,55.0,60.0,waiting_at_bus_station_for_delivery,126.61125799292391,
641,bus,0,15.0,40.0,at_station,,-1.0
641,bus,1,25.0,60.0,at_station,,1.0
641,bus,2,40.0,15.0,at_station,,-1.0
641,bus,3,50.0,35.0,at_station,,1.0
641,bus,4,15.0,60.0,at_station,,-1.0
641,bus,5,15.0,50.0,at_station,,1.0
641,bus,6,50.0,25.0,at_station,,-1.0
641,bus,7,50.0,15.0,at_station,,1.0
641,bus,8,35.0,60.0,at_station,,-1.0
641,bus,9,15.0,30.0,at_station,,1.0
641,bus,10,50.0,45.0,at_station,,-1.0
641,bus,11,30.0,15.0,at_station,,1.0
641,bus,12,55.0,60.0,at_station,,-1.0
641,bus,13,15.0,10.0,at_station,,1.0
641,bus,14,50.0,65.0,at_station,,-1.0
641,bus,15,10.0,15.0,at_station,,1.0
641,bus,16,55.0,60.0,at_station,,1.0
641,bus,17,15.0,10.0,at_station,,-1.0
641,bus,18,50.0,65.0,at_station,,1.0
641,bus,19,10.0,15.0,at_station,,-1.0
641,bus,20,35.0,60.0,at_station,,1.0
641,bus,21,15.0,30.0,at_station,,-1.0
641,bus,22,50.0,45.0,at_station,,1.0
641,bus,23,30.0,15.0,at_station,,-1.0
642,drone,0,37.0,47.0,idle,175.49757143376314,
642,drone,1,55.0,60.0,waiting_at_bus_station_for_delivery,126.61125799292391,
642,bus,0,15.0,37.5,moving,,-1.0
642,bus,1,27.5,60.0,moving,,1.0
642,bus,2,37.5,15.0,moving,,-1.0
642,bus,3,50.0,37.5,moving,,1.0
642,bus,4,15.0,57.5,moving,,-1.0
642,bus,5,15.0,52.5,moving,,1.0
642,bus,6,50.0,22.5,moving,,-1.0
642,bus,7,50.0,17.5,moving,,1.0
642,bus,8,32.5,60.0,moving,,-1.0
642,bus,9,15.0,32.5,moving,,1.0
642,bus,10,50.0,42.5,moving,,-1.0
642,bus,11,32.5,15.0,moving,,1.0
642,bus,12,52.5,60.0,moving,,-1.0
642,bus,13,15.0,12.5,moving,,1.0
642,bus,14,50.0,62.5,moving,,-1.0
642,bus,15,12.5,15.0,moving,,1.0
642,bus,16,57.5,60.0,moving,,1.0
642,bus,17,15.0,7.5,moving,,-1.0
642,bus,18,50.0,67.5,moving,,1.0
642,bus,19,7.5,15.0,moving,,-1.0
642,bus,20,37.5,60.0,moving,,1.0
642,bus,21,15.0,27.5,moving,,-1.0
642,bus,22,50.0,47.5,moving,,1.0
642,bus,23,27.5,15.0,moving,,-1.0
643,drone,0,41.1109609582189,49.84604989415154,moving_to_pickup,170.49757143376314,
643,drone,1,55.0,60.0,waiting_at_bus_station_for_delivery,126.61125799292391,
643,bus,0,15.0,32.5,moving,,-1.0
643,bus,1,32.5,60.0,moving,,1.0
643,bus,2,32.5,15.0,moving,,-1.0
643,bus,3,50.0,42.5,moving,,1.0
643,bus,4,15.0,52.5,moving,,-1.0
643,bus,5,15.0,57.5,moving,,1.0
643,bus,6,50.0,17.5,moving,,-1.0
643,bus,7,50.0,22.5,moving,,1.0
643,bus,8,27.5,60.0,moving,,-1.0
643,bus,9,15.0,37.5,moving,,1.0
643,bus,10,50.0,37.5,moving,,-1.0
643,bus,11,37.5,15.0,moving,,1.0
643,bus,12,47.5,60.0,moving,,-1.0
643,bus,13,15.0,17.5,moving,,1.0
643,bus,14,50.0,57.5,moving,,-1.0
643,bus,15,17.5,15.0,moving,,1.0
643,bus,16,62.5,60.0,moving,,1.0
643,bus,17,15.0,2.5,moving,,-1.0
643,bus,18,50.0,72.5,moving,,1.0
643,bus,19,2.5,15.0,moving,,-1.0
643,bus,20,42.5,60.0,moving,,1.0
643,bus,21,15.0,22.5,moving,,-1.0
643,bus,22,50.0,52.5,moving,,1.0
643,bus,23,22.5,15.0,moving,,-1.0
644,drone,0,45.22192191643779,52.69209978830308,moving_to_pickup,165.49757143376314,
644,drone,1,55.0,60.0,waiting_at_bus_station_for_delivery,126.61125799292391,
644,bus,0,15.0,30.0,at_station,,-1.0
644,bus,1,35.0,60.0,at_station,,1.0
644,bus,2,30.0,15.0,at_station,,-1.0
644,bus,3,50.0,45.0,at_station,,1.0
644,bus,4,15.0,50.0,at_station,,-1.0
644,bus,5,15.0,60.0,at_station,,1.0
644,bus,6,50.0,15.0,at_station,,-1.0
644,bus,7,50.0,25.0,at_station,,1.0
644,bus,8,25.0,60.0,at_station,,-1.0
644,bus,9,15.0,40.0,at_station,,1.0
644,bus,10,50.0,35.0,at_station,,-1.0
644,bus,11,40.0,15.0,at_station,,1.0
644,bus,12,45.0,60.0,at_station,,-1.0
644,bus,13,15.0,20.0,at_station,,1.0
644,bus,14,50.0,55.0,at_station,,-1.0
644,bus,15,20.0,15.0,at_station,,1.0
644,bus,16,65.0,60.0,at_station,,1.0
644,bus,17,15.0,0.0,at_station,,-1.0
644,bus,18,50.0,75.0,at_station,,1.0
644,bus,19,0.0,15.0,at_station,,-1.0
644,bus,20,45.0,60.0,at_station,,1.0
644,bus,21,15.0,20.0,at_station,,-1.0
644,bus,22,50.0,55.0,at_station,,1.0
644,bus,23,20.0,15.0,at_station,,-1.0
645,drone,0,49.33288287465668,55.53814968245462,moving_to_pickup,160.49757143376314,
645,drone,1,55.0,60.0,waiting_at_bus_station_for_delivery,126.61125799292391,
645,bus,0,15.0,30.0,at_station,,-1.0
645,bus,1,35.0,60.0,at_station,,1.0
645,bus,2,30.0,15.0,at_station,,-1.0
645,bus,3,50.0,45.0,at_station,,1.0
645,bus,4,15.0,50.0,at_station,,-1.0
645,bus,5,15.0,60.0,at_station,,1.0
645,bus,6,50.0,15.0,at_station,,-1.0
645,bus,7,50.0,25.0,at_station,,1.0
645,bus,8,25.0,60.0,at_station,,-1.0
645,bus,9,15.0,40.0,at_station,,1.0
645,bus,10,50.0,35.0,at_station,,-1.0
645,bus,11,40.0,15.0,at_station,,1.0
645,bus,12,45.0,60.0,at_station,,-1.0
645,bus,13,15.0,20.0,at_station,,1.0
645,bus,14,50.0,55.0,at_station,,-1.0
645,bus,15,20.0,15.0,at_station,,1.0
645,bus,16,65.0,60.0,at_station,,1.0
645,bus,17,15.0,0.0,at_station,,-1.0
645,bus,18,50.0,75.0,at_station,,1.0
645,bus,19,0.0,15.0,at_station,,-1.0
645,bus,20,45.0,60.0,at_station,,1.0
645,bus,21,15.0,20.0,at_station,,-1.0
645,bus,22,50.0,55.0,at_station,,1.0
645,bus,23,20.0,15.0,at_station,,-1.0
646,drone,0,53.44384383287557,58.384199576606164,moving_to_pickup,155.49757143376314,
646,drone,1,55.0,60.0,waiting_at_bus_station_for_delivery,126.61125799292391,
646,bus,0,15.0,30.0,at_station,,-1.0
646,bus,1,35.0,60.0,at_station,,1.0
646,bus,2,30.0,15.0,at_station,,-1.0
646,bus,3,50.0,45.0,at_station,,1.0
646,bus,4,15.0,50.0,at_station,,-1.0
646,bus,5,15.0,60.0,at_station,,1.0
646,bus,6,50.0,15.0,at_station,,-1.0
646,bus,7,50.0,25.0,at_station,,1.0
646,bus,8,25.0,60.0,at_station,,-1.0
646,bus,9,15.0,40.0,at_station,,1.0
646,bus,10,50.0,35.0,at_station,,-1.0
646,bus,11,40.0,15.0,at_station,,1.0
646,bus,12,45.0,60.0,at_station,,-1.0
646,bus,13,15.0,20.0,at_station,,1.0
646,bus,14,50.0,55.0,at_station,,-1.0
646,bus,15,20.0,15.0,at_station,,1.0
646,bus,16,65.0,60.0,at_station,,1.0
646,bus,17,15.0,0.0,at_station,,-1.0
646,bus,18,50.0,75.0,at_station,,1.0
646,bus,19,0.0,15.0,at_station,,-1.0
646,bus,20,45.0,60.0,at_station,,1.0
646,bus,21,15.0,20.0,at_station,,-1.0
646,bus,22,50.0,55.0,at_station,,1.0
646,bus,23,20.0,15.0,at_station,,-1.0
647,drone,0,57.55480479109447,61.230249470757705,moving_to_pickup,150.49757143376314,
647,drone,1,55.0,60.0,waiting_at_bus_station_for_delivery,126.61125799292391,
647,bus,0,15.0,27.5,moving,,-1.0
647,bus,1,37.5,60.0,moving,,1.0
647,bus,2,27.5,15.0,moving,,-1.0
647,bus,3,50.0,47.5,moving,,1.0
647,bus,4,15.0,47.5,moving,,-1.0
647,bus,5,17.5,60.0,moving,,1.0
647,bus,6,47.5,15.0,moving,,-1.0
647,bus,7,50.0,27.5,moving,,1.0
647,bus,8,22.5,60.0,moving,,-1.0
647,bus,9,15.0,42.5,moving,,1.0
647,bus,10,50.0,32.5,moving,,-1.0
647,bus,11,42.5,15.0,moving,,1.0
647,bus,12,42.5,60.0,moving,,-1.0
647,bus,13,15.0,22.5,moving,,1.0
647,bus,14,50.0,52.5,moving,,-1.0
647,bus,15,22.5,15.0,moving,,1.0
647,bus,16,62.5,60.0,moving,,-1.0
647,bus,17,15.0,2.5,moving,,1.0
647,bus,18,50.0,72.5,moving,,-1.0
647,bus,19,2.5,15.0,moving,,1.0
647,bus,20,47.5,60.0,moving,,1.0
647,bus,21,15.0,17.5,moving,,-1.0
647,bus,22,50.0,57.5,moving,,1.0
647,bus,23,17.5,15.0,moving,,-1.0
648,drone,0,61.66576574931336,64.07629936490925,moving_to_pickup,145.49757143376314,
648,drone,1,55.0,60.0,waiting_at_bus_station_for_delivery,126.61125799292391,
648,bus,0,15.0,22.5,moving,,-1.0
648,bus,1,42.5,60.0,moving,,1.0
648,bus,2,22.5,15.0,moving,,-1.0
648,bus,3,50.0,52.5,moving,,1.0
648,bus,4,15.0,42.5,moving,,-1.0
648,bus,5,22.5,60.0,moving,,1.0
648,bus,6,42.5,15.0,moving,,-1.0
648,bus,7,50.0,32.5,moving,,1.0
648,bus,8,17.5,60.0,moving,,-1.0
648,bus,9,15.0,47.5,moving,,1.0
648,bus,10,50.0,27.5,moving,,-1.0
648,bus,11,47.5,15.0,moving,,1.0
648,bus,12,37.5,60.0,moving,,-1.0
648,bus,13,15.0,27.5,moving,,1.0
648,bus,14,50.0,47.5,moving,,-1.0
648,bus,15,27.5,15.0,moving,,1.0
648,bus,16,57.5,60.0,moving,,-1.0
648,bus,17,15.0,7.5,moving,,1.0
648,bus,18,50.0,67.5,moving,,-1.0
648,bus,19,7.5,15.0,moving,,1.0
648,bus,20,52.5,60.0,moving,,1.0
648,bus,21,15.0,12.5,moving,,-1.0
648,bus,22,50.0,62.5,moving,,1.0
648,bus,23,12.5,15.0,moving,,-1.0
649,drone,0,63.0,65.0,moving_to_bus_station_finish_pickup,143.87479483207935,
649,drone,1,55.0,60.0,waiting_at_bus_station_for_delivery,126.61125799292391,
649,bus,0,15.0,20.0,at_station,,-1.0
649,bus,1,45.0,60.0,at_station,,1.0
649,bus,2,20.0,15.0,at_station,,-1.0
649,bus,3,50.0,55.0,at_station,,1.0
649,bus,4,15.0,40.0,at_station,,-1.0
649,bus,5,25.0,60.0,at_station,,1.0
649,bus,6,40.0,15.0,at_station,,-1.0
649,bus,7,50.0,35.0,at_station,,1.0
649,bus,8,15.0,60.0,at_station,,-1.0
649,bus,9,15.0,50.0,at_station,,1.0
649,bus,10,50.0,25.0,at_station,,-1.0
649,bus,11,50.0,15.0,at_station,,1.0
649,bus,12,35.0,60.0,at_station,,-1.0
649,bus,13,15.0,30.0,at_station,,1.0
649,bus,14,50.0,45.0,at_station,,-1.0
649,bus,15,30.0,15.0,at_station,,1.0
649,bus,16,55.0,60.0,at_station,,-1.0
649,bus,17,15.0,10.0,at_station,,1.0
649,bus,18,50.0,65.0,at_station,,-1.0
649,bus,19,10.0,15.0,at_station,,1.0
649,bus,20,55.0,60.0,at_station,,1.0
649,bus,21,15.0,10.0,at_station,,-1.0
649,bus,22,50.0,65.0,at_station,,1.0
649,bus,23,10.0,15.0,at_station,,-1.0
650,drone,0,58.0,65.0,moving_to_bus_station_finish_pickup,138.87479483207935,
650,drone,1,55.0,60.0,waiting_at_bus_station_for_delivery,126.61125799292391,
650,bus,0,15.0,20.0,at_station,,-1.0
650,bus,1,45.0,60.0,at_station,,1.0
650,bus,2,20.0,15.0,at_station,,-1.0
650,bus,3,50.0,55.0,at_station,,1.0
650,bus,4,15.0,40.0,at_station,,-1.0
650,bus,5,25.0,60.0,at_station,,1.0
650,bus,6,40.0,15.0,at_station,,-1.0
650,bus,7,50.0,35.0,at_station,,1.0
650,bus,8,15.0,60.0,at_station,,-1.0
650,bus,9,15.0,50.0,at_station,,1.0
650,bus,10,50.0,25.0,at_station,,-1.0
650,bus,11,50.0,15.0,at_station,,1.0
650,bus,12,35.0,60.0,at_station,,-1.0
650,bus,13,15.0,30.0,at_station,,1.0
650,bus,14,50.0,45.0,at_station,,-1.0
650,bus,15,30.0,15.0,at_station,,1.0
650,bus,16,55.0,60.0,at_station,,-1.0
650,bus,17,15.0,10.0,at_station,,1.0
650,bus,18,50.0,65.0,at_station,,-1.0
650,bus,19,10.0,15.0,at_station,,1.0
650,bus,20,55.0,60.0,at_station,,1.0
650,bus,21,15.0,10.0,at_station,,-1.0
650,bus,22,50.0,65.0,at_station,,1.0
650,bus,23,10.0,15.0,at_station,,-1.0
651,drone,0,53.0,65.0,moving_to_bus_station_finish_pickup,133.87479483207935,
651,drone,1,55.0,60.0,waiting_at_bus_station_for_delivery,126.61125799292391,
651,bus,0,15.0,20.0,at_station,,-1.0
651,bus,1,45.0,60.0,at_station,,1.0
651,bus,2,20.0,15.0,at_station,,-1.0
651,bus,3,50.0,55.0,at_station,,1.0
651,bus,4,15.0,40.0,at_station,,-1.0
651,bus,5,25.0,60.0,at_station,,1.0
651,bus,6,40.0,15.0,at_station,,-1.0
651,bus,7,50.0,35.0,at_station,,1.0
651,bus,8,15.0,60.0,at_station,,-1.0
651,bus,9,15.0,50.0,at_station,,1.0
651,bus,10,50.0,25.0,at_station,,-1.0
651,bus,11,50.0,15.0,at_station,,1.0
651,bus,12,35.0,60.0,at_station,,-1.0
651,bus,13,15.0,30.0,at_station,,1.0
651,bus,14,50.0,45.0,at_station,,-1.0
651,bus,15,30.0,15.0,at_station,,1.0
651,bus,16,55.0,60.0,at_station,,-1.0
651,bus,17,15.0,10.0,at_station,,1.0
651,bus,18,50.0,65.0,at_station,,-1.0
651,bus,19,10.0,15.0,at_station,,1.0
651,bus,20,55.0,60.0,at_station,,1.0
651,bus,21,15.0,10.0,at_station,,-1.0
651,bus,22,50.0,65.0,at_station,,1.0
651,bus,23,10.0,15.0,at_station,,-1.0
652,drone,0,50.0,65.0,waiting_at_bus_station_for_pickup_bus,130.87479483207935,
652,drone,1,55.0,60.0,waiting_at_bus_station_for_delivery,126.61125799292391,
652,bus,0,15.0,17.5,moving,,-1.0
652,bus,1,47.5,60.0,moving,,1.0
652,bus,2,17.5,15.0,moving,,-1.0
652,bus,3,50.0,57.5,moving,,1.0
652,bus,4,15.0,37.5,moving,,-1.0
652,bus,5,27.5,60.0,moving,,1.0
652,bus,6,37.5,15.0,moving,,-1.0
652,bus,7,50.0,37.5,moving,,1.0
652,bus,8,15.0,57.5,moving,,-1.0
652,bus,9,15.0,52.5,moving,,1.0
652,bus,10,50.0,22.5,moving,,-1.0
652,bus,11,50.0,17.5,moving,,1.0
652,bus,12,32.5,60.0,moving,,-1.0
652,bus,13,15.0,32.5,moving,,1.0
652,bus,14,50.0,42.5,moving,,-1.0
652,bus,15,32.5,15.0,moving,,1.0
652,bus,16,52.5,60.0,moving,,-1.0
652,bus,17,15.0,12.5,moving,,1.0
652,bus,18,50.0,62.5,moving,,-1.0
652,bus,19,12.5,15.0,moving,,1.0
652,bus,20,57.5,60.0,moving,,1.0
652,bus,21,15.0,7.5,moving,,-1.0
652,bus,22,50.0,67.5,moving,,1.0
652,bus,23,7.5,15.0,moving,,-1.0
653,drone,0,50.0,65.0,waiting_at_bus_station_for_pickup_bus,130.87479483207935,
653,drone,1,55.0,60.0,waiting_at_bus_station_for_delivery,126.61125799292391,
653,bus,0,15.0,12.5,moving,,-1.0
653,bus,1,52.5,60.0,moving,,1.0
653,bus,2,12.5,15.0,moving,,-1.0
653,bus,3,50.0,62.5,moving,,1.0
653,bus,4,15.0,32.5,moving,,-1.0
653,bus,5,32.5,60.0,moving,,1.0
653,bus,6,32.5,15.0,moving,,-1.0
653,bus,7,50.0,42.5,moving,,1.0
653,bus,8,15.0,52.5,moving,,-1.0
653,bus,9,15.0,57.5,moving,,1.0
653,bus,10,50.0,17.5,moving,,-1.0
653,bus,11,50.0,22.5,moving,,1.0
653,bus,12,27.5,60.0,moving,,-1.0
653,bus,13,15.0,37.5,moving,,1.0
653,bus,14,50.0,37.5,moving,,-1.0
653,bus,15,37.5,15.0,moving,,1.0
653,bus,16,47.5,60.0,moving,,-1.0
653,bus,17,15.0,17.5,moving,,1.0
653,bus,18,50.0,57.5,moving,,-1.0
653,bus,19,17.5,15.0,moving,,1.0
653,bus,20,62.5,60.0,moving,,1.0
653,bus,21,15.0,2.5,moving,,-1.0
653,bus,22,50.0,72.5,moving,,1.0
653,bus,23,2.5,15.0,moving,,-1.0
654,drone,0,50.0,65.0,waiting_at_bus_station_for_pickup_bus,130.87479483207935,
654,drone,1,55.0,60.0,waiting_at_bus_station_for_delivery,126.61125799292391,
654,bus,0,15.0,10.0,at_station,,-1.0
654,bus,1,55.0,60.0,at_station,,1.0
654,bus,2,10.0,15.0,at_station,,-1.0
654,bus,3,50.0,65.0,at_station,,1.0
654,bus,4,15.0,30.0,at_station,,-1.0
654,bus,5,35.0,60.0,at_station,,1.0
654,bus,6,30.0,15.0,at_station,,-1.0
654,bus,7,50.0,45.0,at_station,,1.0
654,bus,8,15.0,50.0,at_station,,-1.0
654,bus,9,15.0,60.0,at_station,,1.0
654,bus,10,50.0,15.0,at_station,,-1.0
654,bus,11,50.0,25.0,at_station,,1.0
654,bus,12,25.0,60.0,at_station,,-1.0
654,bus,13,15.0,40.0,at_station,,1.0
654,bus,14,50.0,35.0,at_station,,-1.0
654,bus,15,40.0,15.0,at_station,,1.0
654,bus,16,45.0,60.0,at_station,,-1.0
654,bus,17,15.0,20.0,at_station,,1.0
654,bus,18,50.0,55.0,at_station,,-1.0
654,bus,19,20.0,15.0,at_station,,1.0
654,bus,20,65.0,60.0,at_station,,1.0
654,bus,21,15.0,0.0,at_station,,-1.0
654,bus,22,50.0,75.0,at_station,,1.0
654,bus,23,0.0,15.0,at_station,,-1.0
655,drone,0,50.0,65.0,waiting_at_bus_station_for_pickup_bus,130.87479483207935,
655,drone,1,55.0,55.0,moving_to_delivery,121.61125799292391,
655,bus,0,15.0,10.0,at_station,,-1.0
655,bus,1,55.0,60.0,at_station,,1.0
655,bus,2,10.0,15.0,at_station,,-1.0
655,bus,3,50.0,65.0,at_station,,1.0
655,bus,4,15.0,30.0,at_station,,-1.0
655,bus,5,35.0,60.0,at_station,,1.0
655,bus,6,30.0,15.0,at_station,,-1.0
655,bus,7,50.0,45.0,at_station,,1.0
655,bus,8,15.0,50.0,at_station,,-1.0
655,bus,9,15.0,60.0,at_station,,1.0
655,bus,10,50.0,15.0,at_station,,-1.0
655,bus,11,50.0,25.0,at_station,,1.0
655,bus,12,25.0,60.0,at_station,,-1.0
655,bus,13,15.0,40.0,at_station,,1.0
655,bus,14,50.0,35.0,at_station,,-1.0
655,bus,15,40.0,15.0,at_station,,1.0
655,bus,16,45.0,60.0,at_station,,-1.0
655,bus,17,15.0,20.0,at_station,,1.0
655,bus,18,50.0,55.0,at_station,,-1.0
655,bus,19,20.0,15.0,at_station,,1.0
655,bus,20,65.0,60.0,at_station,,1.0
655,bus,21,15.0,0.0,at_station,,-1.0
655,bus,22,50.0,75.0,at_station,,1.0
655,bus,23,0.0,15.0,at_station,,-1.0
656,drone,0,50.0,65.0,waiting_at_bus_station_for_pickup_bus,130.87479483207935,
656,drone,1,55.0,54.0,idle,120.61125799292391,
656,bus,0,15.0,10.0,at_station,,-1.0
656,bus,1,55.0,60.0,at_station,,1.0
656,bus,2,10.0,15.0,at_station,,-1.0
656,bus,3,50.0,65.0,at_station,,1.0
656,bus,4,15.0,30.0,at_station,,-1.0
656,bus,5,35.0,60.0,at_station,,1.0
656,bus,6,30.0,15.0,at_station,,-1.0
656,bus,7,50.0,45.0,at_station,,1.0
656,bus,8,15.0,50.0,at_station,,-1.0
656,bus,9,15.0,60.0,at_station,,1.0
656,bus,10,50.0,15.0,at_station,,-1.0
656,bus,11,50.0,25.0,at_station,,1.0
656,bus,12,25.0,60.0,at_station,,-1.0
656,bus,13,15.0,40.0,at_station,,1.0
656,bus,14,50.0,35.0,at_station,,-1.0
656,bus,15,40.0,15.0,at_station,,1.0
656,bus,16,45.0,60.0,at_station,,-1.0
656,bus,17,15.0,20.0,at_station,,1.0
656,bus,18,50.0,55.0,at_station,,-1.0
656,bus,19,20.0,15.0,at_station,,1.0
656,bus,20,65.0,60.0,at_station,,1.0
656,bus,21,15.0,0.0,at_station,,-1.0
656,bus,22,50.0,75.0,at_station,,1.0
656,bus,23,0.0,15.0,at_station,,-1.0
657,drone,0,50.0,65.0,waiting_at_bus_station_for_pickup_bus,130.87479483207935,
657,drone,1,53.07692307692308,49.38461538461539,direct_transport_to_pickup,115.61125799292391,
657,bus,0,15.0,7.5,moving,,-1.0
657,bus,1,57.5,60.0,moving,,1.0
657,bus,2,7.5,15.0,moving,,-1.0
657,bus,3,50.0,67.5,moving,,1.0
657,bus,4,15.0,27.5,moving,,-1.0
657,bus,5,37.5,60.0,moving,,1.0
657,bus,6,27.5,15.0,moving,,-1.0
657,bus,7,50.0,47.5,moving,,1.0
657,bus,8,15.0,47.5,moving,,-1.0
657,bus,9,17.5,60.0,moving,,1.0
657,bus,10,47.5,15.0,moving,,-1.0
657,bus,11,50.0,27.5,moving,,1.0
657,bus,12,22.5,60.0,moving,,-1.0
657,bus,13,15.0,42.5,moving,,1.0
657,bus,14,50.0,32.5,moving,,-1.0
657,bus,15,42.5,15.0,moving,,1.0
657,bus,16,42.5,60.0,moving,,-1.0
657,bus,17,15.0,22.5,moving,,1.0
657,bus,18,50.0,52.5,moving,,-1.0
657,bus,19,22.5,15.0,moving,,1.0
657,bus,20,62.5,60.0,moving,,-1.0
657,bus,21,15.0,2.5,moving,,1.0
657,bus,22,50.0,72.5,moving,,-1.0
657,bus,23,2.5,15.0,moving,,1.0
658,drone,0,50.0,65.0,waiting_at_bus_station_for_pickup_bus,130.87479483207935,
658,drone,1,51.15384615384615,44.769230769230774,direct_transport_to_pickup,110.61125799292391,
658,bus,0,15.0,2.5,moving,,-1.0
658,bus,1,62.5,60.0,moving,,1.0
658,bus,2,2.5,15.0,moving,,-1.0
658,bus,3,50.0,72.5,moving,,1.0
658,bus,4,15.0,22.5,moving,,-1.0
658,bus,5,42.5,60.0,moving,,1.0
658,bus,6,22.5,15.0,moving,,-1.0
658,bus,7,50.0,52.5,moving,,1.0
658,bus,8,15.0,42.5,moving,,-1.0
658,bus,9,22.5,60.0,moving,,1.0
658,bus,10,42.5,15.0,moving,,-1.0
658,bus,11,50.0,32.5,moving,,1.0
658,bus,12,17.5,60.0,moving,,-1.0
658,bus,13,15.0,47.5,moving,,1.0
658,bus,14,50.0,27.5,moving,,-1.0
658,bus,15,47.5,15.0,moving,,1.0
658,bus,16,37.5,60.0,moving,,-1.0
658,bus,17,15.0,27.5,moving,,1.0
658,bus,18,50.0,47.5,moving,,-1.0
658,bus,19,27.5,15.0,moving,,1.0
658,bus,20,57.5,60.0,moving,,-1.0
658,bus,21,15.0,7.5,moving,,1.0
658,bus,22,50.0,67.5,moving,,-1.0
658,bus,23,7.5,15.0,moving,,1.0
659,drone,0,50.0,65.0,waiting_at_bus_station_for_pickup_bus,130.87479483207935,
659,drone,1,49.23076923076923,40.15384615384616,direct_transport_to_pickup,105.61125799292391,
659,bus,0,15.0,0.0,at_station,,-1.0
659,bus,1,65.0,60.0,at_station,,1.0
659,bus,2,0.0,15.0,at_station,,-1.0
659,bus,3,50.0,75.0,at_station,,1.0
659,bus,4,15.0,20.0,at_station,,-1.0
659,bus,5,45.0,60.0,at_station,,1.0
659,bus,6,20.0,15.0,at_station,,-1.0
659,bus,7,50.0,55.0,at_station,,1.0
659,bus,8,15.0,40.0,at_station,,-1.0
659,bus,9,25.0,60.0,at_station,,1.0
659,bus,10,40.0,15.0,at_station,,-1.0
659,bus,11,50.0,35.0,at_station,,1.0
659,bus,12,15.0,60.0,at_station,,-1.0
659,bus,13,15.0,50.0,at_station,,1.0
659,bus,14,50.0,25.0,at_station,,-1.0
659,bus,15,50.0,15.0,at_station,,1.0
659,bus,16,35.0,60.0,at_station,,-1.0
659,bus,17,15.0,30.0,at_station,,1.0
659,bus,18,50.0,45.0,at_station,,-1.0
659,bus,19,30.0,15.0,at_station,,1.0
659,bus,20,55.0,60.0,at_station,,-1.0
659,bus,21,15.0,10.0,at_station,,1.0
659,bus,22,50.0,65.0,at_station,,-1.0
659,bus,23,10.0,15.0,at_station,,1.0
660,drone,0,46.15889360201312,61.7990780016776,to_charging_station,125.87479483207935,
660,drone,1,47.307692307692314,35.53846153846155,direct_transport_to_pickup,100.61125799292391,
660,bus,0,15.0,0.0,at_station,,-1.0
660,bus,1,65.0,60.0,at_station,,1.0
660,bus,2,0.0,15.0,at_station,,-1.0
660,bus,3,50.0,75.0,at_station,,1.0
660,bus,4,15.0,20.0,at_station,,-1.0
660,bus,5,45.0,60.0,at_station,,1.0
660,bus,6,20.0,15.0,at_station,,-1.0
660,bus,7,50.0,55.0,at_station,,1.0
660,bus,8,15.0,40.0,at_station,,-1.0
660,bus,9,25.0,60.0,at_station,,1.0
660,bus,10,40.0,15.0,at_station,,-1.0
660,bus,11,50.0,35.0,at_station,,1.0
660,bus,12,15.0,60.0,at_station,,-1.0
660,bus,13,15.0,50.0,at_station,,1.0
660,bus,14,50.0,25.0,at_station,,-1.0
660,bus,15,50.0,15.0,at_station,,1.0
660,bus,16,35.0,60.0,at_station,,-1.0
660,bus,17,15.0,30.0,at_station,,1.0
660,bus,18,50.0,45.0,at_station,,-1.0
660,bus,19,30.0,15.0,at_station,,1.0
660,bus,20,55.0,60.0,at_station,,-1.0
660,bus,21,15.0,10.0,at_station,,1.0
660,bus,22,50.0,65.0,at_station,,-1.0
660,bus,23,10.0,15.0,at_station,,1.0
661,drone,0,42.317787204026246,58.5981560033552,to_charging_station,120.87479483207935,
661,drone,1,45.38461538461539,30.923076923076934,direct_transport_to_pickup,95.61125799292391,
661,bus,0,15.0,0.0,at_station,,-1.0
661,bus,1,65.0,60.0,at_station,,1.0
661,bus,2,0.0,15.0,at_station,,-1.0
661,bus,3,50.0,75.0,at_station,,1.0
661,bus,4,15.0,20.0,at_station,,-1.0
661,bus,5,45.0,60.0,at_station,,1.0
661,bus,6,20.0,15.0,at_station,,-1.0
661,bus,7,50.0,55.0,at_station,,1.0
661,bus,8,15.0,40.0,at_station,,-1.0
661,bus,9,25.0,60.0,at_station,,1.0
661,bus,10,40.0,15.0,at_station,,-1.0
661,bus,11,50.0,35.0,at_station,,1.0
661,bus,12,15.0,60.0,at_station,,-1.0
661,bus,13,15.0,50.0,at_station,,1.0
661,bus,14,50.0,25.0,at_station,,-1.0
661,bus,15,50.0,15.0,at_station,,1.0
661,bus,16,35.0,60.0,at_station,,-1.0
661,bus,17,15.0,30.0,at_station,,1.0
661,bus,18,50.0,45.0,at_station,,-1.0
661,bus,19,30.0,15.0,at_station,,1.0
661,bus,20,55.0,60.0,at_station,,-1.0
661,bus,21,15.0,10.0,at_station,,1.0
661,bus,22,50.0,65.0,at_station,,-1.0
661,bus,23,10.0,15.0,at_station,,1.0
662,drone,0,38.47668080603937,55.3972340050328,to_charging_station,115.87479483207935,
662,drone,1,45.0,30.0,direct_transport_to_delivery,94.6112579929239,
662,bus,0,15.0,2.5,moving,,1.0
662,bus,1,62.5,60.0,moving,,-1.0
662,bus,2,2.5,15.0,moving,,1.0
662,bus,3,50.0,72.5,moving,,-1.0
662,bus,4,15.0,17.5,moving,,-1.0
662,bus,5,47.5,60.0,moving,,1.0
662,bus,6,17.5,15.0,moving,,-1.0
662,bus,7,50.0,57.5,moving,,1.0
662,bus,8,15.0,37.5,moving,,-1.0
662,bus,9,27.5,60.0,moving,,1.0
662,bus,10,37.5,15.0,moving,,-1.0
662,bus,11,50.0,37.5,moving,,1.0
662,bus,12,15.0,57.5,moving,,-1.0
662,bus,13,15.0,52.5,moving,,1.0
662,bus,14,50.0,22.5,moving,,-1.0
662,bus,15,50.0,17.5,moving,,1.0
662,bus,16,32.5,60.0,moving,,-1.0
662,bus,17,15.0,32.5,moving,,1.0
662,bus,18,50.0,42.5,moving,,-1.0
662,bus,19,32.5,15.0,moving,,1.0
662,bus,20,52.5,60.0,moving,,-1.0
662,bus,21,15.0,12.5,moving,,1.0
662,bus,22,50.0,62.5,moving,,-1.0
662,bus,23,12.5,15.0,moving,,1.0
663,drone,0,34.63557440805249,52.1963120067104,to_charging_station,110.87479483207935,
663,drone,1,49.21830743866054,32.6843774609658,direct_transport_to_delivery,89.6112579929239,
663,bus,0,15.0,7.5,moving,,1.0
663,bus,1,57.5,60.0,moving,,-1.0
663,bus,2,7.5,15.0,moving,,1.0
663,bus,3,50.0,67.5,moving,,-1.0
663,bus,4,15.0,12.5,moving,,-1.0
663,bus,5,52.5,60.0,moving,,1.0
663,bus,6,12.5,15.0,moving,,-1.0
663,bus,7,50.0,62.5,moving,,1.0
663,bus,8,15.0,32.5,moving,,-1.0
663,bus,9,32.5,60.0,moving,,1.0
663,bus,10,32.5,15.0,moving,,-1.0
663,bus,11,50.0,42.5,moving,,1.0
663,bus,12,15.0,52.5,moving,,-1.0
663,bus,13,15.0,57.5,moving,,1.0
663,bus,14,50.0,17.5,moving,,-1.0
663,bus,15,50.0,22.5,moving,,1.0
663,bus,16,27.5,60.0,moving,,-1.0
663,bus,17,15.0,37.5,moving,,1.0
663,bus,18,50.0,37.5,moving,,-1.0
663,bus,19,37.5,15.0,moving,,1.0
663,bus,20,47.5,60.0,moving,,-1.0
663,bus,21,15.0,17.5,moving,,1.0
663,bus,22,50.0,57.5,moving,,-1.0
663,bus,23,17.5,15.0,moving,,1.0
664,drone,0,30.79446801006561,48.995390008388,to_charging_station,105.87479483207935,
664,drone,1,53.43661487732108,35.3687549219316,direct_transport_to_delivery,84.6112579929239,
664,bus,0,15.0,10.0,at_station,,1.0
664,bus,1,55.0,60.0,at_station,,-1.0
664,bus,2,10.0,15.0,at_station,,1.0
664,bus,3,50.0,65.0,at_station,,-1.0
664,bus,4,15.0,10.0,at_station,,-1.0
664,bus,5,55.0,60.0,at_station,,1.0
664,bus,6,10.0,15.0,at_station,,-1.0
664,bus,7,50.0,65.0,at_station,,1.0
664,bus,8,15.0,30.0,at_station,,-1.0
664,bus,9,35.0,60.0,at_station,,1.0
664,bus,10,30.0,15.0,at_station,,-1.0
664,bus,11,50.0,45.0,at_station,,1.0
664,bus,12,15.0,50.0,at_station,,-1.0
664,bus,13,15.0,60.0,at_station,,1.0
664,bus,14,50.0,15.0,at_station,,-1.0
664,bus,15,50.0,25.0,at_station,,1.0
664,bus,16,25.0,60.0,at_station,,-1.0
664,bus,17,15.0,40.0,at_station,,1.0
664,bus,18,50.0,35.0,at_station,,-1.0
664,bus,19,40.0,15.0,at_station,,1.0
664,bus,20,45.0,60.0,at_station,,-1.0
664,bus,21,15.0,20.0,at_station,,1.0
664,bus,22,50.0,55.0,at_station,,-1.0
664,bus,23,20.0,15.0,at_station,,1.0
665,drone,0,26.95336161207873,45.7944680100656,to_charging_station,100.87479483207935,
665,drone,1,56.0,37.0,idle,81.5728531825186,
665,bus,0,15.0,10.0,at_station,,1.0
665,bus,1,55.0,60.0,at_station,,-1.0
665,bus,2,10.0,15.0,at_station,,1.0
665,bus,3,50.0,65.0,at_station,,-1.0
665,bus,4,15.0,10.0,at_station,,-1.0
665,bus,5,55.0,60.0,at_station,,1.0
665,bus,6,10.0,15.0,at_station,,-1.0
665,bus,7,50.0,65.0,at_station,,1.0
665,bus,8,15.0,30.0,at_station,,-1.0
665,bus,9,35.0,60.0,at_station,,1.0
665,bus,10,30.0,15.0,at_station,,-1.0
665,bus,11,50.0,45.0,at_station,,1.0
665,bus,12,15.0,50.0,at_station,,-1.0
665,bus,13,15.0,60.0,at_station,,1.0
665,bus,14,50.0,15.0,at_station,,-1.0
665,bus,15,50.0,25.0,at_station,,1.0
665,bus,16,25.0,60.0,at_station,,-1.0
665,bus,17,15.0,40.0,at_station,,1.0
665,bus,18,50.0,35.0,at_station,,-1.0
665,bus,19,40.0,15.0,at_station,,1.0
665,bus,20,45.0,60.0,at_station,,-1.0
665,bus,21,15.0,20.0,at_station,,1.0
665,bus,22,50.0,55.0,at_station,,-1.0
665,bus,23,20.0,15.0,at_station,,1.0
666,drone,0,23.11225521409185,42.5935460117432,to_charging_station,95.87479483207935,
666,drone,1,60.0,40.0,idle,300.0,
666,bus,0,15.0,10.0,at_station,,1.0
666,bus,1,55.0,60.0,at_station,,-1.0
666,bus,2,10.0,15.0,at_station,,1.0
666,bus,3,50.0,65.0,at_station,,-1.0
666,bus,4,15.0,10.0,at_station,,-1.0
666,bus,5,55.0,60.0,at_station,,1.0
666,bus,6,10.0,15.0,at_station,,-1.0
666,bus,7,50.0,65.0,at_station,,1.0
666,bus,8,15.0,30.0,at_station,,-1.0
666,bus,9,35.0,60.0,at_station,,1.0
666,bus,10,30.0,15.0,at_station,,-1.0
666,bus,11,50.0,45.0,at_station,,1.0
666,bus,12,15.0,50.0,at_station,,-1.0
666,bus,13,15.0,60.0,at_station,,1.0
666,bus,14,50.0,15.0,at_station,,-1.0
666,bus,15,50.0,25.0,at_station,,1.0
666,bus,16,25.0,60.0,at_station,,-1.0
666,bus,17,15.0,40.0,at_station,,1.0
666,bus,18,50.0,35.0,at_station,,-1.0
666,bus,19,40.0,15.0,at_station,,1.0
666,bus,20,45.0,60.0,at_station,,-1.0
666,bus,21,15.0,20.0,at_station,,1.0
666,bus,22,50.0,55.0,at_station,,-1.0
666,bus,23,20.0,15.0,at_station,,1.0
667,drone,0,20.0,40.0,idle,300.0,
667,drone,1,58.143046618229484,35.357616545573705,moving_to_bus_station_for_delivery,295.0,
667,bus,0,15.0,12.5,moving,,1.0
667,bus,1,52.5,60.0,moving,,-1.0
667,bus,2,12.5,15.0,moving,,1.0
667,bus,3,50.0,62.5,moving,,-1.0
667,bus,4,15.0,7.5,moving,,-1.0
667,bus,5,57.5,60.0,moving,,1.0
667,bus,6,7.5,15.0,moving,,-1.0
667,bus,7,50.0,67.5,moving,,1.0
667,bus,8,15.0,27.5,moving,,-1.0
667,bus,9,37.5,60.0,moving,,1.0
667,bus,10,27.5,15.0,moving,,-1.0
667,bus,11,50.0,47.5,moving,,1.0
667,bus,12,15.0,47.5,moving,,-1.0
667,bus,13,17.5,60.0,moving,,1.0
667,bus,14,47.5,15.0,moving,,-1.0
667,bus,15,50.0,27.5,moving,,1.0
667,bus,16,22.5,60.0,moving,,-1.0
667,bus,17,15.0,42.5,moving,,1.0
667,bus,18,50.0,32.5,moving,,-1.0
667,bus,19,42.5,15.0,moving,,1.0
667,bus,20,42.5,60.0,moving,,-1.0
667,bus,21,15.0,22.5,moving,,1.0
667,bus,22,50.0,52.5,moving,,-1.0
667,bus,23,22.5,15.0,moving,,1.0
668,drone,0,15.210868573894244,41.436739427831725,direct_transport_to_pickup,295.0,
668,drone,1,56.28609323645897,30.71523309114741,moving_to_bus_station_for_delivery,290.0,
668,bus,0,15.0,17.5,moving,,1.0
668,bus,1,47.5,60.0,moving,,-1.0
668,bus,2,17.5,15.0,moving,,1.0
668,bus,3,50.0,57.5,moving,,-1.0
668,bus,4,15.0,2.5,moving,,-1.0
668,bus,5,62.5,60.0,moving,,1.0
668,bus,6,2.5,15.0,moving,,-1.0
668,bus,7,50.0,72.5,moving,,1.0
668,bus,8,15.0,22.5,moving,,-1.0
668,bus,9,42.5,60.0,moving,,1.0
668,bus,10,22.5,15.0,moving,,-1.0
668,bus,11,50.0,52.5,moving,,1.0
668,bus,12,15.0,42.5,moving,,-1.0
668,bus,13,22.5,60.0,moving,,1.0
668,bus,14,42.5,15.0,moving,,-1.0
668,bus,15,50.0,32.5,moving,,1.0
668,bus,16,17.5,60.0,moving,,-1.0
668,bus,17,15.0,47.5,moving,,1.0
668,bus,18,50.0,27.5,moving,,-1.0
668,bus,19,47.5,15.0,moving,,1.0
668,bus,20,37.5,60.0,moving,,-1.0
668,bus,21,15.0,27.5,moving,,1.0
668,bus,22,50.0,47.5,moving,,-1.0
668,bus,23,27.5,15.0,moving,,1.0
669,drone,0,10.421737147788487,42.87347885566346,direct_transport_to_pickup,290.0,
669,drone,1,54.42913985468845,26.072849636721116,moving_to_bus_station_for_delivery,285.0,
669,bus,0,15.0,20.0,at_station,,1.0
669,bus,1,45.0,60.0,at_station,,-1.0
669,bus,2,20.0,15.0,at_station,,1.0
669,bus,3,50.0,55.0,at_station,,-1.0
669,bus,4,15.0,0.0,at_station,,-1.0
669,bus,5,65.0,60.0,at_station,,1.0
669,bus,6,0.0,15.0,at_station,,-1.0
669,bus,7,50.0,75.0,at_station,,1.0
669,bus,8,15.0,20.0,at_station,,-1.0
669,bus,9,45.0,60.0,at_station,,1.0
669,bus,10,20.0,15.0,at_station,,-1.0
669,bus,11,50.0,55.0,at_station,,1.0
669,bus,12,15.0,40.0,at_station,,-1.0
669,bus,13,25.0,60.0,at_station,,1.0
669,bus,14,40.0,15.0,at_station,,-1.0
669,bus,15,50.0,35.0,at_station,,1.0
669,bus,16,15.0,60.0,at_station,,-1.0
669,bus,17,15.0,50.0,at_station,,1.0
669,bus,18,50.0,25.0,at_station,,-1.0
669,bus,19,50.0,15.0,at_station,,1.0
669,bus,20,35.0,60.0,at_station,,-1.0
669,bus,21,15.0,30.0,at_station,,1.0
669,bus,22,50.0,45.0,at_station,,-1.0
669,bus,23,30.0,15.0,at_station,,1.0
670,drone,0,10.0,43.0,direct_transport_to_delivery,289.55969349108943,
670,drone,1,52.57218647291793,21.430466182294822,moving_to_bus_station_for_delivery,280.0,
670,bus,0,15.0,20.0,at_station,,1.0
670,bus,1,45.0,60.0,at_station,,-1.0
670,bus,2,20.0,15.0,at_station,,1.0
670,bus,3,50.0,55.0,at_station,,-1.0
670,bus,4,15.0,0.0,at_station,,-1.0
670,bus,5,65.0,60.0,at_station,,1.0
670,bus,6,0.0,15.0,at_station,,-1.0
670,bus,7,50.0,75.0,at_station,,1.0
670,bus,8,15.0,20.0,at_station,,-1.0
670,bus,9,45.0,60.0,at_station,,1.0
670,bus,10,20.0,15.0,at_station,,-1.0
670,bus,11,50.0,55.0,at_station,,1.0
670,bus,12,15.0,40.0,at_station,,-1.0
670,bus,13,25.0,60.0,at_station,,1.0
670,bus,14,40.0,15.0,at_station,,-1.0
670,bus,15,50.0,35.0,at_station,,1.0
670,bus,16,15.0,60.0,at_station,,-1.0
670,bus,17,15.0,50.0,at_station,,1.0
670,bus,18,50.0,25.0,at_station,,-1.0
670,bus,19,50.0,15.0,at_station,,1.0
670,bus,20,35.0,60.0,at_station,,-1.0
670,bus,21,15.0,30.0,at_station,,1.0
670,bus,22,50.0,45.0,at_station,,-1.0
670,bus,23,30.0,15.0,at_station,,1.0
671,drone,0,5.76000847997456,45.6499947000159,direct_transport_to_delivery,284.55969349108943,
671,drone,1,50.71523309114741,16.788082727868527,moving_to_bus_station_for_delivery,275.0,
671,bus,0,15.0,20.0,at_station,,1.0
671,bus,1,45.0,60.0,at_station,,-1.0
671,bus,2,20.0,15.0,at_station,,1.0
671,bus,3,50.0,55.0,at_station,,-1.0
671,bus,4,15.0,0.0,at_station,,-1.0
671,bus,5,65.0,60.0,at_station,,1.0
671,bus,6,0.0,15.0,at_station,,-1.0
671,bus,7,50.0,75.0,at_station,,1.0
671,bus,8,15.0,20.0,at_station,,-1.0
671,bus,9,45.0,60.0,at_station,,1.0
671,bus,10,20.0,15.0,at_station,,-1.0
671,bus,11,50.0,55.0,at_station,,1.0
671,bus,12,15.0,40.0,at_station,,-1.0
671,bus,13,25.0,60.0,at_station,,1.0
671,bus,14,40.0,15.0,at_station,,-1.0
671,bus,15,50.0,35.0,at_station,,1.0
671,bus,16,15.0,60.0,at_station,,-1.0
671,bus,17,15.0,50.0,at_station,,1.0
671,bus,18,50.0,25.0,at_station,,-1.0
671,bus,19,50.0,15.0,at_station,,1.0
671,bus,20,35.0,60.0,at_station,,-1.0
671,bus,21,15.0,30.0,at_station,,1.0
671,bus,22,50.0,45.0,at_station,,-1.0
671,bus,23,30.0,15.0,at_station,,1.0
672,drone,0,2.0,48.0,idle,280.12571235903283,
672,drone,1,50.0,15.0,waiting_at_bus_station_for_delivery,273.0741759643275,
672,bus,0,15.0,22.5,moving,,1.0
672,bus,1,42.5,60.0,moving,,-1.0
672,bus,2,22.5,15.0,moving,,1.0
672,bus,3,50.0,52.5,moving,,-1.0
672,bus,4,15.0,2.5,moving,,1.0
672,bus,5,62.5,60.0,moving,,-1.0
672,bus,6,2.5,15.0,moving,,1.0
672,bus,7,50.0,72.5,moving,,-1.0
672,bus,8,15.0,17.5,moving,,-1.0
672,bus,9,47.5,60.0,moving,,1.0
672,bus,10,17.5,15.0,moving,,-1.0
672,bus,11,50.0,57.5,moving,,1.0
672,bus,12,15.0,37.5,moving,,-1.0
672,bus,13,27.5,60.0,moving,,1.0
672,bus,14,37.5,15.0,moving,,-1.0
672,bus,15,50.0,37.5,moving,,1.0
672,bus,16,15.0,57.5,moving,,-1.0
672,bus,17,15.0,52.5,moving,,1.0
672,bus,18,50.0,22.5,moving,,-1.0
672,bus,19,50.0,17.5,moving,,1.0
672,bus,20,32.5,60.0,moving,,-1.0
672,bus,21,15.0,32.5,moving,,1.0
672,bus,22,50.0,42.5,moving,,-1.0
672,bus,23,32.5,15.0,moving,,1.0
673,drone,0,6.39645983268387,45.618584257296234,direct_transport_to_pickup,275.12571235903283,
673,drone,1,50.0,15.0,waiting_at_bus_station_for_delivery,273.0741759643275,
673,bus,0,15.0,27.5,moving,,1.0
673,bus,1,37.5,60.0,moving,,-1.0
673,bus,2,27.5,15.0,moving,,1.0
673,bus,3,50.0,47.5,moving,,-1.0
673,bus,4,15.0,7.5,moving,,1.0
673,bus,5,57.5,60.0,moving,,-1.0
673,bus,6,7.5,15.0,moving,,1.0
673,bus,7,50.0,67.5,moving,,-1.0
673,bus,8,15.0,12.5,moving,,-1.0
673,bus,9,52.5,60.0,moving,,1.0
673,bus,10,12.5,15.0,moving,,-1.0
673,bus,11,50.0,62.5,moving,,1.0
673,bus,12,15.0,32.5,moving,,-1.0
673,bus,13,32.5,60.0,moving,,1.0
673,bus,14,32.5,15.0,moving,,-1.0
673,bus,15,50.0,42.5,moving,,1.0
673,bus,16,15.0,52.5,moving,,-1.0
673,bus,17,15.0,57.5,moving,,1.0
673,bus,18,50.0,17.5,moving,,-1.0
673,bus,19,50.0,22.5,moving,,1.0
673,bus,20,27.5,60.0,moving,,-1.0
673,bus,21,15.0,37.5,moving,,1.0
673,bus,22,50.0,37.5,moving,,-1.0
673,bus,23,37.5,15.0,moving,,1.0
674,drone,0,10.79291966536774,43.23716851459247,direct_transport_to_pickup,270.12571235903283,
674,drone,1,50.0,15.0,waiting_at_bus_station_for_delivery,273.0741759643275,
674,bus,0,15.0,30.0,at_station,,1.0
674,bus,1,35.0,60.0,at_station,,-1.0
674,bus,2,30.0,15.0,at_station,,1.0
674,bus,3,50.0,45.0,at_station,,-1.0
674,bus,4,15.0,10.0,at_station,,1.0
674,bus,5,55.0,60.0,at_station,,-1.0
674,bus,6,10.0,15.0,at_station,,1.0
674,bus,7,50.0,65.0,at_station,,-1.0
674,bus,8,15.0,10.0,at_station,,-1.0
674,bus,9,55.0,60.0,at_station,,1.0
674,bus,10,10.0,15.0,at_station,,-1.0
674,bus,11,50.0,65.0,at_station,,1.0
674,bus,12,15.0,30.0,at_station,,-1.0
674,bus,13,35.0,60.0,at_station,,1.0
674,bus,14,30.0,15.0,at_station,,-1.0
674,bus,15,50.0,45.0,at_station,,1.0
674,bus,16,15.0,50.0,at_station,,-1.0
674,bus,17,15.0,60.0,at_station,,1.0
674,bus,18,50.0,15.0,at_station,,-1.0
674,bus,19,50.0,25.0,at_station,,1.0
674,bus,20,25.0,60.0,at_station,,-1.0
674,bus,21,15.0,40.0,at_station,,1.0
674,bus,22,50.0,35.0,at_station,,-1.0
674,bus,23,40.0,15.0,at_station,,1.0
675,drone,0,15.189379498051611,40.8557527718887,direct_transport_to_pickup,265.12571235903283,
675,drone,1,50.0,15.0,waiting_at_bus_station_for_delivery,273.0741759643275,
675,bus,0,15.0,30.0,at_station,,1.0
675,bus,1,35.0,60.0,at_station,,-1.0
675,bus,2,30.0,15.0,at_station,,1.0
675,bus,3,50.0,45.0,at_station,,-1.0
675,bus,4,15.0,10.0,at_station,,1.0
675,bus,5,55.0,60.0,at_station,,-1.0
675,bus,6,10.0,15.0,at_station,,1.0
675,bus,7,50.0,65.0,at_station,,-1.0
675,bus,8,15.0,10.0,at_station,,-1.0
675,bus,9,55.0,60.0,at_station,,1.0
675,bus,10,10.0,15.0,at_station,,-1.0
675,bus,11,50.0,65.0,at_station,,1.0
675,bus,12,15.0,30.0,at_station,,-1.0
675,bus,13,35.0,60.0,at_station,,1.0
675,bus,14,30.0,15.0,at_station,,-1.0
675,bus,15,50.0,45.0,at_station,,1.0
675,bus,16,15.0,50.0,at_station,,-1.0
675,bus,17,15.0,60.0,at_station,,1.0
675,bus,18,50.0,15.0,at_station,,-1.0
675,bus,19,50.0,25.0,at_station,,1.0
675,bus,20,25.0,60.0,at_station,,-1.0
675,bus,21,15.0,40.0,at_station,,1.0
675,bus,22,50.0,35.0,at_station,,-1.0
675,bus,23,40.0,15.0,at_station,,1.0
676,drone,0,19.58583933073548,38.474337029184944,direct_transport_to_pickup,260.12571235903283,
676,drone,1,50.0,15.0,waiting_at_bus_station_for_delivery,273.0741759643275,
676,bus,0,15.0,30.0,at_station,,1.0
676,bus,1,35.0,60.0,at_station,,-1.0
676,bus,2,30.0,15.0,at_station,,1.0
676,bus,3,50.0,45.0,at_station,,-1.0
676,bus,4,15.0,10.0,at_station,,1.0
676,bus,5,55.0,60.0,at_station,,-1.0
676,bus,6,10.0,15.0,at_station,,1.0
676,bus,7,50.0,65.0,at_station,,-1.0
676,bus,8,15.0,10.0,at_station,,-1.0
676,bus,9,55.0,60.0,at_station,,1.0
676,bus,10,10.0,15.0,at_station,,-1.0
676,bus,11,50.0,65.0,at_station,,1.0
676,bus,12,15.0,30.0,at_station,,-1.0
676,bus,13,35.0,60.0,at_station,,1.0
676,bus,14,30.0,15.0,at_station,,-1.0
676,bus,15,50.0,45.0,at_station,,1.0
676,bus,16,15.0,50.0,at_station,,-1.0
676,bus,17,15.0,60.0,at_station,,1.0
676,bus,18,50.0,15.0,at_station,,-1.0
676,bus,19,50.0,25.0,at_station,,1.0
676,bus,20,25.0,60.0,at_station,,-1.0
676,bus,21,15.0,40.0,at_station,,1.0
676,bus,22,50.0,35.0,at_station,,-1.0
676,bus,23,40.0,15.0,at_station,,1.0
677,drone,0,23.982299163419352,36.092921286481186,direct_transport_to_pickup,255.12571235903283,
677,drone,1,50.0,15.0,waiting_at_bus_station_for_delivery,273.0741759643275,
677,bus,0,15.0,32.5,moving,,1.0
677,bus,1,32.5,60.0,moving,,-1.0
677,bus,2,32.5,15.0,moving,,1.0
677,bus,3,50.0,42.5,moving,,-1.0
677,bus,4,15.0,12.5,moving,,1.0
677,bus,5,52.5,60.0,moving,,-1.0
677,bus,6,12.5,15.0,moving,,1.0
677,bus,7,50.0,62.5,moving,,-1.0
677,bus,8,15.0,7.5,moving,,-1.0
677,bus,9,57.5,60.0,moving,,1.0
677,bus,10,7.5,15.0,moving,,-1.0
677,bus,11,50.0,67.5,moving,,1.0
677,bus,12,15.0,27.5,moving,,-1.0
677,bus,13,37.5,60.0,moving,,1.0
677,bus,14,27.5,15.0,moving,,-1.0
677,bus,15,50.0,47.5,moving,,1.0
677,bus,16,15.0,47.5,moving,,-1.0
677,bus,17,17.5,60.0,moving,,1.0
677,bus,18,47.5,15.0,moving,,-1.0
677,bus,19,50.0,27.5,moving,,1.0
677,bus,20,22.5,60.0,moving,,-1.0
677,bus,21,15.0,42.5,moving,,1.0
677,bus,22,50.0,32.5,moving,,-1.0
677,bus,23,42.5,15.0,moving,,1.0
678,drone,0,26.0,35.0,direct_transport_to_delivery,252.83102423112047,
678,drone,1,50.0,15.0,waiting_at_bus_station_for_delivery,273.0741759643275,
678,bus,0,15.0,37.5,moving,,1.0
678,bus,1,27.5,60.0,moving,,-1.0
678,bus,2,37.5,15.0,moving,,1.0
678,bus,3,50.0,37.5,moving,,-1.0
678,bus,4,15.0,17.5,moving,,1.0
678,bus,5,47.5,60.0,moving,,-1.0
678,bus,6,17.5,15.0,moving,,1.0
678,bus,7,50.0,57.5,moving,,-1.0
678,bus,8,15.0,2.5,moving,,-1.0
678,bus,9,62.5,60.0,moving,,1.0
678,bus,10,2.5,15.0,moving,,-1.0
678,bus,11,50.0,72.5,moving,,1.0
678,bus,12,15.0,22.5,moving,,-1.0
678,bus,13,42.5,60.0,moving,,1.0
678,bus,14,22.5,15.0,moving,,-1.0
678,bus,15,50.0,52.5,moving,,1.0
678,bus,16,15.0,42.5,moving,,-1.0
678,bus,17,22.5,60.0,moving,,1.0
678,bus,18,42.5,15.0,moving,,-1.0
678,bus,19,50.0,32.5,moving,,1.0
678,bus,20,17.5,60.0,moving,,-1.0
678,bus,21,15.0,47.5,moving,,1.0
678,bus,22,50.0,27.5,moving,,-1.0
678,bus,23,47.5,15.0,moving,,1.0
679,drone,0,21.135968926573167,33.8418973634698,direct_transport_to_delivery,247.83102423112047,
679,drone,1,50.0,15.0,waiting_at_bus_station_for_delivery,273.0741759643275,
679,bus,0,15.0,40.0,at_station,,1.0
679,bus,1,25.0,60.0,at_station,,-1.0
679,bus,2,40.0,15.0,at_station,,1.0
679,bus,3,50.0,35.0,at_station,,-1.0
679,bus,4,15.0,20.0,at_station,,1.0
679,bus,5,45.0,60.0,at_station,,-1.0
679,bus,6,20.0,15.0,at_station,,1.0
679,bus,7,50.0,55.0,at_station,,-1.0
679,bus,8,15.0,0.0,at_station,,-1.0
679,bus,9,65.0,60.0,at_station,,1.0
679,bus,10,0.0,15.0,at_station,,-1.0
679,bus,11,50.0,75.0,at_station,,1.0
679,bus,12,15.0,20.0,at_station,,-1.0
679,bus,13,45.0,60.0,at_station,,1.0
679,bus,14,20.0,15.0,at_station,,-1.0
679,bus,15,50.0,55.0,at_station,,1.0
679,bus,16,15.0,40.0,at_station,,-1.0
679,bus,17,25.0,60.0,at_station,,1.0
679,bus,18,40.0,15.0,at_station,,-1.0
679,bus,19,50.0,35.0,at_station,,1.0
679,bus,20,15.0,60.0,at_station,,-1.0
679,bus,21,15.0,50.0,at_station,,1.0
679,bus,22,50.0,25.0,at_station,,-1.0
679,bus,23,50.0,15.0,at_station,,1.0
680,drone,0,16.271937853146333,32.6837947269396,direct_transport_to_delivery,242.83102423112047,
680,drone,1,50.0,15.0,waiting_at_bus_station_for_delivery,273.0741759643275,
680,bus,0,15.0,40.0,at_station,,1.0
680,bus,1,25.0,60.0,at_station,,-1.0
680,bus,2,40.0,15.0,at_station,,1.0
680,bus,3,50.0,35.0,at_station,,-1.0
680,bus,4,15.0,20.0,at_station,,1.0
680,bus,5,45.0,60.0,at_station,,-1.0
680,bus,6,20.0,15.0,at_station,,1.0
680,bus,7,50.0,55.0,at_station,,-1.0
680,bus,8,15.0,0.0,at_station,,-1.0
680,bus,9,65.0,60.0,at_station,,1.0
680,bus,10,0.0,15.0,at_station,,-1.0
680,bus,11,50.0,75.0,at_station,,1.0
680,bus,12,15.0,20.0,at_station,,-1.0
680,bus,13,45.0,60.0,at_station,,1.0
680,bus,14,20.0,15.0,at_station,,-1.0
680,bus,15,50.0,55.0,at_station,,1.0
680,bus,16,15.0,40.0,at_station,,-1.0
680,bus,17,25.0,60.0,at_station,,1.0
680,bus,18,40.0,15.0,at_station,,-1.0
680,bus,19,50.0,35.0,at_station,,1.0
680,bus,20,15.0,60.0,at_station,,-1.0
680,bus,21,15.0,50.0,at_station,,1.0
680,bus,22,50.0,25.0,at_station,,-1.0
680,bus,23,50.0,15.0,at_station,,1.0
681,drone,0,11.407906779719498,31.525692090409404,direct_transport_to_delivery,237.83102423112047,
681,drone,1,50.0,15.0,waiting_at_bus_station_for_delivery,273.0741759643275,
681,bus,0,15.0,40.0,at_station,,1.0
681,bus,1,25.0,60.0,at_station,,-1.0
681,bus,2,40.0,15.0,at_station,,1.0
681,bus,3,50.0,35.0,at_station,,-1.0
681,bus,4,15.0,20.0,at_station,,1.0
681,bus,5,45.0,60.0,at_station,,-1.0
681,bus,6,20.0,15.0,at_station,,1.0
681,bus,7,50.0,55.0,at_station,,-1.0
681,bus,8,15.0,0.0,at_station,,-1.0
681,bus,9,65.0,60.0,at_station,,1.0
681,bus,10,0.0,15.0,at_station,,-1.0
681,bus,11,50.0,75.0,at_station,,1.0
681,bus,12,15.0,20.0,at_station,,-1.0
681,bus,13,45.0,60.0,at_station,,1.0
681,bus,14,20.0,15.0,at_station,,-1.0
681,bus,15,50.0,55.0,at_station,,1.0
681,bus,16,15.0,40.0,at_station,,-1.0
681,bus,17,25.0,60.0,at_station,,1.0
681,bus,18,40.0,15.0,at_station,,-1.0
681,bus,19,50.0,35.0,at_station,,1.0
681,bus,20,15.0,60.0,at_station,,-1.0
681,bus,21,15.0,50.0,at_station,,1.0
681,bus,22,50.0,25.0,at_station,,-1.0
681,bus,23,50.0,15.0,at_station,,1.0
682,drone,0,6.543875706292663,30.367589453879205,direct_transport_to_delivery,232.83102423112047,
682,drone,1,50.0,15.0,waiting_at_bus_station_for_delivery,273.0741759643275,
682,bus,0,15.0,42.5,moving,,1.0
682,bus,1,22.5,60.0,moving,,-1.0
682,bus,2,42.5,15.0,moving,,1.0
682,bus,3,50.0,32.5,moving,,-1.0
682,bus,4,15.0,22.5,moving,,1.0
682,bus,5,42.5,60.0,moving,,-1.0
682,bus,6,22.5,15.0,moving,,1.0
682,bus,7,50.0,52.5,moving,,-1.0
682,bus,8,15.0,2.5,moving,,1.0
682,bus,9,62.5,60.0,moving,,-1.0
682,bus,10,2.5,15.0,moving,,1.0
682,bus,11,50.0,72.5,moving,,-1.0
682,bus,12,15.0,17.5,moving,,-1.0
682,bus,13,47.5,60.0,moving,,1.0
682,bus,14,17.5,15.0,moving,,-1.0
682,bus,15,50.0,57.5,moving,,1.0
682,bus,16,15.0,37.5,moving,,-1.0
682,bus,17,27.5,60.0,moving,,1.0
682,bus,18,37.5,15.0,moving,,-1.0
682,bus,19,50.0,37.5,moving,,1.0
682,bus,20,15.0,57.5,moving,,-1.0
682,bus,21,15.0,52.5,moving,,1.0
682,bus,22,50.0,22.5,moving,,-1.0
682,bus,23,50.0,17.5,moving,,1.0
683,drone,0,5.0,30.0,idle,231.24399108619755,
683,drone,1,50.0,15.0,waiting_at_bus_station_for_delivery,273.0741759643275,
683,bus,0,15.0,47.5,moving,,1.0
683,bus,1,17.5,60.0,moving,,-1.0
683,bus,2,47.5,15.0,moving,,1.0
683,bus,3,50.0,27.5,moving,,-1.0
683,bus,4,15.0,27.5,moving,,1.0
683,bus,5,37.5,60.0,moving,,-1.0
683,bus,6,27.5,15.0,moving,,1.0
683,bus,7,50.0,47.5,moving,,-1.0
683,bus,8,15.0,7.5,moving,,1.0
683,bus,9,57.5,60.0,moving,,-1.0
683,bus,10,7.5,15.0,moving,,1.0
683,bus,11,50.0,67.5,moving,,-1.0
683,bus,12,15.0,12.5,moving,,-1.0
683,bus,13,52.5,60.0,moving,,1.0
683,bus,14,12.5,15.0,moving,,-1.0
683,bus,15,50.0,62.5,moving,,1.0
683,bus,16,15.0,32.5,moving,,-1.0
683,bus,17,32.5,60.0,moving,,1.0
683,bus,18,32.5,15.0,moving,,-1.0
683,bus,19,50.0,42.5,moving,,1.0
683,bus,20,15.0,52.5,moving,,-1.0
683,bus,21,15.0,57.5,moving,,1.0
683,bus,22,50.0,17.5,moving,,-1.0
683,bus,23,50.0,22.5,moving,,1.0
684,drone,0,8.762883473534389,33.29252303934259,direct_transport_to_pickup,226.24399108619755,
684,drone,1,50.0,15.0,waiting_at_bus_station_for_delivery,273.0741759643275,
684,bus,0,15.0,50.0,at_station,,1.0
684,bus,1,15.0,60.0,at_station,,-1.0
684,bus,2,50.0,15.0,at_station,,1.0
684,bus,3,50.0,25.0,at_station,,-1.0
684,bus,4,15.0,30.0,at_station,,1.0
684,bus,5,35.0,60.0,at_station,,-1.0
684,bus,6,30.0,15.0,at_station,,1.0
684,bus,7,50.0,45.0,at_station,,-1.0
684,bus,8,15.0,10.0,at_station,,1.0
684,bus,9,55.0,60.0,at_station,,-1.0
684,bus,10,10.0,15.0,at_station,,1.0
684,bus,11,50.0,65.0,at_station,,-1.0
684,bus,12,15.0,10.0,at_station,,-1.0
684,bus,13,55.0,60.0,at_station,,1.0
684,bus,14,10.0,15.0,at_station,,-1.0
684,bus,15,50.0,65.0,at_station,,1.0
684,bus,16,15.0,30.0,at_station,,-1.0
684,bus,17,35.0,60.0,at_station,,1.0
684,bus,18,30.0,15.0,at_station,,-1.0
684,bus,19,50.0,45.0,at_station,,1.0
684,bus,20,15.0,50.0,at_station,,-1.0
684,bus,21,15.0,60.0,at_station,,1.0
684,bus,22,50.0,15.0,at_station,,-1.0
684,bus,23,50.0,25.0,at_station,,1.0
685,drone,0,12.525766947068778,36.58504607868518,direct_transport_to_pickup,221.24399108619755,
685,drone,1,49.0,11.0,idle,268.9510703387098,
685,bus,0,15.0,50.0,at_station,,1.0
685,bus,1,15.0,60.0,at_station,,-1.0
685,bus,2,50.0,15.0,at_station,,1.0
685,bus,3,50.0,25.0,at_station,,-1.0
685,bus,4,15.0,30.0,at_station,,1.0
685,bus,5,35.0,60.0,at_station,,-1.0
685,bus,6,30.0,15.0,at_station,,1.0
685,bus,7,50.0,45.0,at_station,,-1.0
685,bus,8,15.0,10.0,at_station,,1.0
685,bus,9,55.0,60.0,at_station,,-1.0
685,bus,10,10.0,15.0,at_station,,1.0
685,bus,11,50.0,65.0,at_station,,-1.0
685,bus,12,15.0,10.0,at_station,,-1.0
685,bus,13,55.0,60.0,at_station,,1.0
685,bus,14,10.0,15.0,at_station,,-1.0
685,bus,15,50.0,65.0,at_station,,1.0
685,bus,16,15.0,30.0,at_station,,-1.0
685,bus,17,35.0,60.0,at_station,,1.0
685,bus,18,30.0,15.0,at_station,,-1.0
685,bus,19,50.0,45.0,at_station,,1.0
685,bus,20,15.0,50.0,at_station,,-1.0
685,bus,21,15.0,60.0,at_station,,1.0
685,bus,22,50.0,15.0,at_station,,-1.0
685,bus,23,50.0,25.0,at_station,,1.0
686,drone,0,16.28865042060317,39.87756911802777,direct_transport_to_pickup,216.24399108619755,
686,drone,1,51.77350098112615,15.160251471689218,direct_transport_to_pickup,263.9510703387098,
686,bus,0,15.0,50.0,at_station,,1.0
686,bus,1,15.0,60.0,at_station,,-1.0
686,bus,2,50.0,15.0,at_station,,1.0
686,bus,3,50.0,25.0,at_station,,-1.0
686,bus,4,15.0,30.0,at_station,,1.0
686,bus,5,35.0,60.0,at_station,,-1.0
686,bus,6,30.0,15.0,at_station,,1.0
686,bus,7,50.0,45.0,at_station,,-1.0
686,bus,8,15.0,10.0,at_station,,1.0
686,bus,9,55.0,60.0,at_station,,-1.0
686,bus,10,10.0,15.0,at_station,,1.0
686,bus,11,50.0,65.0,at_station,,-1.0
686,bus,12,15.0,10.0,at_station,,-1.0
686,bus,13,55.0,60.0,at_station,,1.0
686,bus,14,10.0,15.0,at_station,,-1.0
686,bus,15,50.0,65.0,at_station,,1.0
686,bus,16,15.0,30.0,at_station,,-1.0
686,bus,17,35.0,60.0,at_station,,1.0
686,bus,18,30.0,15.0,at_station,,-1.0
686,bus,19,50.0,45.0,at_station,,1.0
686,bus,20,15.0,50.0,at_station,,-1.0
686,bus,21,15.0,60.0,at_station,,1.0
686,bus,22,50.0,15.0,at_station,,-1.0
686,bus,23,50.0,25.0,at_station,,1.0
687,drone,0,20.051533894137556,43.17009215737036,direct_transport_to_pickup,211.24399108619755,
687,drone,1,54.547001962252295,19.320502943378436,direct_transport_to_pickup,258.9510703387098,
687,bus,0,15.0,52.5,moving,,1.0
687,bus,1,15.0,57.5,moving,,-1.0
687,bus,2,50.0,17.5,moving,,1.0
687,bus,3,50.0,22.5,moving,,-1.0
687,bus,4,15.0,32.5,moving,,1.0
687,bus,5,32.5,60.0,moving,,-1.0
687,bus,6,32.5,15.0,moving,,1.0
687,bus,7,50.0,42.5,moving,,-1.0
687,bus,8,15.0,12.5,moving,,1.0
687,bus,9,52.5,60.0,moving,,-1.0
687,bus,10,12.5,15.0,moving,,1.0
687,bus,11,50.0,62.5,moving,,-1.0
687,bus,12,15.0,7.5,moving,,-1.0
687,bus,13,57.5,60.0,moving,,1.0
687,bus,14,7.5,15.0,moving,,-1.0
687,bus,15,50.0,67.5,moving,,1.0
687,bus,16,15.0,27.5,moving,,-1.0
687,bus,17,37.5,60.0,moving,,1.0
687,bus,18,27.5,15.0,moving,,-1.0
687,bus,19,50.0,47.5,moving,,1.0
687,bus,20,15.0,47.5,moving,,-1.0
687,bus,21,17.5,60.0,moving,,1.0
687,bus,22,47.5,15.0,moving,,-1.0
687,bus,23,50.0,27.5,moving,,1.0
688,drone,0,23.814417367671947,46.46261519671295,direct_transport_to_pickup,206.24399108619755,
688,drone,1,57.32050294337844,23.480754415067654,direct_transport_to_pickup,253.95107033870983,
688,bus,0,15.0,57.5,moving,,1.0
688,bus,1,15.0,52.5,moving,,-1.0
688,bus,2,50.0,22.5,moving,,1.0
688,bus,3,50.0,17.5,moving,,-1.0
688,bus,4,15.0,37.5,moving,,1.0
688,bus,5,27.5,60.0,moving,,-1.0
688,bus,6,37.5,15.0,moving,,1.0
688,bus,7,50.0,37.5,moving,,-1.0
688,bus,8,15.0,17.5,moving,,1.0
688,bus,9,47.5,60.0,moving,,-1.0
688,bus,10,17.5,15.0,moving,,1.0
688,bus,11,50.0,57.5,moving,,-1.0
688,bus,12,15.0,2.5,moving,,-1.0
688,bus,13,62.5,60.0,moving,,1.0
688,bus,14,2.5,15.0,moving,,-1.0
688,bus,15,50.0,72.5,moving,,1.0
688,bus,16,15.0,22.5,moving,,-1.0
688,bus,17,42.5,60.0,moving,,1.0
688,bus,18,22.5,15.0,moving,,-1.0
688,bus,19,50.0,52.5,moving,,1.0
688,bus,20,15.0,42.5,moving,,-1.0
688,bus,21,22.5,60.0,moving,,1.0
688,bus,22,42.5,15.0,moving,,-1.0
688,bus,23,50.0,32.5,moving,,1.0
689,drone,0,27.577300841206338,49.755138236055544,direct_transport_to_pickup,201.24399108619755,
689,drone,1,60.09400392450459,27.641005886756872,direct_transport_to_pickup,248.95107033870983,
689,bus,0,15.0,60.0,at_station,,1.0
689,bus,1,15.0,50.0,at_station,,-1.0
689,bus,2,50.0,25.0,at_station,,1.0
689,bus,3,50.0,15.0,at_station,,-1.0
689,bus,4,15.0,40.0,at_station,,1.0
689,bus,5,25.0,60.0,at_station,,-1.0
689,bus,6,40.0,15.0,at_station,,1.0
689,bus,7,50.0,35.0,at_station,,-1.0
689,bus,8,15.0,20.0,at_station,,1.0
689,bus,9,45.0,60.0,at_station,,-1.0
689,bus,10,20.0,15.0,at_station,,1.0
689,bus,11,50.0,55.0,at_station,,-1.0
689,bus,12,15.0,0.0,at_station,,-1.0
689,bus,13,65.0,60.0,at_station,,1.0
689,bus,14,0.0,15.0,at_station,,-1.0
689,bus,15,50.0,75.0,at_station,,1.0
689,bus,16,15.0,20.0,at_station,,-1.0
689,bus,17,45.0,60.0,at_station,,1.0
689,bus,18,20.0,15.0,at_station,,-1.0
689,bus,19,50.0,55.0,at_station,,1.0
689,bus,20,15.0,40.0,at_station,,-1.0
689,bus,21,25.0,60.0,at_station,,1.0
689,bus,22,40.0,15.0,at_station,,-1.0
689,bus,23,50.0,35.0,at_station,,1.0
690,drone,0,31.340184314740725,53.047661275398134,direct_transport_to_pickup,196.24399108619755,
690,drone,1,62.86750490563073,31.801257358446094,direct_transport_to_pickup,243.95107033870983,
690,bus,0,15.0,60.0,at_station,,1.0
690,bus,1,15.0,50.0,at_station,,-1.0
690,bus,2,50.0,25.0,at_station,,1.0
690,bus,3,50.0,15.0,at_station,,-1.0
690,bus,4,15.0,40.0,at_station,,1.0
690,bus,5,25.0,60.0,at_station,,-1.0
690,bus,6,40.0,15.0,at_station,,1.0
690,bus,7,50.0,35.0,at_station,,-1.0
690,bus,8,15.0,20.0,at_station,,1.0
690,bus,9,45.0,60.0,at_station,,-1.0
690,bus,10,20.0,15.0,at_station,,1.0
690,bus,11,50.0,55.0,at_station,,-1.0
690,bus,12,15.0,0.0,at_station,,-1.0
690,bus,13,65.0,60.0,at_station,,1.0
690,bus,14,0.0,15.0,at_station,,-1.0
690,bus,15,50.0,75.0,at_station,,1.0
690,bus,16,15.0,20.0,at_station,,-1.0
690,bus,17,45.0,60.0,at_station,,1.0
690,bus,18,20.0,15.0,at_station,,-1.0
690,bus,19,50.0,55.0,at_station,,1.0
690,bus,20,15.0,40.0,at_station,,-1.0
690,bus,21,25.0,60.0,at_station,,1.0
690,bus,22,40.0,15.0,at_station,,-1.0
690,bus,23,50.0,35.0,at_station,,1.0
691,drone,0,35.10306778827511,56.340184314740725,direct_transport_to_pickup,191.24399108619755,
691,drone,1,65.0,35.0,direct_transport_to_delivery,240.10666013499792,
691,bus,0,15.0,60.0,at_station,,1.0
691,bus,1,15.0,50.0,at_station,,-1.0
691,bus,2,50.0,25.0,at_station,,1.0
691,bus,3,50.0,15.0,at_station,,-1.0
691,bus,4,15.0,40.0,at_station,,1.0
691,bus,5,25.0,60.0,at_station,,-1.0
691,bus,6,40.0,15.0,at_station,,1.0
691,bus,7,50.0,35.0,at_station,,-1.0
691,bus,8,15.0,20.0,at_station,,1.0
691,bus,9,45.0,60.0,at_station,,-1.0
691,bus,10,20.0,15.0,at_station,,1.0
691,bus,11,50.0,55.0,at_station,,-1.0
691,bus,12,15.0,0.0,at_station,,-1.0
691,bus,13,65.0,60.0,at_station,,1.0
691,bus,14,0.0,15.0,at_station,,-1.0
691,bus,15,50.0,75.0,at_station,,1.0
691,bus,16,15.0,20.0,at_station,,-1.0
691,bus,17,45.0,60.0,at_station,,1.0
691,bus,18,20.0,15.0,at_station,,-1.0
691,bus,19,50.0,55.0,at_station,,1.0
691,bus,20,15.0,40.0,at_station,,-1.0
691,bus,21,25.0,60.0,at_station,,1.0
691,bus,22,40.0,15.0,at_station,,-1.0
691,bus,23,50.0,35.0,at_station,,1.0
692,drone,0,38.8659512618095,59.632707354083315,direct_transport_to_pickup,186.24399108619755,
692,drone,1,61.0,32.0,direct_transport_to_delivery,235.10666013499792,
692,bus,0,17.5,60.0,moving,,1.0
692,bus,1,15.0,47.5,moving,,-1.0
692,bus,2,50.0,27.5,moving,,1.0
692,bus,3,47.5,15.0,moving,,-1.0
692,bus,4,15.0,42.5,moving,,1.0
692,bus,5,22.5,60.0,moving,,-1.0
692,bus,6,42.5,15.0,moving,,1.0
692,bus,7,50.0,32.5,moving,,-1.0
692,bus,8,15.0,22.5,moving,,1.0
692,bus,9,42.5,60.0,moving,,-1.0
692,bus,10,22.5,15.0,moving,,1.0
692,bus,11,50.0,52.5,moving,,-1.0
692,bus,12,15.0,2.5,moving,,1.0
692,bus,13,62.5,60.0,moving,,-1.0
692,bus,14,2.5,15.0,moving,,1.0
692,bus,15,50.0,72.5,moving,,-1.0
692,bus,16,15.0,17.5,moving,,-1.0
692,bus,17,47.5,60.0,moving,,1.0
692,bus,18,17.5,15.0,moving,,-1.0
692,bus,19,50.0,57.5,moving,,1.0
692,bus,20,15.0,37.5,moving,,-1.0
692,bus,21,27.5,60.0,moving,,1.0
692,bus,22,37.5,15.0,moving,,-1.0
692,bus,23,50.0,37.5,moving,,1.0
693,drone,0,42.62883473534389,62.925230393425906,direct_transport_to_pickup,181.24399108619755,
693,drone,1,57.0,29.0,idle,230.10666013499792,
693,bus,0,22.5,60.0,moving,,1.0
693,bus,1,15.0,42.5,moving,,-1.0
693,bus,2,50.0,32.5,moving,,1.0
693,bus,3,42.5,15.0,moving,,-1.0
693,bus,4,15.0,47.5,moving,,1.0
693,bus,5,17.5,60.0,moving,,-1.0
693,bus,6,47.5,15.0,moving,,1.0
693,bus,7,50.0,27.5,moving,,-1.0
693,bus,8,15.0,27.5,moving,,1.0
693,bus,9,37.5,60.0,moving,,-1.0
693,bus,10,27.5,15.0,moving,,1.0
693,bus,11,50.0,47.5,moving,,-1.0
693,bus,12,15.0,7.5,moving,,1.0
693,bus,13,57.5,60.0,moving,,-1.0
693,bus,14,7.5,15.0,moving,,1.0
693,bus,15,50.0,67.5,moving,,-1.0
693,bus,16,15.0,12.5,moving,,-1.0
693,bus,17,52.5,60.0,moving,,1.0
693,bus,18,12.5,15.0,moving,,-1.0
693,bus,19,50.0,62.5,moving,,1.0
693,bus,20,15.0,32.5,moving,,-1.0
693,bus,21,32.5,60.0,moving,,1.0
693,bus,22,32.5,15.0,moving,,-1.0
693,bus,23,50.0,42.5,moving,,1.0
694,drone,0,45.0,65.0,direct_transport_to_delivery,178.0932620225243,
694,drone,1,53.02821083511402,32.037250537853986,direct_transport_to_pickup,225.10666013499792,
694,bus,0,25.0,60.0,at_station,,1.0
694,bus,1,15.0,40.0,at_station,,-1.0
694,bus,2,50.0,35.0,at_station,,1.0
694,bus,3,40.0,15.0,at_station,,-1.0
694,bus,4,15.0,50.0,at_station,,1.0
694,bus,5,15.0,60.0,at_station,,-1.0
694,bus,6,50.0,15.0,at_station,,1.0
694,bus,7,50.0,25.0,at_station,,-1.0
694,bus,8,15.0,30.0,at_station,,1.0
694,bus,9,35.0,60.0,at_station,,-1.0
694,bus,10,30.0,15.0,at_station,,1.0
694,bus,11,50.0,45.0,at_station,,-1.0
694,bus,12,15.0,10.0,at_station,,1.0
694,bus,13,55.0,60.0,at_station,,-1.0
694,bus,14,10.0,15.0,at_station,,1.0
694,bus,15,50.0,65.0,at_station,,-1.0
694,bus,16,15.0,10.0,at_station,,-1.0
694,bus,17,55.0,60.0,at_station,,1.0
694,bus,18,10.0,15.0,at_station,,-1.0
694,bus,19,50.0,65.0,at_station,,1.0
694,bus,20,15.0,30.0,at_station,,-1.0
694,bus,21,35.0,60.0,at_station,,1.0
694,bus,22,30.0,15.0,at_station,,-1.0
694,bus,23,50.0,45.0,at_station,,1.0
695,drone,0,47.480694691784166,60.65878428937771,direct_transport_to_delivery,173.0932620225243,
695,drone,1,49.05642167022803,35.07450107570797,direct_transport_to_pickup,220.10666013499792,
695,bus,0,25.0,60.0,at_station,,1.0
695,bus,1,15.0,40.0,at_station,,-1.0
695,bus,2,50.0,35.0,at_station,,1.0
695,bus,3,40.0,15.0,at_station,,-1.0
695,bus,4,15.0,50.0,at_station,,1.0
695,bus,5,15.0,60.0,at_station,,-1.0
695,bus,6,50.0,15.0,at_station,,1.0
695,bus,7,50.0,25.0,at_station,,-1.0
695,bus,8,15.0,30.0,at_station,,1.0
695,bus,9,35.0,60.0,at_station,,-1.0
695,bus,10,30.0,15.0,at_station,,1.0
695,bus,11,50.0,45.0,at_station,,-1.0
695,bus,12,15.0,10.0,at_station,,1.0
695,bus,13,55.0,60.0,at_station,,-1.0
695,bus,14,10.0,15.0,at_station,,1.0
695,bus,15,50.0,65.0,at_station,,-1.0
695,bus,16,15.0,10.0,at_station,,-1.0
695,bus,17,55.0,60.0,at_station,,1.0
695,bus,18,10.0,15.0,at_station,,-1.0
695,bus,19,50.0,65.0,at_station,,1.0
695,bus,20,15.0,30.0,at_station,,-1.0
695,bus,21,35.0,60.0,at_station,,1.0
695,bus,22,30.0,15.0,at_station,,-1.0
695,bus,23,50.0,45.0,at_station,,1.0
696,drone,0,49.0,58.0,idle,170.03100427422575,
696,drone,1,45.08463250534205,38.11175161356196,direct_transport_to_pickup,215.10666013499792,
696,bus,0,25.0,60.0,at_station,,1.0
696,bus,1,15.0,40.0,at_station,,-1.0
696,bus,2,50.0,35.0,at_station,,1.0
696,bus,3,40.0,15.0,at_station,,-1.0
696,bus,4,15.0,50.0,at_station,,1.0
696,bus,5,15.0,60.0,at_station,,-1.0
696,bus,6,50.0,15.0,at_station,,1.0
696,bus,7,50.0,25.0,at_station,,-1.0
696,bus,8,15.0,30.0,at_station,,1.0
696,bus,9,35.0,60.0,at_station,,-1.0
696,bus,10,30.0,15.0,at_station,,1.0
696,bus,11,50.0,45.0,at_station,,-1.0
696,bus,12,15.0,10.0,at_station,,1.0
696,bus,13,55.0,60.0,at_station,,-1.0
696,bus,14,10.0,15.0,at_station,,1.0
696,bus,15,50.0,65.0,at_station,,-1.0
696,bus,16,15.0,10.0,at_station,,-1.0
696,bus,17,55.0,60.0,at_station,,1.0
696,bus,18,10.0,15.0,at_station,,-1.0
696,bus,19,50.0,65.0,at_station,,1.0
696,bus,20,15.0,30.0,at_station,,-1.0
696,bus,21,35.0,60.0,at_station,,1.0
696,bus,22,30.0,15.0,at_station,,-1.0
696,bus,23,50.0,45.0,at_station,,1.0
697,drone,0,45.0,55.0,direct_transport_to_pickup,165.03100427422575,
697,drone,1,41.11284334045607,41.14900215141594,direct_transport_to_pickup,210.10666013499792,
697,bus,0,27.5,60.0,moving,,1.0
697,bus,1,15.0,37.5,moving,,-1.0
697,bus,2,50.0,37.5,moving,,1.0
697,bus,3,37.5,15.0,moving,,-1.0
697,bus,4,15.0,52.5,moving,,1.0
697,bus,5,15.0,57.5,moving,,-1.0
697,bus,6,50.0,17.5,moving,,1.0
697,bus,7,50.0,22.5,moving,,-1.0
697,bus,8,15.0,32.5,moving,,1.0
697,bus,9,32.5,60.0,moving,,-1.0
697,bus,10,32.5,15.0,moving,,1.0
697,bus,11,50.0,42.5,moving,,-1.0
697,bus,12,15.0,12.5,moving,,1.0
697,bus,13,52.5,60.0,moving,,-1.0
697,bus,14,12.5,15.0,moving,,1.0
697,bus,15,50.0,62.5,moving,,-1.0
697,bus,16,15.0,7.5,moving,,-1.0
697,bus,17,57.5,60.0,moving,,1.0
697,bus,18,7.5,15.0,moving,,-1.0
697,bus,19,50.0,67.5,moving,,1.0
697,bus,20,15.0,27.5,moving,,-1.0
697,bus,21,37.5,60.0,moving,,1.0
697,bus,22,27.5,15.0,moving,,-1.0
697,bus,23,50.0,47.5,moving,,1.0
698,drone,0,41.0,52.0,direct_transport_to_pickup,160.03100427422575,
698,drone,1,37.14105417557008,44.18625268926993,direct_transport_to_pickup,205.10666013499792,
698,bus,0,32.5,60.0,moving,,1.0
698,bus,1,15.0,32.5,moving,,-1.0
698,bus,2,50.0,42.5,moving,,1.0
698,bus,3,32.5,15.0,moving,,-1.0
698,bus,4,15.0,57.5,moving,,1.0
698,bus,5,15.0,52.5,moving,,-1.0
698,bus,6,50.0,22.5,moving,,1.0
698,bus,7,50.0,17.5,moving,,-1.0
698,bus,8,15.0,37.5,moving,,1.0
698,bus,9,27.5,60.0,moving,,-1.0
698,bus,10,37.5,15.0,moving,,1.0
698,bus,11,50.0,37.5,moving,,-1.0
698,bus,12,15.0,17.5,moving,,1.0
698,bus,13,47.5,60.0,moving,,-1.0
698,bus,14,17.5,15.0,moving,,1.0
698,bus,15,50.0,57.5,moving,,-1.0
698,bus,16,15.0,2.5,moving,,-1.0
698,bus,17,62.5,60.0,moving,,1.0
698,bus,18,2.5,15.0,moving,,-1.0
698,bus,19,50.0,72.5,moving,,1.0
698,bus,20,15.0,22.5,moving,,-1.0
698,bus,21,42.5,60.0,moving,,1.0
698,bus,22,22.5,15.0,moving,,-1.0
698,bus,23,50.0,52.5,moving,,1.0
699,drone,0,37.0,49.0,direct_transport_to_pickup,155.03100427422575,
699,drone,1,33.1692650106841,47.22350322712391,direct_transport_to_pickup,200.10666013499792,
699,bus,0,35.0,60.0,at_station,,1.0
699,bus,1,15.0,30.0,at_station,,-1.0
699,bus,2,50.0,45.0,at_station,,1.0
699,bus,3,30.0,15.0,at_station,,-1.0
699,bus,4,15.0,60.0,at_station,,1.0
699,bus,5,15.0,50.0,at_station,,-1.0
699,bus,6,50.0,25.0,at_station,,1.0
699,bus,7,50.0,15.0,at_station,,-1.0
699,bus,8,15.0,40.0,at_station,,1.0
699,bus,9,25.0,60.0,at_station,,-1.0
699,bus,10,40.0,15.0,at_station,,1.0
699,bus,11,50.0,35.0,at_station,,-1.0
699,bus,12,15.0,20.0,at_station,,1.0
699,bus,13,45.0,60.0,at_station,,-1.0
699,bus,14,20.0,15.0,at_station,,1.0
699,bus,15,50.0,55.0,at_station,,-1.0
699,bus,16,15.0,0.0,at_station,,-1.0
699,bus,17,65.0,60.0,at_station,,1.0
699,bus,18,0.0,15.0,at_station,,-1.0
699,bus,19,50.0,75.0,at_station,,1.0
699,bus,20,15.0,20.0,at_station,,-1.0
699,bus,21,45.0,60.0,at_station,,1.0
699,bus,22,20.0,15.0,at_station,,-1.0
699,bus,23,50.0,55.0,at_station,,1.0
700,drone,0,33.0,46.0,direct_transport_to_pickup,150.03100427422575,
700,drone,1,29.19747584579812,50.2607537649779,direct_transport_to_pickup,195.10666013499792,
700,bus,0,35.0,60.0,at_station,,1.0
700,bus,1,15.0,30.0,at_station,,-1.0
700,bus,2,50.0,45.0,at_station,,1.0
700,bus,3,30.0,15.0,at_station,,-1.0
700,bus,4,15.0,60.0,at_station,,1.0
700,bus,5,15.0,50.0,at_station,,-1.0
700,bus,6,50.0,25.0,at_station,,1.0
700,bus,7,50.0,15.0,at_station,,-1.0
700,bus,8,15.0,40.0,at_station,,1.0
700,bus,9,25.0,60.0,at_station,,-1.0
700,bus,10,40.0,15.0,at_station,,1.0
700,bus,11,50.0,35.0,at_station,,-1.0
700,bus,12,15.0,20.0,at_station,,1.0
700,bus,13,45.0,60.0,at_station,,-1.0
700,bus,14,20.0,15.0,at_station,,1.0
700,bus,15,50.0,55.0,at_station,,-1.0
700,bus,16,15.0,0.0,at_station,,-1.0
700,bus,17,65.0,60.0,at_station,,1.0
700,bus,18,0.0,15.0,at_station,,-1.0
700,bus,19,50.0,75.0,at_station,,1.0
700,bus,20,15.0,20.0,at_station,,-1.0
700,bus,21,45.0,60.0,at_station,,1.0
700,bus,22,20.0,15.0,at_station,,-1.0
700,bus,23,50.0,55.0,at_station,,1.0
701,drone,0,29.0,43.0,direct_transport_to_pickup,145.03100427422575,
701,drone,1,25.22568668091214,53.298004302831885,direct_transport_to_pickup,190.10666013499792,
701,bus,0,35.0,60.0,at_station,,1.0
701,bus,1,15.0,30.0,at_station,,-1.0
701,bus,2,50.0,45.0,at_station,,1.0
701,bus,3,30.0,15.0,at_station,,-1.0
701,bus,4,15.0,60.0,at_station,,1.0
701,bus,5,15.0,50.0,at_station,,-1.0
701,bus,6,50.0,25.0,at_station,,1.0
701,bus,7,50.0,15.0,at_station,,-1.0
701,bus,8,15.0,40.0,at_station,,1.0
701,bus,9,25.0,60.0,at_station,,-1.0
701,bus,10,40.0,15.0,at_station,,1.0
701,bus,11,50.0,35.0,at_station,,-1.0
701,bus,12,15.0,20.0,at_station,,1.0
701,bus,13,45.0,60.0,at_station,,-1.0
701,bus,14,20.0,15.0,at_station,,1.0
701,bus,15,50.0,55.0,at_station,,-1.0
701,bus,16,15.0,0.0,at_station,,-1.0
701,bus,17,65.0,60.0,at_station,,1.0
701,bus,18,0.0,15.0,at_station,,-1.0
701,bus,19,50.0,75.0,at_station,,1.0
701,bus,20,15.0,20.0,at_station,,-1.0
701,bus,21,45.0,60.0,at_station,,1.0
701,bus,22,20.0,15.0,at_station,,-1.0
701,bus,23,50.0,55.0,at_station,,1.0
702,drone,0,25.0,40.0,direct_transport_to_pickup,140.03100427422575,
702,drone,1,21.25389751602616,56.33525484068587,direct_transport_to_pickup,185.10666013499792,
702,bus,0,37.5,60.0,moving,,1.0
702,bus,1,15.0,27.5,moving,,-1.0
702,bus,2,50.0,47.5,moving,,1.0
702,bus,3,27.5,15.0,moving,,-1.0
702,bus,4,17.5,60.0,moving,,1.0
702,bus,5,15.0,47.5,moving,,-1.0
702,bus,6,50.0,27.5,moving,,1.0
702,bus,7,47.5,15.0,moving,,-1.0
702,bus,8,15.0,42.5,moving,,1.0
702,bus,9,22.5,60.0,moving,,-1.0
702,bus,10,42.5,15.0,moving,,1.0
702,bus,11,50.0,32.5,moving,,-1.0
702,bus,12,15.0,22.5,moving,,1.0
702,bus,13,42.5,60.0,moving,,-1.0
702,bus,14,22.5,15.0,moving,,1.0
702,bus,15,50.0,52.5,moving,,-1.0
702,bus,16,15.0,2.5,moving,,1.0
702,bus,17,62.5,60.0,moving,,-1.0
702,bus,18,2.5,15.0,moving,,1.0
702,bus,19,50.0,72.5,moving,,-1.0
702,bus,20,15.0,17.5,moving,,-1.0
702,bus,21,47.5,60.0,moving,,1.0
702,bus,22,17.5,15.0,moving,,-1.0
702,bus,23,50.0,57.5,moving,,1.0
703,drone,0,21.0,37.0,direct_transport_to_pickup,135.03100427422575,
703,drone,1,17.28210835114018,59.372505378539856,direct_transport_to_pickup,180.10666013499792,
703,bus,0,42.5,60.0,moving,,1.0
703,bus,1,15.0,22.5,moving,,-1.0
703,bus,2,50.0,52.5,moving,,1.0
703,bus,3,22.5,15.0,moving,,-1.0
703,bus,4,22.5,60.0,moving,,1.0
703,bus,5,15.0,42.5,moving,,-1.0
703,bus,6,50.0,32.5,moving,,1.0
703,bus,7,42.5,15.0,moving,,-1.0
703,bus,8,15.0,47.5,moving,,1.0
703,bus,9,17.5,60.0,moving,,-1.0
703,bus,10,47.5,15.0,moving,,1.0
703,bus,11,50.0,27.5,moving,,-1.0
703,bus,12,15.0,27.5,moving,,1.0
703,bus,13,37.5,60.0,moving,,-1.0
703,bus,14,27.5,15.0,moving,,1.0
703,bus,15,50.0,47.5,moving,,-1.0
703,bus,16,15.0,7.5,moving,,1.0
703,bus,17,57.5,60.0,moving,,-1.0
703,bus,18,7.5,15.0,moving,,1.0
703,bus,19,50.0,67.5,moving,,-1.0
703,bus,20,15.0,12.5,moving,,-1.0
703,bus,21,52.5,60.0,moving,,1.0
703,bus,22,12.5,15.0,moving,,-1.0
703,bus,23,50.0,62.5,moving,,1.0
704,drone,0,17.0,34.0,direct_transport_to_delivery,130.03100427422575,
704,drone,1,13.310319186254201,62.40975591639384,direct_transport_to_pickup,175.10666013499792,
704,bus,0,45.0,60.0,at_station,,1.0
704,bus,1,15.0,20.0,at_station,,-1.0
704,bus,2,50.0,55.0,at_station,,1.0
704,bus,3,20.0,15.0,at_station,,-1.0
704,bus,4,25.0,60.0,at_station,,1.0
704,bus,5,15.0,40.0,at_station,,-1.0
704,bus,6,50.0,35.0,at_station,,1.0
704,bus,7,40.0,15.0,at_station,,-1.0
704,bus,8,15.0,50.0,at_station,,1.0
704,bus,9,15.0,60.0,at_station,,-1.0
704,bus,10,50.0,15.0,at_station,,1.0
704,bus,11,50.0,25.0,at_station,,-1.0
704,bus,12,15.0,30.0,at_station,,1.0
704,bus,13,35.0,60.0,at_station,,-1.0
704,bus,14,30.0,15.0,at_station,,1.0
704,bus,15,50.0,45.0,at_station,,-1.0
704,bus,16,15.0,10.0,at_station,,1.0
704,bus,17,55.0,60.0,at_station,,-1.0
704,bus,18,10.0,15.0,at_station,,1.0
704,bus,19,50.0,65.0,at_station,,-1.0
704,bus,20,15.0,10.0,at_station,,-1.0
704,bus,21,55.0,60.0,at_station,,1.0
704,bus,22,10.0,15.0,at_station,,-1.0
704,bus,23,50.0,65.0,at_station,,1.0
705,drone,0,19.620487128321674,29.74170841647728,direct_transport_to_delivery,125.03100427422575,
705,drone,1,9.338530021368221,65.44700645424783,direct_transport_to_pickup,170.10666013499792,
705,bus,0,45.0,60.0,at_station,,1.0
705,bus,1,15.0,20.0,at_station,,-1.0
705,bus,2,50.0,55.0,at_station,,1.0
705,bus,3,20.0,15.0,at_station,,-1.0
705,bus,4,25.0,60.0,at_station,,1.0
705,bus,5,15.0,40.0,at_station,,-1.0
705,bus,6,50.0,35.0,at_station,,1.0
705,bus,7,40.0,15.0,at_station,,-1.0
705,bus,8,15.0,50.0,at_station,,1.0
705,bus,9,15.0,60.0,at_station,,-1.0
705,bus,10,50.0,15.0,at_station,,1.0
705,bus,11,50.0,25.0,at_station,,-1.0
705,bus,12,15.0,30.0,at_station,,1.0
705,bus,13,35.0,60.0,at_station,,-1.0
705,bus,14,30.0,15.0,at_station,,1.0
705,bus,15,50.0,45.0,at_station,,-1.0
705,bus,16,15.0,10.0,at_station,,1.0
705,bus,17,55.0,60.0,at_station,,-1.0
705,bus,18,10.0,15.0,at_station,,1.0
705,bus,19,50.0,65.0,at_station,,-1.0
705,bus,20,15.0,10.0,at_station,,-1.0
705,bus,21,55.0,60.0,at_station,,1.0
705,bus,22,10.0,15.0,at_station,,-1.0
705,bus,23,50.0,65.0,at_station,,1.0
706,drone,0,22.240974256643348,25.48341683295456,direct_transport_to_delivery,120.03100427422575,
706,drone,1,6.0,68.0,direct_transport_to_delivery,165.90385645789985,
706,bus,0,45.0,60.0,at_station,,1.0
706,bus,1,15.0,20.0,at_station,,-1.0
706,bus,2,50.0,55.0,at_station,,1.0
706,bus,3,20.0,15.0,at_station,,-1.0
706,bus,4,25.0,60.0,at_station,,1.0
706,bus,5,15.0,40.0,at_station,,-1.0
706,bus,6,50.0,35.0,at_station,,1.0
706,bus,7,40.0,15.0,at_station,,-1.0
706,bus,8,15.0,50.0,at_station,,1.0
706,bus,9,15.0,60.0,at_station,,-1.0
706,bus,10,50.0,15.0,at_station,,1.0
706,bus,11,50.0,25.0,at_station,,-1.0
706,bus,12,15.0,30.0,at_station,,1.0
706,bus,13,35.0,60.0,at_station,,-1.0
706,bus,14,30.0,15.0,at_station,,1.0
706,bus,15,50.0,45.0,at_station,,-1.0
706,bus,16,15.0,10.0,at_station,,1.0
706,bus,17,55.0,60.0,at_station,,-1.0
706,bus,18,10.0,15.0,at_station,,1.0
706,bus,19,50.0,65.0,at_station,,-1.0
706,bus,20,15.0,10.0,at_station,,-1.0
706,bus,21,55.0,60.0,at_station,,1.0
706,bus,22,10.0,15.0,at_station,,-1.0
706,bus,23,50.0,65.0,at_station,,1.0
707,drone,0,24.861461384965022,21.22512524943184,direct_transport_to_delivery,115.03100427422575,
707,drone,1,9.904344047215151,64.87652476222787,direct_transport_to_delivery,160.90385645789985,
707,bus,0,47.5,60.0,moving,,1.0
707,bus,1,15.0,17.5,moving,,-1.0
707,bus,2,50.0,57.5,moving,,1.0
707,bus,3,17.5,15.0,moving,,-1.0
707,bus,4,27.5,60.0,moving,,1.0
707,bus,5,15.0,37.5,moving,,-1.0
707,bus,6,50.0,37.5,moving,,1.0
707,bus,7,37.5,15.0,moving,,-1.0
707,bus,8,15.0,52.5,moving,,1.0
707,bus,9,15.0,57.5,moving,,-1.0
707,bus,10,50.0,17.5,moving,,1.0
707,bus,11,50.0,22.5,moving,,-1.0
707,bus,12,15.0,32.5,moving,,1.0
707,bus,13,32.5,60.0,moving,,-1.0
707,bus,14,32.5,15.0,moving,,1.0
707,bus,15,50.0,42.5,moving,,-1.0
707,bus,16,15.0,12.5,moving,,1.0
707,bus,17,52.5,60.0,moving,,-1.0
707,bus,18,12.5,15.0,moving,,1.0
707,bus,19,50.0,62.5,moving,,-1.0
707,bus,20,15.0,7.5,moving,,-1.0
707,bus,21,57.5,60.0,moving,,1.0
707,bus,22,7.5,15.0,moving,,-1.0
707,bus,23,50.0,67.5,moving,,1.0
708,drone,0,25.0,21.0,idle,114.766666751752,
708,drone,1,13.808688094430304,61.753049524455754,direct_transport_to_delivery,155.90385645789985,
708,bus,0,52.5,60.0,moving,,1.0
708,bus,1,15.0,12.5,moving,,-1.0
708,bus,2,50.0,62.5,moving,,1.0
708,bus,3,12.5,15.0,moving,,-1.0
708,bus,4,32.5,60.0,moving,,1.0
708,bus,5,15.0,32.5,moving,,-1.0
708,bus,6,50.0,42.5,moving,,1.0
708,bus,7,32.5,15.0,moving,,-1.0
708,bus,8,15.0,57.5,moving,,1.0
708,bus,9,15.0,52.5,moving,,-1.0
708,bus,10,50.0,22.5,moving,,1.0
708,bus,11,50.0,17.5,moving,,-1.0
708,bus,12,15.0,37.5,moving,,1.0
708,bus,13,27.5,60.0,moving,,-1.0
708,bus,14,37.5,15.0,moving,,1.0
708,bus,15,50.0,37.5,moving,,-1.0
708,bus,16,15.0,17.5,moving,,1.0
708,bus,17,47.5,60.0,moving,,-1.0
708,bus,18,17.5,15.0,moving,,1.0
708,bus,19,50.0,57.5,moving,,-1.0
708,bus,20,15.0,2.5,moving,,-1.0
708,bus,21,62.5,60.0,moving,,1.0
708,bus,22,2.5,15.0,moving,,-1.0
708,bus,23,50.0,72.5,moving,,1.0
709,drone,0,23.72753350360178,25.83537268631323,to_charging_station,109.766666751752,
709,drone,1,17.713032141645456,58.629574286683635,direct_transport_to_delivery,150.90385645789985,
709,bus,0,55.0,60.0,at_station,,1.0
709,bus,1,15.0,10.0,at_station,,-1.0
709,bus,2,50.0,65.0,at_station,,1.0
709,bus,3,10.0,15.0,at_station,,-1.0
709,bus,4,35.0,60.0,at_station,,1.0
709,bus,5,15.0,30.0,at_station,,-1.0
709,bus,6,50.0,45.0,at_station,,1.0
709,bus,7,30.0,15.0,at_station,,-1.0
709,bus,8,15.0,60.0,at_station,,1.0
709,bus,9,15.0,50.0,at_station,,-1.0
709,bus,10,50.0,25.0,at_station,,1.0
709,bus,11,50.0,15.0,at_station,,-1.0
709,bus,12,15.0,40.0,at_station,,1.0
709,bus,13,25.0,60.0,at_station,,-1.0
709,bus,14,40.0,15.0,at_station,,1.0
709,bus,15,50.0,35.0,at_station,,-1.0
709,bus,16,15.0,20.0,at_station,,1.0
709,bus,17,45.0,60.0,at_station,,-1.0
709,bus,18,20.0,15.0,at_station,,1.0
709,bus,19,50.0,55.0,at_station,,-1.0
709,bus,20,15.0,0.0,at_station,,-1.0
709,bus,21,65.0,60.0,at_station,,1.0
709,bus,22,0.0,15.0,at_station,,-1.0
709,bus,23,50.0,75.0,at_station,,1.0
710,drone,0,22.45506700720356,30.670745372626463,to_charging_station,104.766666751752,
710,drone,1,21.617376188860607,55.506099048911516,direct_transport_to_delivery,145.90385645789985,
710,bus,0,55.0,60.0,at_station,,1.0
710,bus,1,15.0,10.0,at_station,,-1.0
710,bus,2,50.0,65.0,at_station,,1.0
710,bus,3,10.0,15.0,at_station,,-1.0
710,bus,4,35.0,60.0,at_station,,1.0
710,bus,5,15.0,30.0,at_station,,-1.0
710,bus,6,50.0,45.0,at_station,,1.0
710,bus,7,30.0,15.0,at_station,,-1.0
710,bus,8,15.0,60.0,at_station,,1.0
710,bus,9,15.0,50.0,at_station,,-1.0
710,bus,10,50.0,25.0,at_station,,1.0
710,bus,11,50.0,15.0,at_station,,-1.0
710,bus,12,15.0,40.0,at_station,,1.0
710,bus,13,25.0,60.0,at_station,,-1.0
710,bus,14,40.0,15.0,at_station,,1.0
710,bus,15,50.0,35.0,at_station,,-1.0
710,bus,16,15.0,20.0,at_station,,1.0
710,bus,17,45.0,60.0,at_station,,-1.0
710,bus,18,20.0,15.0,at_station,,1.0
710,bus,19,50.0,55.0,at_station,,-1.0
710,bus,20,15.0,0.0,at_station,,-1.0
710,bus,21,65.0,60.0,at_station,,1.0
710,bus,22,0.0,15.0,at_station,,-1.0
710,bus,23,50.0,75.0,at_station,,1.0
711,drone,0,21.182600510805344,35.5061180589397,to_charging_station,99.766666751752,
711,drone,1,25.52172023607576,52.382623811139396,direct_transport_to_delivery,140.90385645789985,
711,bus,0,55.0,60.0,at_station,,1.0
711,bus,1,15.0,10.0,at_station,,-1.0
711,bus,2,50.0,65.0,at_station,,1.0
711,bus,3,10.0,15.0,at_station,,-1.0
711,bus,4,35.0,60.0,at_station,,1.0
711,bus,5,15.0,30.0,at_station,,-1.0
711,bus,6,50.0,45.0,at_station,,1.0
711,bus,7,30.0,15.0,at_station,,-1.0
711,bus,8,15.0,60.0,at_station,,1.0
711,bus,9,15.0,50.0,at_station,,-1.0
711,bus,10,50.0,25.0,at_station,,1.0
711,bus,11,50.0,15.0,at_station,,-1.0
711,bus,12,15.0,40.0,at_station,,1.0
711,bus,13,25.0,60.0,at_station,,-1.0
711,bus,14,40.0,15.0,at_station,,1.0
711,bus,15,50.0,35.0,at_station,,-1.0
711,bus,16,15.0,20.0,at_station,,1.0
711,bus,17,45.0,60.0,at_station,,-1.0
711,bus,18,20.0,15.0,at_station,,1.0
711,bus,19,50.0,55.0,at_station,,-1.0
711,bus,20,15.0,0.0,at_station,,-1.0
711,bus,21,65.0,60.0,at_station,,1.0
711,bus,22,0.0,15.0,at_station,,-1.0
711,bus,23,50.0,75.0,at_station,,1.0
712,drone,0,20.0,40.0,idle,300.0,
712,drone,1,26.0,52.0,idle,140.29135950816845,
712,bus,0,57.5,60.0,moving,,1.0
712,bus,1,15.0,7.5,moving,,-1.0
712,bus,2,50.0,67.5,moving,,1.0
712,bus,3,7.5,15.0,moving,,-1.0
712,bus,4,37.5,60.0,moving,,1.0
712,bus,5,15.0,27.5,moving,,-1.0
712,bus,6,50.0,47.5,moving,,1.0
712,bus,7,27.5,15.0,moving,,-1.0
712,bus,8,17.5,60.0,moving,,1.0
712,bus,9,15.0,47.5,moving,,-1.0
712,bus,10,50.0,27.5,moving,,1.0
712,bus,11,47.5,15.0,moving,,-1.0
712,bus,12,15.0,42.5,moving,,1.0
712,bus,13,22.5,60.0,moving,,-1.0
712,bus,14,42.5,15.0,moving,,1.0
712,bus,15,50.0,32.5,moving,,-1.0
712,bus,16,15.0,22.5,moving,,1.0
712,bus,17,42.5,60.0,moving,,-1.0
712,bus,18,22.5,15.0,moving,,1.0
712,bus,19,50.0,52.5,moving,,-1.0
712,bus,20,15.0,2.5,moving,,1.0
712,bus,21,62.5,60.0,moving,,-1.0
712,bus,22,2.5,15.0,moving,,1.0
712,bus,23,50.0,72.5,moving,,-1.0
713,drone,0,24.649803600869657,38.16170555314456,direct_transport_to_pickup,295.0,
713,drone,1,30.587778126549622,50.0119628118285,direct_transport_to_pickup,135.29135950816845,
713,bus,0,62.5,60.0,moving,,1.0
713,bus,1,15.0,2.5,moving,,-1.0
713,bus,2,50.0,72.5,moving,,1.0
713,bus,3,2.5,15.0,moving,,-1.0
713,bus,4,42.5,60.0,moving,,1.0
713,bus,5,15.0,22.5,moving,,-1.0
713,bus,6,50.0,52.5,moving,,1.0
713,bus,7,22.5,15.0,moving,,-1.0
713,bus,8,22.5,60.0,moving,,1.0
713,bus,9,15.0,42.5,moving,,-1.0
713,bus,10,50.0,32.5,moving,,1.0
713,bus,11,42.5,15.0,moving,,-1.0
713,bus,12,15.0,47.5,moving,,1.0
713,bus,13,17.5,60.0,moving,,-1.0
713,bus,14,47.5,15.0,moving,,1.0
713,bus,15,50.0,27.5,moving,,-1.0
713,bus,16,15.0,27.5,moving,,1.0
713,bus,17,37.5,60.0,moving,,-1.0
713,bus,18,27.5,15.0,moving,,1.0
713,bus,19,50.0,47.5,moving,,-1.0
713,bus,20,15.0,7.5,moving,,1.0
713,bus,21,57.5,60.0,moving,,-1.0
713,bus,22,7.5,15.0,moving,,1.0
713,bus,23,50.0,67.5,moving,,-1.0
714,drone,0,29.299607201739313,36.32341110628911,direct_transport_to_pickup,290.0,
714,drone,1,35.175556253099245,48.02392562365699,direct_transport_to_pickup,130.29135950816845,
714,bus,0,65.0,60.0,at_station,,1.0
714,bus,1,15.0,0.0,at_station,,-1.0
714,bus,2,50.0,75.0,at_station,,1.0
714,bus,3,0.0,15.0,at_station,,-1.0
714,bus,4,45.0,60.0,at_station,,1.0
714,bus,5,15.0,20.0,at_station,,-1.0
714,bus,6,50.0,55.0,at_station,,1.0
714,bus,7,20.0,15.0,at_station,,-1.0
714,bus,8,25.0,60.0,at_station,,1.0
714,bus,9,15.0,40.0,at_station,,-1.0
714,bus,10,50.0,35.0,at_station,,1.0
714,bus,11,40.0,15.0,at_station,,-1.0
714,bus,12,15.0,50.0,at_station,,1.0
714,bus,13,15.0,60.0,at_station,,-1.0
714,bus,14,50.0,15.0,at_station,,1.0
714,bus,15,50.0,25.0,at_station,,-1.0
714,bus,16,15.0,30.0,at_station,,1.0
714,bus,17,35.0,60.0,at_station,,-1.0
714,bus,18,30.0,15.0,at_station,,1.0
714,bus,19,50.0,45.0,at_station,,-1.0
714,bus,20,15.0,10.0,at_station,,1.0
714,bus,21,55.0,60.0,at_station,,-1.0
714,bus,22,10.0,15.0,at_station,,1.0
714,bus,23,50.0,65.0,at_station,,-1.0
715,drone,0,33.94941080260897,34.485116659433665,direct_transport_to_pickup,285.0,
715,drone,1,39.76333437964887,46.03588843548549,direct_transport_to_pickup,125.29135950816845,
715,bus,0,65.0,60.0,at_station,,1.0
715,bus,1,15.0,0.0,at_station,,-1.0
715,bus,2,50.0,75.0,at_station,,1.0
715,bus,3,0.0,15.0,at_station,,-1.0
715,bus,4,45.0,60.0,at_station,,1.0
715,bus,5,15.0,20.0,at_station,,-1.0
715,bus,6,50.0,55.0,at_station,,1.0
715,bus,7,20.0,15.0,at_station,,-1.0
715,bus,8,25.0,60.0,at_station,,1.0
715,bus,9,15.0,40.0,at_station,,-1.0
715,bus,10,50.0,35.0,at_station,,1.0
715,bus,11,40.0,15.0,at_station,,-1.0
715,bus,12,15.0,50.0,at_station,,1.0
715,bus,13,15.0,60.0,at_station,,-1.0
715,bus,14,50.0,15.0,at_station,,1.0
715,bus,15,50.0,25.0,at_station,,-1.0
715,bus,16,15.0,30.0,at_station,,1.0
715,bus,17,35.0,60.0,at_station,,-1.0
715,bus,18,30.0,15.0,at_station,,1.0
715,bus,19,50.0,45.0,at_station,,-1.0
715,bus,20,15.0,10.0,at_station,,1.0
715,bus,21,55.0,60.0,at_station,,-1.0
715,bus,22,10.0,15.0,at_station,,1.0
715,bus,23,50.0,65.0,at_station,,-1.0
716,drone,0,38.599214403478626,32.646822212578215,direct_transport_to_pickup,280.0,
716,drone,1,44.35111250619849,44.047851247313986,direct_transport_to_pickup,120.29135950816845,
716,bus,0,65.0,60.0,at_station,,1.0
716,bus,1,15.0,0.0,at_station,,-1.0
716,bus,2,50.0,75.0,at_station,,1.0
716,bus,3,0.0,15.0,at_station,,-1.0
716,bus,4,45.0,60.0,at_station,,1.0
716,bus,5,15.0,20.0,at_station,,-1.0
716,bus,6,50.0,55.0,at_station,,1.0
716,bus,7,20.0,15.0,at_station,,-1.0
716,bus,8,25.0,60.0,at_station,,1.0
716,bus,9,15.0,40.0,at_station,,-1.0
716,bus,10,50.0,35.0,at_station,,1.0
716,bus,11,40.0,15.0,at_station,,-1.0
716,bus,12,15.0,50.0,at_station,,1.0
716,bus,13,15.0,60.0,at_station,,-1.0
716,bus,14,50.0,15.0,at_station,,1.0
716,bus,15,50.0,25.0,at_station,,-1.0
716,bus,16,15.0,30.0,at_station,,1.0
716,bus,17,35.0,60.0,at_station,,-1.0
716,bus,18,30.0,15.0,at_station,,1.0
716,bus,19,50.0,45.0,at_station,,-1.0
716,bus,20,15.0,10.0,at_station,,1.0
716,bus,21,55.0,60.0,at_station,,-1.0
716,bus,22,10.0,15.0,at_station,,1.0
716,bus,23,50.0,65.0,at_station,,-1.0
717,drone,0,43.24901800434829,30.80852776572277,direct_transport_to_pickup,275.0,
717,drone,1,48.93889063274811,42.05981405914248,direct_transport_to_pickup,115.29135950816845,
717,bus,0,62.5,60.0,moving,,-1.0
717,bus,1,15.0,2.5,moving,,1.0
717,bus,2,50.0,72.5,moving,,-1.0
717,bus,3,2.5,15.0,moving,,1.0
717,bus,4,47.5,60.0,moving,,1.0
717,bus,5,15.0,17.5,moving,,-1.0
717,bus,6,50.0,57.5,moving,,1.0
717,bus,7,17.5,15.0,moving,,-1.0
717,bus,8,27.5,60.0,moving,,1.0
717,bus,9,15.0,37.5,moving,,-1.0
717,bus,10,50.0,37.5,moving,,1.0
717,bus,11,37.5,15.0,moving,,-1.0
717,bus,12,15.0,52.5,moving,,1.0
717,bus,13,15.0,57.5,moving,,-1.0
717,bus,14,50.0,17.5,moving,,1.0
717,bus,15,50.0,22.5,moving,,-1.0
717,bus,16,15.0,32.5,moving,,1.0
717,bus,17,32.5,60.0,moving,,-1.0
717,bus,18,32.5,15.0,moving,,1.0
717,bus,19,50.0,42.5,moving,,-1.0
717,bus,20,15.0,12.5,moving,,1.0
717,bus,21,52.5,60.0,moving,,-1.0
717,bus,22,12.5,15.0,moving,,1.0
717,bus,23,50.0,62.5,moving,,-1.0
718,drone,0,47.89882160521795,28.970233318867322,direct_transport_to_pickup,270.0,
718,drone,1,53.526668759297735,40.07177687097098,direct_transport_to_pickup,110.29135950816845,
718,bus,0,57.5,60.0,moving,,-1.0
718,bus,1,15.0,7.5,moving,,1.0
718,bus,2,50.0,67.5,moving,,-1.0
718,bus,3,7.5,15.0,moving,,1.0
718,bus,4,52.5,60.0,moving,,1.0
718,bus,5,15.0,12.5,moving,,-1.0
718,bus,6,50.0,62.5,moving,,1.0
718,bus,7,12.5,15.0,moving,,-1.0
718,bus,8,32.5,60.0,moving,,1.0
718,bus,9,15.0,32.5,moving,,-1.0
718,bus,10,50.0,42.5,moving,,1.0
718,bus,11,32.5,15.0,moving,,-1.0
718,bus,12,15.0,57.5,moving,,1.0
718,bus,13,15.0,52.5,moving,,-1.0
718,bus,14,50.0,22.5,moving,,1.0
718,bus,15,50.0,17.5,moving,,-1.0
718,bus,16,15.0,37.5,moving,,1.0
718,bus,17,27.5,60.0,moving,,-1.0
718,bus,18,37.5,15.0,moving,,1.0
718,bus,19,50.0,37.5,moving,,-1.0
718,bus,20,15.0,17.5,moving,,1.0
718,bus,21,47.5,60.0,moving,,-1.0
718,bus,22,17.5,15.0,moving,,1.0
718,bus,23,50.0,57.5,moving,,-1.0
719,drone,0,52.54862520608761,27.131938872011876,direct_transport_to_pickup,265.0,
719,drone,1,56.0,39.0,direct_transport_to_delivery,107.59579405962484,
719,bus,0,55.0,60.0,at_station,,-1.0
719,bus,1,15.0,10.0,at_station,,1.0
719,bus,2,50.0,65.0,at_station,,-1.0
719,bus,3,10.0,15.0,at_station,,1.0
719,bus,4,55.0,60.0,at_station,,1.0
719,bus,5,15.0,10.0,at_station,,-1.0
719,bus,6,50.0,65.0,at_station,,1.0
719,bus,7,10.0,15.0,at_station,,-1.0
719,bus,8,35.0,60.0,at_station,,1.0
719,bus,9,15.0,30.0,at_station,,-1.0
719,bus,10,50.0,45.0,at_station,,1.0
719,bus,11,30.0,15.0,at_station,,-1.0
719,bus,12,15.0,60.0,at_station,,1.0
719,bus,13,15.0,50.0,at_station,,-1.0
719,bus,14,50.0,25.0,at_station,,1.0
719,bus,15,50.0,15.0,at_station,,-1.0
719,bus,16,15.0,40.0,at_station,,1.0
719,bus,17,25.0,60.0,at_station,,-1.0
719,bus,18,40.0,15.0,at_station,,1.0
719,bus,19,50.0,35.0,at_station,,-1.0
719,bus,20,15.0,20.0,at_station,,1.0
719,bus,21,45.0,60.0,at_station,,-1.0
719,bus,22,20.0,15.0,at_station,,1.0
719,bus,23,50.0,55.0,at_station,,-1.0
720,drone,0,57.19842880695727,25.29364442515643,direct_transport_to_pickup,260.0,
720,drone,1,51.40427484990971,40.96959649289584,direct_transport_to_delivery,102.59579405962484,
720,bus,0,55.0,60.0,at_station,,-1.0
720,bus,1,15.0,10.0,at_station,,1.0
720,bus,2,50.0,65.0,at_station,,-1.0
720,bus,3,10.0,15.0,at_station,,1.0
720,bus,4,55.0,60.0,at_station,,1.0
720,bus,5,15.0,10.0,at_station,,-1.0
720,bus,6,50.0,65.0,at_station,,1.0
720,bus,7,10.0,15.0,at_station,,-1.0
720,bus,8,35.0,60.0,at_station,,1.0
720,bus,9,15.0,30.0,at_station,,-1.0
720,bus,10,50.0,45.0,at_station,,1.0
720,bus,11,30.0,15.0,at_station,,-1.0
720,bus,12,15.0,60.0,at_station,,1.0
720,bus,13,15.0,50.0,at_station,,-1.0
720,bus,14,50.0,25.0,at_station,,1.0
720,bus,15,50.0,15.0,at_station,,-1.0
720,bus,16,15.0,40.0,at_station,,1.0
720,bus,17,25.0,60.0,at_station,,-1.0
720,bus,18,40.0,15.0,at_station,,1.0
720,bus,19,50.0,35.0,at_station,,-1.0
720,bus,20,15.0,20.0,at_station,,1.0
720,bus,21,45.0,60.0,at_station,,-1.0
720,bus,22,20.0,15.0,at_station,,1.0
720,bus,23,50.0,55.0,at_station,,-1.0
721,drone,0,61.84823240782693,23.455349978300983,direct_transport_to_pickup,255.0,
721,drone,1,49.0,42.0,idle,99.98002095376093,
721,bus,0,55.0,60.0,at_station,,-1.0
721,bus,1,15.0,10.0,at_station,,1.0
721,bus,2,50.0,65.0,at_station,,-1.0
721,bus,3,10.0,15.0,at_station,,1.0
721,bus,4,55.0,60.0,at_station,,1.0
721,bus,5,15.0,10.0,at_station,,-1.0
721,bus,6,50.0,65.0,at_station,,1.0
721,bus,7,10.0,15.0,at_station,,-1.0
721,bus,8,35.0,60.0,at_station,,1.0
721,bus,9,15.0,30.0,at_station,,-1.0
721,bus,10,50.0,45.0,at_station,,1.0
721,bus,11,30.0,15.0,at_station,,-1.0
721,bus,12,15.0,60.0,at_station,,1.0
721,bus,13,15.0,50.0,at_station,,-1.0
721,bus,14,50.0,25.0,at_station,,1.0
721,bus,15,50.0,15.0,at_station,,-1.0
721,bus,16,15.0,40.0,at_station,,1.0
721,bus,17,25.0,60.0,at_station,,-1.0
721,bus,18,40.0,15.0,at_station,,1.0
721,bus,19,50.0,35.0,at_station,,-1.0
721,bus,20,15.0,20.0,at_station,,1.0
721,bus,21,45.0,60.0,at_station,,-1.0
721,bus,22,20.0,15.0,at_station,,1.0
721,bus,23,50.0,55.0,at_station,,-1.0
722,drone,0,63.0,23.0,direct_transport_to_delivery,253.76148791321245,
722,drone,1,53.91934955049954,41.10557280900009,to_charging_station,94.98002095376093,
722,bus,0,52.5,60.0,moving,,-1.0
722,bus,1,15.0,12.5,moving,,1.0
722,bus,2,50.0,62.5,moving,,-1.0
722,bus,3,12.5,15.0,moving,,1.0
722,bus,4,57.5,60.0,moving,,1.0
722,bus,5,15.0,7.5,moving,,-1.0
722,bus,6,50.0,67.5,moving,,1.0
722,bus,7,7.5,15.0,moving,,-1.0
722,bus,8,37.5,60.0,moving,,1.0
722,bus,9,15.0,27.5,moving,,-1.0
722,bus,10,50.0,47.5,moving,,1.0
722,bus,11,27.5,15.0,moving,,-1.0
722,bus,12,17.5,60.0,moving,,1.0
722,bus,13,15.0,47.5,moving,,-1.0
722,bus,14,50.0,27.5,moving,,1.0
722,bus,15,47.5,15.0,moving,,-1.0
722,bus,16,15.0,42.5,moving,,1.0
722,bus,17,22.5,60.0,moving,,-1.0
722,bus,18,42.5,15.0,moving,,1.0
722,bus,19,50.0,32.5,moving,,-1.0
722,bus,20,15.0,22.5,moving,,1.0
722,bus,21,42.5,60.0,moving,,-1.0
722,bus,22,22.5,15.0,moving,,1.0
722,bus,23,50.0,52.5,moving,,-1.0
723,drone,0,58.31835411215478,21.24438279205804,direct_transport_to_delivery,248.76148791321245,
723,drone,1,58.83869910099908,40.21114561800017,to_charging_station,89.98002095376093,
723,bus,0,47.5,60.0,moving,,-1.0
723,bus,1,15.0,17.5,moving,,1.0
723,bus,2,50.0,57.5,moving,,-1.0
723,bus,3,17.5,15.0,moving,,1.0
723,bus,4,62.5,60.0,moving,,1.0
723,bus,5,15.0,2.5,moving,,-1.0
723,bus,6,50.0,72.5,moving,,1.0
723,bus,7,2.5,15.0,moving,,-1.0
723,bus,8,42.5,60.0,moving,,1.0
723,bus,9,15.0,22.5,moving,,-1.0
723,bus,10,50.0,52.5,moving,,1.0
723,bus,11,22.5,15.0,moving,,-1.0
723,bus,12,22.5,60.0,moving,,1.0
723,bus,13,15.0,42.5,moving,,-1.0
723,bus,14,50.0,32.5,moving,,1.0
723,bus,15,42.5,15.0,moving,,-1.0
723,bus,16,15.0,47.5,moving,,1.0
723,bus,17,17.5,60.0,moving,,-1.0
723,bus,18,47.5,15.0,moving,,1.0
723,bus,19,50.0,27.5,moving,,-1.0
723,bus,20,15.0,27.5,moving,,1.0
723,bus,21,37.5,60.0,moving,,-1.0
723,bus,22,27.5,15.0,moving,,1.0
723,bus,23,50.0,47.5,moving,,-1.0
724,drone,0,55.0,20.0,idle,245.21748416789492,
724,drone,1,60.0,40.0,idle,300.0,
724,bus,0,45.0,60.0,at_station,,-1.0
724,bus,1,15.0,20.0,at_station,,1.0
724,bus,2,50.0,55.0,at_station,,-1.0
724,bus,3,20.0,15.0,at_station,,1.0
724,bus,4,65.0,60.0,at_station,,1.0
724,bus,5,15.0,0.0,at_station,,-1.0
724,bus,6,50.0,75.0,at_station,,1.0
724,bus,7,0.0,15.0,at_station,,-1.0
724,bus,8,45.0,60.0,at_station,,1.0
724,bus,9,15.0,20.0,at_station,,-1.0
724,bus,10,50.0,55.0,at_station,,1.0
724,bus,11,20.0,15.0,at_station,,-1.0
724,bus,12,25.0,60.0,at_station,,1.0
724,bus,13,15.0,40.0,at_station,,-1.0
724,bus,14,50.0,35.0,at_station,,1.0
724,bus,15,40.0,15.0,at_station,,-1.0
724,bus,16,15.0,50.0,at_station,,1.0
724,bus,17,15.0,60.0,at_station,,-1.0
724,bus,18,50.0,15.0,at_station,,1.0
724,bus,19,50.0,25.0,at_station,,-1.0
724,bus,20,15.0,30.0,at_station,,1.0
724,bus,21,35.0,60.0,at_station,,-1.0
724,bus,22,30.0,15.0,at_station,,1.0
724,bus,23,50.0,45.0,at_station,,-1.0
725,drone,0,52.763932022500214,24.47213595499958,direct_transport_to_pickup,240.21748416789492,
725,drone,1,55.52786404500042,37.763932022500214,direct_transport_to_pickup,295.0,
725,bus,0,45.0,60.0,at_station,,-1.0
725,bus,1,15.0,20.0,at_station,,1.0
725,bus,2,50.0,55.0,at_station,,-1.0
725,bus,3,20.0,15.0,at_station,,1.0
725,bus,4,65.0,60.0,at_station,,1.0
725,bus,5,15.0,0.0,at_station,,-1.0
725,bus,6,50.0,75.0,at_station,,1.0
725,bus,7,0.0,15.0,at_station,,-1.0
725,bus,8,45.0,60.0,at_station,,1.0
725,bus,9,15.0,20.0,at_station,,-1.0
725,bus,10,50.0,55.0,at_station,,1.0
725,bus,11,20.0,15.0,at_station,,-1.0
725,bus,12,25.0,60.0,at_station,,1.0
725,bus,13,15.0,40.0,at_station,,-1.0
725,bus,14,50.0,35.0,at_station,,1.0
725,bus,15,40.0,15.0,at_station,,-1.0
725,bus,16,15.0,50.0,at_station,,1.0
725,bus,17,15.0,60.0,at_station,,-1.0
725,bus,18,50.0,15.0,at_station,,1.0
725,bus,19,50.0,25.0,at_station,,-1.0
725,bus,20,15.0,30.0,at_station,,1.0
725,bus,21,35.0,60.0,at_station,,-1.0
725,bus,22,30.0,15.0,at_station,,1.0
725,bus,23,50.0,45.0,at_station,,-1.0
726,drone,0,50.52786404500042,28.94427190999916,direct_transport_to_pickup,235.21748416789492,
726,drone,1,51.05572809000084,35.52786404500043,direct_transport_to_pickup,290.0,
726,bus,0,45.0,60.0,at_station,,-1.0
726,bus,1,15.0,20.0,at_station,,1.0
726,bus,2,50.0,55.0,at_station,,-1.0
726,bus,3,20.0,15.0,at_station,,1.0
726,bus,4,65.0,60.0,at_station,,1.0
726,bus,5,15.0,0.0,at_station,,-1.0
726,bus,6,50.0,75.0,at_station,,1.0
726,bus,7,0.0,15.0,at_station,,-1.0
726,bus,8,45.0,60.0,at_station,,1.0
726,bus,9,15.0,20.0,at_station,,-1.0
726,bus,10,50.0,55.0,at_station,,1.0
726,bus,11,20.0,15.0,at_station,,-1.0
726,bus,12,25.0,60.0,at_station,,1.0
726,bus,13,15.0,40.0,at_station,,-1.0
726,bus,14,50.0,35.0,at_station,,1.0
726,bus,15,40.0,15.0,at_station,,-1.0
726,bus,16,15.0,50.0,at_station,,1.0
726,bus,17,15.0,60.0,at_station,,-1.0
726,bus,18,50.0,15.0,at_station,,1.0
726,bus,19,50.0,25.0,at_station,,-1.0
726,bus,20,15.0,30.0,at_station,,1.0
726,bus,21,35.0,60.0,at_station,,-1.0
726,bus,22,30.0,15.0,at_station,,1.0
726,bus,23,50.0,45.0,at_station,,-1.0
727,drone,0,48.29179606750063,33.41640786499874,direct_transport_to_pickup,230.21748416789492,
727,drone,1,46.58359213500126,33.291796067500634,direct_transport_to_pickup,285.0,
727,bus,0,42.5,60.0,moving,,-1.0
727,bus,1,15.0,22.5,moving,,1.0
727,bus,2,50.0,52.5,moving,,-1.0
727,bus,3,22.5,15.0,moving,,1.0
727,bus,4,62.5,60.0,moving,,-1.0
727,bus,5,15.0,2.5,moving,,1.0
727,bus,6,50.0,72.5,moving,,-1.0
727,bus,7,2.5,15.0,moving,,1.0
727,bus,8,47.5,60.0,moving,,1.0
727,bus,9,15.0,17.5,moving,,-1.0
727,bus,10,50.0,57.5,moving,,1.0
727,bus,11,17.5,15.0,moving,,-1.0
727,bus,12,27.5,60.0,moving,,1.0
727,bus,13,15.0,37.5,moving,,-1.0
727,bus,14,50.0,37.5,moving,,1.0
727,bus,15,37.5,15.0,moving,,-1.0
727,bus,16,15.0,52.5,moving,,1.0
727,bus,17,15.0,57.5,moving,,-1.0
727,bus,18,50.0,17.5,moving,,1.0
727,bus,19,50.0,22.5,moving,,-1.0
727,bus,20,15.0,32.5,moving,,1.0
727,bus,21,32.5,60.0,moving,,-1.0
727,bus,22,32.5,15.0,moving,,1.0
727,bus,23,50.0,42.5,moving,,-1.0
728,drone,0,46.05572809000084,37.88854381999832,direct_transport_to_pickup,225.21748416789492,
728,drone,1,42.11145618000168,31.055728090000844,direct_transport_to_pickup,280.0,
728,bus,0,37.5,60.0,moving,,-1.0
728,bus,1,15.0,27.5,moving,,1.0
728,bus,2,50.0,47.5,moving,,-1.0
728,bus,3,27.5,15.0,moving,,1.0
728,bus,4,57.5,60.0,moving,,-1.0
728,bus,5,15.0,7.5,moving,,1.0
728,bus,6,50.0,67.5,moving,,-1.0
728,bus,7,7.5,15.0,moving,,1.0
728,bus,8,52.5,60.0,moving,,1.0
728,bus,9,15.0,12.5,moving,,-1.0
728,bus,10,50.0,62.5,moving,,1.0
728,bus,11,12.5,15.0,moving,,-1.0
728,bus,12,32.5,60.0,moving,,1.0
728,bus,13,15.0,32.5,moving,,-1.0
728,bus,14,50.0,42.5,moving,,1.0
728,bus,15,32.5,15.0,moving,,-1.0
728,bus,16,15.0,57.5,moving,,1.0
728,bus,17,15.0,52.5,moving,,-1.0
728,bus,18,50.0,22.5,moving,,1.0
728,bus,19,50.0,17.5,moving,,-1.0
728,bus,20,15.0,37.5,moving,,1.0
728,bus,21,27.5,60.0,moving,,-1.0
728,bus,22,37.5,15.0,moving,,1.0
728,bus,23,50.0,37.5,moving,,-1.0
729,drone,0,43.819660112501055,42.3606797749979,direct_transport_to_pickup,220.21748416789492,
729,drone,1,37.6393202250021,28.819660112501055,direct_transport_to_pickup,275.0,
729,bus,0,35.0,60.0,at_station,,-1.0
729,bus,1,15.0,30.0,at_station,,1.0
729,bus,2,50.0,45.0,at_station,,-1.0
729,bus,3,30.0,15.0,at_station,,1.0
729,bus,4,55.0,60.0,at_station,,-1.0
729,bus,5,15.0,10.0,at_station,,1.0
729,bus,6,50.0,65.0,at_station,,-1.0
729,bus,7,10.0,15.0,at_station,,1.0
729,bus,8,55.0,60.0,at_station,,1.0
729,bus,9,15.0,10.0,at_station,,-1.0
729,bus,10,50.0,65.0,at_station,,1.0
729,bus,11,10.0,15.0,at_station,,-1.0
729,bus,12,35.0,60.0,at_station,,1.0
729,bus,13,15.0,30.0,at_station,,-1.0
729,bus,14,50.0,45.0,at_station,,1.0
729,bus,15,30.0,15.0,at_station,,-1.0
729,bus,16,15.0,60.0,at_station,,1.0
729,bus,17,15.0,50.0,at_station,,-1.0
729,bus,18,50.0,25.0,at_station,,1.0
729,bus,19,50.0,15.0,at_station,,-1.0
729,bus,20,15.0,40.0,at_station,,1.0
729,bus,21,25.0,60.0,at_station,,-1.0
729,bus,22,40.0,15.0,at_station,,1.0
729,bus,23,50.0,35.0,at_station,,-1.0
730,drone,0,41.58359213500126,46.83281572999748,direct_transport_to_pickup,215.21748416789492,
730,drone,1,33.16718427000252,26.58359213500126,direct_transport_to_pickup,270.0,
730,bus,0,35.0,60.0,at_station,,-1.0
730,bus,1,15.0,30.0,at_station,,1.0
730,bus,2,50.0,45.0,at_station,,-1.0
730,bus,3,30.0,15.0,at_station,,1.0
730,bus,4,55.0,60.0,at_station,,-1.0
730,bus,5,15.0,10.0,at_station,,1.0
730,bus,6,50.0,65.0,at_station,,-1.0
730,bus,7,10.0,15.0,at_station,,1.0
730,bus,8,55.0,60.0,at_station,,1.0
730,bus,9,15.0,10.0,at_station,,-1.0
730,bus,10,50.0,65.0,at_station,,1.0
730,bus,11,10.0,15.0,at_station,,-1.0
730,bus,12,35.0,60.0,at_station,,1.0
730,bus,13,15.0,30.0,at_station,,-1.0
730,bus,14,50.0,45.0,at_station,,1.0
730,bus,15,30.0,15.0,at_station,,-1.0
730,bus,16,15.0,60.0,at_station,,1.0
730,bus,17,15.0,50.0,at_station,,-1.0
730,bus,18,50.0,25.0,at_station,,1.0
730,bus,19,50.0,15.0,at_station,,-1.0
730,bus,20,15.0,40.0,at_station,,1.0
730,bus,21,25.0,60.0,at_station,,-1.0
730,bus,22,40.0,15.0,at_station,,1.0
730,bus,23,50.0,35.0,at_station,,-1.0
731,drone,0,39.34752415750147,51.30495168499706,direct_transport_to_pickup,210.21748416789492,
731,drone,1,30.0,25.0,direct_transport_to_delivery,266.45898033750314,
731,bus,0,35.0,60.0,at_station,,-1.0
731,bus,1,15.0,30.0,at_station,,1.0
731,bus,2,50.0,45.0,at_station,,-1.0
731,bus,3,30.0,15.0,at_station,,1.0
731,bus,4,55.0,60.0,at_station,,-1.0
731,bus,5,15.0,10.0,at_station,,1.0
731,bus,6,50.0,65.0,at_station,,-1.0
731,bus,7,10.0,15.0,at_station,,1.0
731,bus,8,55.0,60.0,at_station,,1.0
731,bus,9,15.0,10.0,at_station,,-1.0
731,bus,10,50.0,65.0,at_station,,1.0
731,bus,11,10.0,15.0,at_station,,-1.0
731,bus,12,35.0,60.0,at_station,,1.0
731,bus,13,15.0,30.0,at_station,,-1.0
731,bus,14,50.0,45.0,at_station,,1.0
731,bus,15,30.0,15.0,at_station,,-1.0
731,bus,16,15.0,60.0,at_station,,1.0
731,bus,17,15.0,50.0,at_station,,-1.0
731,bus,18,50.0,25.0,at_station,,1.0
731,bus,19,50.0,15.0,at_station,,-1.0
731,bus,20,15.0,40.0,at_station,,1.0
731,bus,21,25.0,60.0,at_station,,-1.0
731,bus,22,40.0,15.0,at_station,,1.0
731,bus,23,50.0,35.0,at_station,,-1.0
732,drone,0,37.11145618000168,55.77708763999664,direct_transport_to_pickup,205.21748416789492,
732,drone,1,25.31835411215478,23.24438279205804,direct_transport_to_delivery,261.45898033750314,
732,bus,0,32.5,60.0,moving,,-1.0
732,bus,1,15.0,32.5,moving,,1.0
732,bus,2,50.0,42.5,moving,,-1.0
732,bus,3,32.5,15.0,moving,,1.0
732,bus,4,52.5,60.0,moving,,-1.0
732,bus,5,15.0,12.5,moving,,1.0
732,bus,6,50.0,62.5,moving,,-1.0
732,bus,7,12.5,15.0,moving,,1.0
732,bus,8,57.5,60.0,moving,,1.0
732,bus,9,15.0,7.5,moving,,-1.0
732,bus,10,50.0,67.5,moving,,1.0
732,bus,11,7.5,15.0,moving,,-1.0
732,bus,12,37.5,60.0,moving,,1.0
732,bus,13,15.0,27.5,moving,,-1.0
732,bus,14,50.0,47.5,moving,,1.0
732,bus,15,27.5,15.0,moving,,-1.0
732,bus,16,17.5,60.0,moving,,1.0
732,bus,17,15.0,47.5,moving,,-1.0
732,bus,18,50.0,27.5,moving,,1.0
732,bus,19,47.5,15.0,moving,,-1.0
732,bus,20,15.0,42.5,moving,,1.0
732,bus,21,22.5,60.0,moving,,-1.0
732,bus,22,42.5,15.0,moving,,1.0
732,bus,23,50.0,32.5,moving,,-1.0
733,drone,0,37.0,56.0,direct_transport_to_delivery,204.9682605728987,
733,drone,1,22.0,22.0,idle,257.9149765921856,
733,bus,0,27.5,60.0,moving,,-1.0
733,bus,1,15.0,37.5,moving,,1.0
733,bus,2,50.0,37.5,moving,,-1.0
733,bus,3,37.5,15.0,moving,,1.0
733,bus,4,47.5,60.0,moving,,-1.0
733,bus,5,15.0,17.5,moving,,1.0
733,bus,6,50.0,57.5,moving,,-1.0
733,bus,7,17.5,15.0,moving,,1.0
733,bus,8,62.5,60.0,moving,,1.0
733,bus,9,15.0,2.5,moving,,-1.0
733,bus,10,50.0,72.5,moving,,1.0
733,bus,11,2.5,15.0,moving,,-1.0
733,bus,12,42.5,60.0,moving,,1.0
733,bus,13,15.0,22.5,moving,,-1.0
733,bus,14,50.0,52.5,moving,,1.0
733,bus,15,22.5,15.0,moving,,-1.0
733,bus,16,22.5,60.0,moving,,1.0
733,bus,17,15.0,42.5,moving,,-1.0
733,bus,18,50.0,32.5,moving,,1.0
733,bus,19,42.5,15.0,moving,,-1.0
733,bus,20,15.0,47.5,moving,,1.0
733,bus,21,17.5,60.0,moving,,-1.0
733,bus,22,47.5,15.0,moving,,1.0
733,bus,23,50.0,27.5,moving,,-1.0
734,drone,0,39.480694691784166,51.65878428937771,direct_transport_to_delivery,199.9682605728987,
734,drone,1,22.0,22.0,idle,257.9149765921856,
734,bus,0,25.0,60.0,at_station,,-1.0
734,bus,1,15.0,40.0,at_station,,1.0
734,bus,2,50.0,35.0,at_station,,-1.0
734,bus,3,40.0,15.0,at_station,,1.0
734,bus,4,45.0,60.0,at_station,,-1.0
734,bus,5,15.0,20.0,at_station,,1.0
734,bus,6,50.0,55.0,at_station,,-1.0
734,bus,7,20.0,15.0,at_station,,1.0
734,bus,8,65.0,60.0,at_station,,1.0
734,bus,9,15.0,0.0,at_station,,-1.0
734,bus,10,50.0,75.0,at_station,,1.0
734,bus,11,0.0,15.0,at_station,,-1.0
734,bus,12,45.0,60.0,at_station,,1.0
734,bus,13,15.0,20.0,at_station,,-1.0
734,bus,14,50.0,55.0,at_station,,1.0
734,bus,15,20.0,15.0,at_station,,-1.0
734,bus,16,25.0,60.0,at_station,,1.0
734,bus,17,15.0,40.0,at_station,,-1.0
734,bus,18,50.0,35.0,at_station,,1.0
734,bus,19,40.0,15.0,at_station,,-1.0
734,bus,20,15.0,50.0,at_station,,1.0
734,bus,21,15.0,60.0,at_station,,-1.0
734,bus,22,50.0,15.0,at_station,,1.0
734,bus,23,50.0,25.0,at_station,,-1.0
735,drone,0,41.0,49.0,idle,196.90600282460017,
735,drone,1,22.0,22.0,idle,257.9149765921856,
735,bus,0,25.0,60.0,at_station,,-1.0
735,bus,1,15.0,40.0,at_station,,1.0
735,bus,2,50.0,35.0,at_station,,-1.0
735,bus,3,40.0,15.0,at_station,,1.0
735,bus,4,45.0,60.0,at_station,,-1.0
735,bus,5,15.0,20.0,at_station,,1.0
735,bus,6,50.0,55.0,at_station,,-1.0
735,bus,7,20.0,15.0,at_station,,1.0
735,bus,8,65.0,60.0,at_station,,1.0
735,bus,9,15.0,0.0,at_station,,-1.0
735,bus,10,50.0,75.0,at_station,,1.0
735,bus,11,0.0,15.0,at_station,,-1.0
735,bus,12,45.0,60.0,at_station,,1.0
735,bus,13,15.0,20.0,at_station,,-1.0
735,bus,14,50.0,55.0,at_station,,1.0
735,bus,15,20.0,15.0,at_station,,-1.0
735,bus,16,25.0,60.0,at_station,,1.0
735,bus,17,15.0,40.0,at_station,,-1.0
735,bus,18,50.0,35.0,at_station,,1.0
735,bus,19,40.0,15.0,at_station,,-1.0
735,bus,20,15.0,50.0,at_station,,1.0
735,bus,21,15.0,60.0,at_station,,-1.0
735,bus,22,50.0,15.0,at_station,,1.0
735,bus,23,50.0,25.0,at_station,,-1.0
736,drone,0,41.0,49.0,idle,196.90600282460017,
736,drone,1,22.0,22.0,idle,257.9149765921856,
736,bus,0,25.0,60.0,at_station,,-1.0
736,bus,1,15.0,40.0,at_station,,1.0
736,bus,2,50.0,35.0,at_station,,-1.0
736,bus,3,40.0,15.0,at_station,,1.0
736,bus,4,45.0,60.0,at_station,,-1.0
736,bus,5,15.0,20.0,at_station,,1.0
736,bus,6,50.0,55.0,at_station,,-1.0
736,bus,7,20.0,15.0,at_station,,1.0
736,bus,8,65.0,60.0,at_station,,1.0
736,bus,9,15.0,0.0,at_station,,-1.0
736,bus,10,50.0,75.0,at_station,,1.0
736,bus,11,0.0,15.0,at_station,,-1.0
736,bus,12,45.0,60.0,at_station,,1.0
736,bus,13,15.0,20.0,at_station,,-1.0
736,bus,14,50.0,55.0,at_station,,1.0
736,bus,15,20.0,15.0,at_station,,-1.0
736,bus,16,25.0,60.0,at_station,,1.0
736,bus,17,15.0,40.0,at_station,,-1.0
736,bus,18,50.0,35.0,at_station,,1.0
736,bus,19,40.0,15.0,at_station,,-1.0
736,bus,20,15.0,50.0,at_station,,1.0
736,bus,21,15.0,60.0,at_station,,-1.0
736,bus,22,50.0,15.0,at_station,,1.0
736,bus,23,50.0,25.0,at_station,,-1.0
737,drone,0,41.0,49.0,idle,196.90600282460017,
737,drone,1,22.0,22.0,idle,257.9149765921856,
737,bus,0,22.5,60.0,moving,,-1.0
737,bus,1,15.0,42.5,moving,,1.0
737,bus,2,50.0,32.5,moving,,-1.0
737,bus,3,42.5,15.0,moving,,1.0
737,bus,4,42.5,60.0,moving,,-1.0
737,bus,5,15.0,22.5,moving,,1.0
737,bus,6,50.0,52.5,moving,,-1.0
737,bus,7,22.5,15.0,moving,,1.0
737,bus,8,62.5,60.0,moving,,-1.0
737,bus,9,15.0,2.5,moving,,1.0
737,bus,10,50.0,72.5,moving,,-1.0
737,bus,11,2.5,15.0,moving,,1.0
737,bus,12,47.5,60.0,moving,,1.0
737,bus,13,15.0,17.5,moving,,-1.0
737,bus,14,50.0,57.5,moving,,1.0
737,bus,15,17.5,15.0,moving,,-1.0
737,bus,16,27.5,60.0,moving,,1.0
737,bus,17,15.0,37.5,moving,,-1.0
737,bus,18,50.0,37.5,moving,,1.0
737,bus,19,37.5,15.0,moving,,-1.0
737,bus,20,15.0,52.5,moving,,1.0
737,bus,21,15.0,57.5,moving,,-1.0
737,bus,22,50.0,17.5,moving,,1.0
737,bus,23,50.0,22.5,moving,,-1.0
738,drone,0,41.0,49.0,idle,196.90600282460017,
738,drone,1,22.0,22.0,idle,257.9149765921856,
738,bus,0,17.5,60.0,moving,,-1.0
738,bus,1,15.0,47.5,moving,,1.0
738,bus,2,50.0,27.5,moving,,-1.0
738,bus,3,47.5,15.0,moving,,1.0
738,bus,4,37.5,60.0,moving,,-1.0
738,bus,5,15.0,27.5,moving,,1.0
738,bus,6,50.0,47.5,moving,,-1.0
738,bus,7,27.5,15.0,moving,,1.0
738,bus,8,57.5,60.0,moving,,-1.0
738,bus,9,15.0,7.5,moving,,1.0
738,bus,10,50.0,67.5,moving,,-1.0
738,bus,11,7.5,15.0,moving,,1.0
738,bus,12,52.5,60.0,moving,,1.0
738,bus,13,15.0,12.5,moving,,-1.0
738,bus,14,50.0,62.5,moving,,1.0
738,bus,15,12.5,15.0,moving,,-1.0
738,bus,16,32.5,60.0,moving,,1.0
738,bus,17,15.0,32.5,moving,,-1.0
738,bus,18,50.0,42.5,moving,,1.0
738,bus,19,32.5,15.0,moving,,-1.0
738,bus,20,15.0,57.5,moving,,1.0
738,bus,21,15.0,52.5,moving,,-1.0
738,bus,22,50.0,22.5,moving,,1.0
738,bus,23,50.0,17.5,moving,,-1.0
739,drone,0,41.0,49.0,idle,196.90600282460017,
739,drone,1,22.0,22.0,idle,257.9149765921856,
739,bus,0,15.0,60.0,at_station,,-1.0
739,bus,1,15.0,50.0,at_station,,1.0
739,bus,2,50.0,25.0,at_station,,-1.0
739,bus,3,50.0,15.0,at_station,,1.0
739,bus,4,35.0,60.0,at_station,,-1.0
739,bus,5,15.0,30.0,at_station,,1.0
739,bus,6,50.0,45.0,at_station,,-1.0
739,bus,7,30.0,15.0,at_station,,1.0
739,bus,8,55.0,60.0,at_station,,-1.0
739,bus,9,15.0,10.0,at_station,,1.0
739,bus,10,50.0,65.0,at_station,,-1.0
739,bus,11,10.0,15.0,at_station,,1.0
739,bus,12,55.0,60.0,at_station,,1.0
739,bus,13,15.0,10.0,at_station,,-1.0
739,bus,14,50.0,65.0,at_station,,1.0
739,bus,15,10.0,15.0,at_station,,-1.0
739,bus,16,35.0,60.0,at_station,,1.0
739,bus,17,15.0,30.0,at_station,,-1.0
739,bus,18,50.0,45.0,at_station,,1.0
739,bus,19,30.0,15.0,at_station,,-1.0
739,bus,20,15.0,60.0,at_station,,1.0
739,bus,21,15.0,50.0,at_station,,-1.0
739,bus,22,50.0,25.0,at_station,,1.0
739,bus,23,50.0,15.0,at_station,,-1.0
740,drone,0,41.0,49.0,idle,196.90600282460017,
740,drone,1,22.0,22.0,idle,257.9149765921856,
740,bus,0,15.0,60.0,at_station,,-1.0
740,bus,1,15.0,50.0,at_station,,1.0
740,bus,2,50.0,25.0,at_station,,-1.0
740,bus,3,50.0,15.0,at_station,,1.0
740,bus,4,35.0,60.0,at_station,,-1.0
740,bus,5,15.0,30.0,at_station,,1.0
740,bus,6,50.0,45.0,at_station,,-1.0
740,bus,7,30.0,15.0,at_station,,1.0
740,bus,8,55.0,60.0,at_station,,-1.0
740,bus,9,15.0,10.0,at_station,,1.0
740,bus,10,50.0,65.0,at_station,,-1.0
740,bus,11,10.0,15.0,at_station,,1.0
740,bus,12,55.0,60.0,at_station,,1.0
740,bus,13,15.0,10.0,at_station,,-1.0
740,bus,14,50.0,65.0,at_station,,1.0
740,bus,15,10.0,15.0,at_station,,-1.0
740,bus,16,35.0,60.0,at_station,,1.0
740,bus,17,15.0,30.0,at_station,,-1.0
740,bus,18,50.0,45.0,at_station,,1.0
740,bus,19,30.0,15.0,at_station,,-1.0
740,bus,20,15.0,60.0,at_station,,1.0
740,bus,21,15.0,50.0,at_station,,-1.0
740,bus,22,50.0,25.0,at_station,,1.0
740,bus,23,50.0,15.0,at_station,,-1.0
741,drone,0,41.0,49.0,idle,196.90600282460017,
741,drone,1,22.0,22.0,idle,257.9149765921856,
741,bus,0,15.0,60.0,at_station,,-1.0
741,bus,1,15.0,50.0,at_station,,1.0
741,bus,2,50.0,25.0,at_station,,-1.0
741,bus,3,50.0,15.0,at_station,,1.0
741,bus,4,35.0,60.0,at_station,,-1.0
741,bus,5,15.0,30.0,at_station,,1.0
741,bus,6,50.0,45.0,at_station,,-1.0
741,bus,7,30.0,15.0,at_station,,1.0
741,bus,8,55.0,60.0,at_station,,-1.0
741,bus,9,15.0,10.0,at_station,,1.0
741,bus,10,50.0,65.0,at_station,,-1.0
741,bus,11,10.0,15.0,at_station,,1.0
741,bus,12,55.0,60.0,at_station,,1.0
741,bus,13,15.0,10.0,at_station,,-1.0
741,bus,14,50.0,65.0,at_station,,1.0
741,bus,15,10.0,15.0,at_station,,-1.0
741,bus,16,35.0,60.0,at_station,,1.0
741,bus,17,15.0,30.0,at_station,,-1.0
741,bus,18,50.0,45.0,at_station,,1.0
741,bus,19,30.0,15.0,at_station,,-1.0
741,bus,20,15.0,60.0,at_station,,1.0
741,bus,21,15.0,50.0,at_station,,-1.0
741,bus,22,50.0,25.0,at_station,,1.0
741,bus,23,50.0,15.0,at_station,,-1.0
742,drone,0,41.0,49.0,idle,196.90600282460017,
742,drone,1,22.0,22.0,idle,257.9149765921856,
742,bus,0,15.0,57.5,moving,,-1.0
742,bus,1,15.0,52.5,moving,,1.0
742,bus,2,50.0,22.5,moving,,-1.0
742,bus,3,50.0,17.5,moving,,1.0
742,bus,4,32.5,60.0,moving,,-1.0
742,bus,5,15.0,32.5,moving,,1.0
742,bus,6,50.0,42.5,moving,,-1.0
742,bus,7,32.5,15.0,moving,,1.0
742,bus,8,52.5,60.0,moving,,-1.0
742,bus,9,15.0,12.5,moving,,1.0
742,bus,10,50.0,62.5,moving,,-1.0
742,bus,11,12.5,15.0,moving,,1.0
742,bus,12,57.5,60.0,moving,,1.0
742,bus,13,15.0,7.5,moving,,-1.0
742,bus,14,50.0,67.5,moving,,1.0
742,bus,15,7.5,15.0,moving,,-1.0
742,bus,16,37.5,60.0,moving,,1.0
742,bus,17,15.0,27.5,moving,,-1.0
742,bus,18,50.0,47.5,moving,,1.0
742,bus,19,27.5,15.0,moving,,-1.0
742,bus,20,17.5,60.0,moving,,1.0
742,bus,21,15.0,47.5,moving,,-1.0
742,bus,22,50.0,27.5,moving,,1.0
742,bus,23,47.5,15.0,moving,,-1.0
743,drone,0,41.0,49.0,idle,196.90600282460017,
743,drone,1,22.0,22.0,idle,257.9149765921856,
743,bus,0,15.0,52.5,moving,,-1.0
743,bus,1,15.0,57.5,moving,,1.0
743,bus,2,50.0,17.5,moving,,-1.0
743,bus,3,50.0,22.5,moving,,1.0
743,bus,4,27.5,60.0,moving,,-1.0
743,bus,5,15.0,37.5,moving,,1.0
743,bus,6,50.0,37.5,moving,,-1.0
743,bus,7,37.5,15.0,moving,,1.0
743,bus,8,47.5,60.0,moving,,-1.0
743,bus,9,15.0,17.5,moving,,1.0
743,bus,10,50.0,57.5,moving,,-1.0
743,bus,11,17.5,15.0,moving,,1.0
743,bus,12,62.5,60.0,moving,,1.0
743,bus,13,15.0,2.5,moving,,-1.0
743,bus,14,50.0,72.5,moving,,1.0
743,bus,15,2.5,15.0,moving,,-1.0
743,bus,16,42.5,60.0,moving,,1.0
743,bus,17,15.0,22.5,moving,,-1.0
743,bus,18,50.0,52.5,moving,,1.0
743,bus,19,22.5,15.0,moving,,-1.0
743,bus,20,22.5,60.0,moving,,1.0
743,bus,21,15.0,42.5,moving,,-1.0
743,bus,22,50.0,32.5,moving,,1.0
743,bus,23,42.5,15.0,moving,,-1.0
744,drone,0,41.0,49.0,idle,196.90600282460017,
744,drone,1,22.0,22.0,idle,257.9149765921856,
744,bus,0,15.0,50.0,at_station,,-1.0
744,bus,1,15.0,60.0,at_station,,1.0
744,bus,2,50.0,15.0,at_station,,-1.0
744,bus,3,50.0,25.0,at_station,,1.0
744,bus,4,25.0,60.0,at_station,,-1.0
744,bus,5,15.0,40.0,at_station,,1.0
744,bus,6,50.0,35.0,at_station,,-1.0
744,bus,7,40.0,15.0,at_station,,1.0
744,bus,8,45.0,60.0,at_station,,-1.0
744,bus,9,15.0,20.0,at_station,,1.0
744,bus,10,50.0,55.0,at_station,,-1.0
744,bus,11,20.0,15.0,at_station,,1.0
744,bus,12,65.0,60.0,at_station,,1.0
744,bus,13,15.0,0.0,at_station,,-1.0
744,bus,14,50.0,75.0,at_station,,1.0
744,bus,15,0.0,15.0,at_station,,-1.0
744,bus,16,45.0,60.0,at_station,,1.0
744,bus,17,15.0,20.0,at_station,,-1.0
744,bus,18,50.0,55.0,at_station,,1.0
744,bus,19,20.0,15.0,at_station,,-1.0
744,bus,20,25.0,60.0,at_station,,1.0
744,bus,21,15.0,40.0,at_station,,-1.0
744,bus,22,50.0,35.0,at_station,,1.0
744,bus,23,40.0,15.0,at_station,,-1.0
745,drone,0,41.0,49.0,idle,196.90600282460017,
745,drone,1,22.0,22.0,idle,257.9149765921856,
745,bus,0,15.0,50.0,at_station,,-1.0
745,bus,1,15.0,60.0,at_station,,1.0
745,bus,2,50.0,15.0,at_station,,-1.0
745,bus,3,50.0,25.0,at_station,,1.0
745,bus,4,25.0,60.0,at_station,,-1.0
745,bus,5,15.0,40.0,at_station,,1.0
745,bus,6,50.0,35.0,at_station,,-1.0
745,bus,7,40.0,15.0,at_station,,1.0
745,bus,8,45.0,60.0,at_station,,-1.0
745,bus,9,15.0,20.0,at_station,,1.0
745,bus,10,50.0,55.0,at_station,,-1.0
745,bus,11,20.0,15.0,at_station,,1.0
745,bus,12,65.0,60.0,at_station,,1.0
745,bus,13,15.0,0.0,at_station,,-1.0
745,bus,14,50.0,75.0,at_station,,1.0
745,bus,15,0.0,15.0,at_station,,-1.0
745,bus,16,45.0,60.0,at_station,,1.0
745,bus,17,15.0,20.0,at_station,,-1.0
745,bus,18,50.0,55.0,at_station,,1.0
745,bus,19,20.0,15.0,at_station,,-1.0
745,bus,20,25.0,60.0,at_station,,1.0
745,bus,21,15.0,40.0,at_station,,-1.0
745,bus,22,50.0,35.0,at_station,,1.0
745,bus,23,40.0,15.0,at_station,,-1.0
746,drone,0,41.0,49.0,idle,196.90600282460017,
746,drone,1,22.0,22.0,idle,257.9149765921856,
746,bus,0,15.0,50.0,at_station,,-1.0
746,bus,1,15.0,60.0,at_station,,1.0
746,bus,2,50.0,15.0,at_station,,-1.0
746,bus,3,50.0,25.0,at_station,,1.0
746,bus,4,25.0,60.0,at_station,,-1.0
746,bus,5,15.0,40.0,at_station,,1.0
746,bus,6,50.0,35.0,at_station,,-1.0
746,bus,7,40.0,15.0,at_station,,1.0
746,bus,8,45.0,60.0,at_station,,-1.0
746,bus,9,15.0,20.0,at_station,,1.0
746,bus,10,50.0,55.0,at_station,,-1.0
746,bus,11,20.0,15.0,at_station,,1.0
746,bus,12,65.0,60.0,at_station,,1.0
746,bus,13,15.0,0.0,at_station,,-1.0
746,bus,14,50.0,75.0,at_station,,1.0
746,bus,15,0.0,15.0,at_station,,-1.0
746,bus,16,45.0,60.0,at_station,,1.0
746,bus,17,15.0,20.0,at_station,,-1.0
746,bus,18,50.0,55.0,at_station,,1.0
746,bus,19,20.0,15.0,at_station,,-1.0
746,bus,20,25.0,60.0,at_station,,1.0
746,bus,21,15.0,40.0,at_station,,-1.0
746,bus,22,50.0,35.0,at_station,,1.0
746,bus,23,40.0,15.0,at_station,,-1.0
747,drone,0,41.0,49.0,idle,196.90600282460017,
747,drone,1,22.0,22.0,idle,257.9149765921856,
747,bus,0,15.0,47.5,moving,,-1.0
747,bus,1,17.5,60.0,moving,,1.0
747,bus,2,47.5,15.0,moving,,-1.0
747,bus,3,50.0,27.5,moving,,1.0
747,bus,4,22.5,60.0,moving,,-1.0
747,bus,5,15.0,42.5,moving,,1.0
747,bus,6,50.0,32.5,moving,,-1.0
747,bus,7,42.5,15.0,moving,,1.0
747,bus,8,42.5,60.0,moving,,-1.0
747,bus,9,15.0,22.5,moving,,1.0
747,bus,10,50.0,52.5,moving,,-1.0
747,bus,11,22.5,15.0,moving,,1.0
747,bus,12,62.5,60.0,moving,,-1.0
747,bus,13,15.0,2.5,moving,,1.0
747,bus,14,50.0,72.5,moving,,-1.0
747,bus,15,2.5,15.0,moving,,1.0
747,bus,16,47.5,60.0,moving,,1.0
747,bus,17,15.0,17.5,moving,,-1.0
747,bus,18,50.0,57.5,moving,,1.0
747,bus,19,17.5,15.0,moving,,-1.0
747,bus,20,27.5,60.0,moving,,1.0
747,bus,21,15.0,37.5,moving,,-1.0
747,bus,22,50.0,37.5,moving,,1.0
747,bus,23,37.5,15.0,moving,,-1.0
748,drone,0,41.0,49.0,idle,196.90600282460017,
748,drone,1,22.0,22.0,idle,257.9149765921856,
748,bus,0,15.0,42.5,moving,,-1.0
748,bus,1,22.5,60.0,moving,,1.0
748,bus,2,42.5,15.0,moving,,-1.0
748,bus,3,50.0,32.5,moving,,1.0
748,bus,4,17.5,60.0,moving,,-1.0
748,bus,5,15.0,47.5,moving,,1.0
748,bus,6,50.0,27.5,moving,,-1.0
748,bus,7,47.5,15.0,moving,,1.0
748,bus,8,37.5,60.0,moving,,-1.0
748,bus,9,15.0,27.5,moving,,1.0
748,bus,10,50.0,47.5,moving,,-1.0
748,bus,11,27.5,15.0,moving,,1.0
748,bus,12,57.5,60.0,moving,,-1.0
748,bus,13,15.0,7.5,moving,,1.0
748,bus,14,50.0,67.5,moving,,-1.0
748,bus,15,7.5,15.0,moving,,1.0
748,bus,16,52.5,60.0,moving,,1.0
748,bus,17,15.0,12.5,moving,,-1.0
748,bus,18,50.0,62.5,moving,,1.0
748,bus,19,12.5,15.0,moving,,-1.0
748,bus,20,32.5,60.0,moving,,1.0
748,bus,21,15.0,32.5,moving,,-1.0
748,bus,22,50.0,42.5,moving,,1.0
748,bus,23,32.5,15.0,moving,,-1.0
749,drone,0,41.0,49.0,idle,196.90600282460017,
749,drone,1,22.0,22.0,idle,257.9149765921856,
749,bus,0,15.0,40.0,at_station,,-1.0
749,bus,1,25.0,60.0,at_station,,1.0
749,bus,2,40.0,15.0,at_station,,-1.0
749,bus,3,50.0,35.0,at_station,,1.0
749,bus,4,15.0,60.0,at_station,,-1.0
749,bus,5,15.0,50.0,at_station,,1.0
749,bus,6,50.0,25.0,at_station,,-1.0
749,bus,7,50.0,15.0,at_station,,1.0
749,bus,8,35.0,60.0,at_station,,-1.0
749,bus,9,15.0,30.0,at_station,,1.0
749,bus,10,50.0,45.0,at_station,,-1.0
749,bus,11,30.0,15.0,at_station,,1.0
749,bus,12,55.0,60.0,at_station,,-1.0
749,bus,13,15.0,10.0,at_station,,1.0
749,bus,14,50.0,65.0,at_station,,-1.0
749,bus,15,10.0,15.0,at_station,,1.0
749,bus,16,55.0,60.0,at_station,,1.0
749,bus,17,15.0,10.0,at_station,,-1.0
749,bus,18,50.0,65.0,at_station,,1.0
749,bus,19,10.0,15.0,at_station,,-1.0
749,bus,20,35.0,60.0,at_station,,1.0
749,bus,21,15.0,30.0,at_station,,-1.0
749,bus,22,50.0,45.0,at_station,,1.0
749,bus,23,30.0,15.0,at_station,,-1.0
750,drone,0,41.0,49.0,idle,196.90600282460017,
750,drone,1,22.0,22.0,idle,257.9149765921856,
750,bus,0,15.0,40.0,at_station,,-1.0
750,bus,1,25.0,60.0,at_station,,1.0
750,bus,2,40.0,15.0,at_station,,-1.0
750,bus,3,50.0,35.0,at_station,,1.0
750,bus,4,15.0,60.0,at_station,,-1.0
750,bus,5,15.0,50.0,at_station,,1.0
750,bus,6,50.0,25.0,at_station,,-1.0
750,bus,7,50.0,15.0,at_station,,1.0
750,bus,8,35.0,60.0,at_station,,-1.0
750,bus,9,15.0,30.0,at_station,,1.0
750,bus,10,50.0,45.0,at_station,,-1.0
750,bus,11,30.0,15.0,at_station,,1.0
750,bus,12,55.0,60.0,at_station,,-1.0
750,bus,13,15.0,10.0,at_station,,1.0
750,bus,14,50.0,65.0,at_station,,-1.0
750,bus,15,10.0,15.0,at_station,,1.0
750,bus,16,55.0,60.0,at_station,,1.0
750,bus,17,15.0,10.0,at_station,,-1.0
750,bus,18,50.0,65.0,at_station,,1.0
750,bus,19,10.0,15.0,at_station,,-1.0
750,bus,20,35.0,60.0,at_station,,1.0
750,bus,21,15.0,30.0,at_station,,-1.0
750,bus,22,50.0,45.0,at_station,,1.0
750,bus,23,30.0,15.0,at_station,,-1.0
751,drone,0,41.0,49.0,idle,196.90600282460017,
751,drone,1,22.0,22.0,idle,257.9149765921856,
751,bus,0,15.0,40.0,at_station,,-1.0
751,bus,1,25.0,60.0,at_station,,1.0
751,bus,2,40.0,15.0,at_station,,-1.0
751,bus,3,50.0,35.0,at_station,,1.0
751,bus,4,15.0,60.0,at_station,,-1.0
751,bus,5,15.0,50.0,at_station,,1.0
751,bus,6,50.0,25.0,at_station,,-1.0
751,bus,7,50.0,15.0,at_station,,1.0
751,bus,8,35.0,60.0,at_station,,-1.0
751,bus,9,15.0,30.0,at_station,,1.0
751,bus,10,50.0,45.0,at_station,,-1.0
751,bus,11,30.0,15.0,at_station,,1.0
751,bus,12,55.0,60.0,at_station,,-1.0
751,bus,13,15.0,10.0,at_station,,1.0
751,bus,14,50.0,65.0,at_station,,-1.0
751,bus,15,10.0,15.0,at_station,,1.0
751,bus,16,55.0,60.0,at_station,,1.0
751,bus,17,15.0,10.0,at_station,,-1.0
751,bus,18,50.0,65.0,at_station,,1.0
751,bus,19,10.0,15.0,at_station,,-1.0
751,bus,20,35.0,60.0,at_station,,1.0
751,bus,21,15.0,30.0,at_station,,-1.0
751,bus,22,50.0,45.0,at_station,,1.0
751,bus,23,30.0,15.0,at_station,,-1.0
752,drone,0,41.0,49.0,idle,196.90600282460017,
752,drone,1,22.0,22.0,idle,257.9149765921856,
752,bus,0,15.0,37.5,moving,,-1.0
752,bus,1,27.5,60.0,moving,,1.0
752,bus,2,37.5,15.0,moving,,-1.0
752,bus,3,50.0,37.5,moving,,1.0
752,bus,4,15.0,57.5,moving,,-1.0
752,bus,5,15.0,52.5,moving,,1.0
752,bus,6,50.0,22.5,moving,,-1.0
752,bus,7,50.0,17.5,moving,,1.0
752,bus,8,32.5,60.0,moving,,-1.0
752,bus,9,15.0,32.5,moving,,1.0
752,bus,10,50.0,42.5,moving,,-1.0
752,bus,11,32.5,15.0,moving,,1.0
752,bus,12,52.5,60.0,moving,,-1.0
752,bus,13,15.0,12.5,moving,,1.0
752,bus,14,50.0,62.5,moving,,-1.0
752,bus,15,12.5,15.0,moving,,1.0
752,bus,16,57.5,60.0,moving,,1.0
752,bus,17,15.0,7.5,moving,,-1.0
752,bus,18,50.0,67.5,moving,,1.0
752,bus,19,7.5,15.0,moving,,-1.0
752,bus,20,37.5,60.0,moving,,1.0
752,bus,21,15.0,27.5,moving,,-1.0
752,bus,22,50.0,47.5,moving,,1.0
752,bus,23,27.5,15.0,moving,,-1.0
753,drone,0,41.0,49.0,idle,196.90600282460017,
753,drone,1,22.0,22.0,idle,257.9149765921856,
753,bus,0,15.0,32.5,moving,,-1.0
753,bus,1,32.5,60.0,moving,,1.0
753,bus,2,32.5,15.0,moving,,-1.0
753,bus,3,50.0,42.5,moving,,1.0
753,bus,4,15.0,52.5,moving,,-1.0
753,bus,5,15.0,57.5,moving,,1.0
753,bus,6,50.0,17.5,moving,,-1.0
753,bus,7,50.0,22.5,moving,,1.0
753,bus,8,27.5,60.0,moving,,-1.0
753,bus,9,15.0,37.5,moving,,1.0
753,bus,10,50.0,37.5,moving,,-1.0
753,bus,11,37.5,15.0,moving,,1.0
753,bus,12,47.5,60.0,moving,,-1.0
753,bus,13,15.0,17.5,moving,,1.0
753,bus,14,50.0,57.5,moving,,-1.0
753,bus,15,17.5,15.0,moving,,1.0
753,bus,16,62.5,60.0,moving,,1.0
753,bus,17,15.0,2.5,moving,,-1.0
753,bus,18,50.0,72.5,moving,,1.0
753,bus,19,2.5,15.0,moving,,-1.0
753,bus,20,42.5,60.0,moving,,1.0
753,bus,21,15.0,22.5,moving,,-1.0
753,bus,22,50.0,52.5,moving,,1.0
753,bus,23,22.5,15.0,moving,,-1.0
754,drone,0,41.0,49.0,idle,196.90600282460017,
754,drone,1,22.0,22.0,idle,257.9149765921856,
754,bus,0,15.0,30.0,at_station,,-1.0
754,bus,1,35.0,60.0,at_station,,1.0
754,bus,2,30.0,15.0,at_station,,-1.0
754,bus,3,50.0,45.0,at_station,,1.0
754,bus,4,15.0,50.0,at_station,,-1.0
754,bus,5,15.0,60.0,at_station,,1.0
754,bus,6,50.0,15.0,at_station,,-1.0
754,bus,7,50.0,25.0,at_station,,1.0
754,bus,8,25.0,60.0,at_station,,-1.0
754,bus,9,15.0,40.0,at_station,,1.0
754,bus,10,50.0,35.0,at_station,,-1.0
754,bus,11,40.0,15.0,at_station,,1.0
754,bus,12,45.0,60.0,at_station,,-1.0
754,bus,13,15.0,20.0,at_station,,1.0
754,bus,14,50.0,55.0,at_station,,-1.0
754,bus,15,20.0,15.0,at_station,,1.0
754,bus,16,65.0,60.0,at_station,,1.0
754,bus,17,15.0,0.0,at_station,,-1.0
754,bus,18,50.0,75.0,at_station,,1.0
754,bus,19,0.0,15.0,at_station,,-1.0
754,bus,20,45.0,60.0,at_station,,1.0
754,bus,21,15.0,20.0,at_station,,-1.0
754,bus,22,50.0,55.0,at_station,,1.0
754,bus,23,20.0,15.0,at_station,,-1.0
755,drone,0,41.0,49.0,idle,196.90600282460017,
755,drone,1,22.0,22.0,idle,257.9149765921856,
755,bus,0,15.0,30.0,at_station,,-1.0
755,bus,1,35.0,60.0,at_station,,1.0
755,bus,2,30.0,15.0,at_station,,-1.0
755,bus,3,50.0,45.0,at_station,,1.0
755,bus,4,15.0,50.0,at_station,,-1.0
755,bus,5,15.0,60.0,at_station,,1.0
755,bus,6,50.0,15.0,at_station,,-1.0
755,bus,7,50.0,25.0,at_station,,1.0
755,bus,8,25.0,60.0,at_station,,-1.0
755,bus,9,15.0,40.0,at_station,,1.0
755,bus,10,50.0,35.0,at_station,,-1.0
755,bus,11,40.0,15.0,at_station,,1.0
755,bus,12,45.0,60.0,at_station,,-1.0
755,bus,13,15.0,20.0,at_station,,1.0
755,bus,14,50.0,55.0,at_station,,-1.0
755,bus,15,20.0,15.0,at_station,,1.0
755,bus,16,65.0,60.0,at_station,,1.0
755,bus,17,15.0,0.0,at_station,,-1.0
755,bus,18,50.0,75.0,at_station,,1.0
755,bus,19,0.0,15.0,at_station,,-1.0
755,bus,20,45.0,60.0,at_station,,1.0
755,bus,21,15.0,20.0,at_station,,-1.0
755,bus,22,50.0,55.0,at_station,,1.0
755,bus,23,20.0,15.0,at_station,,-1.0
756,drone,0,41.0,49.0,idle,196.90600282460017,
756,drone,1,22.0,22.0,idle,257.9149765921856,
756,bus,0,15.0,30.0,at_station,,-1.0
756,bus,1,35.0,60.0,at_station,,1.0
756,bus,2,30.0,15.0,at_station,,-1.0
756,bus,3,50.0,45.0,at_station,,1.0
756,bus,4,15.0,50.0,at_station,,-1.0
756,bus,5,15.0,60.0,at_station,,1.0
756,bus,6,50.0,15.0,at_station,,-1.0
756,bus,7,50.0,25.0,at_station,,1.0
756,bus,8,25.0,60.0,at_station,,-1.0
756,bus,9,15.0,40.0,at_station,,1.0
756,bus,10,50.0,35.0,at_station,,-1.0
756,bus,11,40.0,15.0,at_station,,1.0
756,bus,12,45.0,60.0,at_station,,-1.0
756,bus,13,15.0,20.0,at_station,,1.0
756,bus,14,50.0,55.0,at_station,,-1.0
756,bus,15,20.0,15.0,at_station,,1.0
756,bus,16,65.0,60.0,at_station,,1.0
756,bus,17,15.0,0.0,at_station,,-1.0
756,bus,18,50.0,75.0,at_station,,1.0
756,bus,19,0.0,15.0,at_station,,-1.0
756,bus,20,45.0,60.0,at_station,,1.0
756,bus,21,15.0,20.0,at_station,,-1.0
756,bus,22,50.0,55.0,at_station,,1.0
756,bus,23,20.0,15.0,at_station,,-1.0
757,drone,0,41.0,49.0,idle,196.90600282460017,
757,drone,1,22.0,22.0,idle,257.9149765921856,
757,bus,0,15.0,27.5,moving,,-1.0
757,bus,1,37.5,60.0,moving,,1.0
757,bus,2,27.5,15.0,moving,,-1.0
757,bus,3,50.0,47.5,moving,,1.0
757,bus,4,15.0,47.5,moving,,-1.0
757,bus,5,17.5,60.0,moving,,1.0
757,bus,6,47.5,15.0,moving,,-1.0
757,bus,7,50.0,27.5,moving,,1.0
757,bus,8,22.5,60.0,moving,,-1.0
757,bus,9,15.0,42.5,moving,,1.0
757,bus,10,50.0,32.5,moving,,-1.0
757,bus,11,42.5,15.0,moving,,1.0
757,bus,12,42.5,60.0,moving,,-1.0
757,bus,13,15.0,22.5,moving,,1.0
757,bus,14,50.0,52.5,moving,,-1.0
757,bus,15,22.5,15.0,moving,,1.0
757,bus,16,62.5,60.0,moving,,-1.0
757,bus,17,15.0,2.5,moving,,1.0
757,bus,18,50.0,72.5,moving,,-1.0
757,bus,19,2.5,15.0,moving,,1.0
757,bus,20,47.5,60.0,moving,,1.0
757,bus,21,15.0,17.5,moving,,-1.0
757,bus,22,50.0,57.5,moving,,1.0
757,bus,23,17.5,15.0,moving,,-1.0
758,drone,0,41.0,49.0,idle,196.90600282460017,
758,drone,1,22.0,22.0,idle,257.9149765921856,
758,bus,0,15.0,22.5,moving,,-1.0
758,bus,1,42.5,60.0,moving,,1.0
758,bus,2,22.5,15.0,moving,,-1.0
758,bus,3,50.0,52.5,moving,,1.0
758,bus,4,15.0,42.5,moving,,-1.0
758,bus,5,22.5,60.0,moving,,1.0
758,bus,6,42.5,15.0,moving,,-1.0
758,bus,7,50.0,32.5,moving,,1.0
758,bus,8,17.5,60.0,moving,,-1.0
758,bus,9,15.0,47.5,moving,,1.0
758,bus,10,50.0,27.5,moving,,-1.0
758,bus,11,47.5,15.0,moving,,1.0
758,bus,12,37.5,60.0,moving,,-1.0
758,bus,13,15.0,27.5,moving,,1.0
758,bus,14,50.0,47.5,moving,,-1.0
758,bus,15,27.5,15.0,moving,,1.0
758,bus,16,57.5,60.0,moving,,-1.0
758,bus,17,15.0,7.5,moving,,1.0
758,bus,18,50.0,67.5,moving,,-1.0
758,bus,19,7.5,15.0,moving,,1.0
758,bus,20,52.5,60.0,moving,,1.0
758,bus,21,15.0,12.5,moving,,-1.0
758,bus,22,50.0,62.5,moving,,1.0
758,bus,23,12.5,15.0,moving,,-1.0
759,drone,0,41.0,49.0,idle,196.90600282460017,
759,drone,1,22.0,22.0,idle,257.9149765921856,
759,bus,0,15.0,20.0,at_station,,-1.0
759,bus,1,45.0,60.0,at_station,,1.0
759,bus,2,20.0,15.0,at_station,,-1.0
759,bus,3,50.0,55.0,at_station,,1.0
759,bus,4,15.0,40.0,at_station,,-1.0
759,bus,5,25.0,60.0,at_station,,1.0
759,bus,6,40.0,15.0,at_station,,-1.0
759,bus,7,50.0,35.0,at_station,,1.0
759,bus,8,15.0,60.0,at_station,,-1.0
759,bus,9,15.0,50.0,at_station,,1.0
759,bus,10,50.0,25.0,at_station,,-1.0
759,bus,11,50.0,15.0,at_station,,1.0
759,bus,12,35.0,60.0,at_station,,-1.0
759,bus,13,15.0,30.0,at_station,,1.0
759,bus,14,50.0,45.0,at_station,,-1.0
759,bus,15,30.0,15.0,at_station,,1.0
759,bus,16,55.0,60.0,at_station,,-1.0
759,bus,17,15.0,10.0,at_station,,1.0
759,bus,18,50.0,65.0,at_station,,-1.0
759,bus,19,10.0,15.0,at_station,,1.0
759,bus,20,55.0,60.0,at_station,,1.0
759,bus,21,15.0,10.0,at_station,,-1.0
759,bus,22,50.0,65.0,at_station,,1.0
759,bus,23,10.0,15.0,at_station,,-1.0
760,drone,0,41.0,49.0,idle,196.90600282460017,
760,drone,1,22.0,22.0,idle,257.9149765921856,
760,bus,0,15.0,20.0,at_station,,-1.0
760,bus,1,45.0,60.0,at_station,,1.0
760,bus,2,20.0,15.0,at_station,,-1.0
760,bus,3,50.0,55.0,at_station,,1.0
760,bus,4,15.0,40.0,at_station,,-1.0
760,bus,5,25.0,60.0,at_station,,1.0
760,bus,6,40.0,15.0,at_station,,-1.0
760,bus,7,50.0,35.0,at_station,,1.0
760,bus,8,15.0,60.0,at_station,,-1.0
760,bus,9,15.0,50.0,at_station,,1.0
760,bus,10,50.0,25.0,at_station,,-1.0
760,bus,11,50.0,15.0,at_station,,1.0
760,bus,12,35.0,60.0,at_station,,-1.0
760,bus,13,15.0,30.0,at_station,,1.0
760,bus,14,50.0,45.0,at_station,,-1.0
760,bus,15,30.0,15.0,at_station,,1.0
760,bus,16,55.0,60.0,at_station,,-1.0
760,bus,17,15.0,10.0,at_station,,1.0
760,bus,18,50.0,65.0,at_station,,-1.0
760,bus,19,10.0,15.0,at_station,,1.0
760,bus,20,55.0,60.0,at_station,,1.0
760,bus,21,15.0,10.0,at_station,,-1.0
760,bus,22,50.0,65.0,at_station,,1.0
760,bus,23,10.0,15.0,at_station,,-1.0
761,drone,0,41.0,49.0,idle,196.90600282460017,
761,drone,1,22.0,22.0,idle,257.9149765921856,
761,bus,0,15.0,20.0,at_station,,-1.0
761,bus,1,45.0,60.0,at_station,,1.0
761,bus,2,20.0,15.0,at_station,,-1.0
761,bus,3,50.0,55.0,at_station,,1.0
761,bus,4,15.0,40.0,at_station,,-1.0
761,bus,5,25.0,60.0,at_station,,1.0
761,bus,6,40.0,15.0,at_station,,-1.0
761,bus,7,50.0,35.0,at_station,,1.0
761,bus,8,15.0,60.0,at_station,,-1.0
761,bus,9,15.0,50.0,at_station,,1.0
761,bus,10,50.0,25.0,at_station,,-1.0
761,bus,11,50.0,15.0,at_station,,1.0
761,bus,12,35.0,60.0,at_station,,-1.0
761,bus,13,15.0,30.0,at_station,,1.0
761,bus,14,50.0,45.0,at_station,,-1.0
761,bus,15,30.0,15.0,at_station,,1.0
761,bus,16,55.0,60.0,at_station,,-1.0
761,bus,17,15.0,10.0,at_station,,1.0
761,bus,18,50.0,65.0,at_station,,-1.0
761,bus,19,10.0,15.0,at_station,,1.0
761,bus,20,55.0,60.0,at_station,,1.0
761,bus,21,15.0,10.0,at_station,,-1.0
761,bus,22,50.0,65.0,at_station,,1.0
761,bus,23,10.0,15.0,at_station,,-1.0
762,drone,0,41.0,49.0,idle,196.90600282460017,
762,drone,1,22.0,22.0,idle,257.9149765921856,
762,bus,0,15.0,17.5,moving,,-1.0
762,bus,1,47.5,60.0,moving,,1.0
762,bus,2,17.5,15.0,moving,,-1.0
762,bus,3,50.0,57.5,moving,,1.0
762,bus,4,15.0,37.5,moving,,-1.0
762,bus,5,27.5,60.0,moving,,1.0
762,bus,6,37.5,15.0,moving,,-1.0
762,bus,7,50.0,37.5,moving,,1.0
762,bus,8,15.0,57.5,moving,,-1.0
762,bus,9,15.0,52.5,moving,,1.0
762,bus,10,50.0,22.5,moving,,-1.0
762,bus,11,50.0,17.5,moving,,1.0
762,bus,12,32.5,60.0,moving,,-1.0
762,bus,13,15.0,32.5,moving,,1.0
762,bus,14,50.0,42.5,moving,,-1.0
762,bus,15,32.5,15.0,moving,,1.0
762,bus,16,52.5,60.0,moving,,-1.0
762,bus,17,15.0,12.5,moving,,1.0
762,bus,18,50.0,62.5,moving,,-1.0
762,bus,19,12.5,15.0,moving,,1.0
762,bus,20,57.5,60.0,moving,,1.0
762,bus,21,15.0,7.5,moving,,-1.0
762,bus,22,50.0,67.5,moving,,1.0
762,bus,23,7.5,15.0,moving,,-1.0
763,drone,0,41.0,49.0,idle,196.90600282460017,
763,drone,1,22.0,22.0,idle,257.9149765921856,
763,bus,0,15.0,12.5,moving,,-1.0
763,bus,1,52.5,60.0,moving,,1.0
763,bus,2,12.5,15.0,moving,,-1.0
763,bus,3,50.0,62.5,moving,,1.0
763,bus,4,15.0,32.5,moving,,-1.0
763,bus,5,32.5,60.0,moving,,1.0
763,bus,6,32.5,15.0,moving,,-1.0
763,bus,7,50.0,42.5,moving,,1.0
763,bus,8,15.0,52.5,moving,,-1.0
763,bus,9,15.0,57.5,moving,,1.0
763,bus,10,50.0,17.5,moving,,-1.0
763,bus,11,50.0,22.5,moving,,1.0
763,bus,12,27.5,60.0,moving,,-1.0
763,bus,13,15.0,37.5,moving,,1.0
763,bus,14,50.0,37.5,moving,,-1.0
763,bus,15,37.5,15.0,moving,,1.0
763,bus,16,47.5,60.0,moving,,-1.0
763,bus,17,15.0,17.5,moving,,1.0
763,bus,18,50.0,57.5,moving,,-1.0
763,bus,19,17.5,15.0,moving,,1.0
763,bus,20,62.5,60.0,moving,,1.0
763,bus,21,15.0,2.5,moving,,-1.0
763,bus,22,50.0,72.5,moving,,1.0
763,bus,23,2.5,15.0,moving,,-1.0
764,drone,0,41.0,49.0,idle,196.90600282460017,
764,drone,1,22.0,22.0,idle,257.9149765921856,
764,bus,0,15.0,10.0,at_station,,-1.0
764,bus,1,55.0,60.0,at_station,,1.0
764,bus,2,10.0,15.0,at_station,,-1.0
764,bus,3,50.0,65.0,at_station,,1.0
764,bus,4,15.0,30.0,at_station,,-1.0
764,bus,5,35.0,60.0,at_station,,1.0
764,bus,6,30.0,15.0,at_station,,-1.0
764,bus,7,50.0,45.0,at_station,,1.0
764,bus,8,15.0,50.0,at_station,,-1.0
764,bus,9,15.0,60.0,at_station,,1.0
764,bus,10,50.0,15.0,at_station,,-1.0
764,bus,11,50.0,25.0,at_station,,1.0
764,bus,12,25.0,60.0,at_station,,-1.0
764,bus,13,15.0,40.0,at_station,,1.0
764,bus,14,50.0,35.0,at_station,,-1.0
764,bus,15,40.0,15.0,at_station,,1.0
764,bus,16,45.0,60.0,at_station,,-1.0
764,bus,17,15.0,20.0,at_station,,1.0
764,bus,18,50.0,55.0,at_station,,-1.0
764,bus,19,20.0,15.0,at_station,,1.0
764,bus,20,65.0,60.0,at_station,,1.0
764,bus,21,15.0,0.0,at_station,,-1.0
764,bus,22,50.0,75.0,at_station,,1.0
764,bus,23,0.0,15.0,at_station,,-1.0
765,drone,0,41.0,49.0,idle,196.90600282460017,
765,drone,1,22.0,22.0,idle,257.9149765921856,
765,bus,0,15.0,10.0,at_station,,-1.0
765,bus,1,55.0,60.0,at_station,,1.0
765,bus,2,10.0,15.0,at_station,,-1.0
765,bus,3,50.0,65.0,at_station,,1.0
765,bus,4,15.0,30.0,at_station,,-1.0
765,bus,5,35.0,60.0,at_station,,1.0
765,bus,6,30.0,15.0,at_station,,-1.0
765,bus,7,50.0,45.0,at_station,,1.0
765,bus,8,15.0,50.0,at_station,,-1.0
765,bus,9,15.0,60.0,at_station,,1.0
765,bus,10,50.0,15.0,at_station,,-1.0
765,bus,11,50.0,25.0,at_station,,1.0
765,bus,12,25.0,60.0,at_station,,-1.0
765,bus,13,15.0,40.0,at_station,,1.0
765,bus,14,50.0,35.0,at_station,,-1.0
765,bus,15,40.0,15.0,at_station,,1.0
765,bus,16,45.0,60.0,at_station,,-1.0
765,bus,17,15.0,20.0,at_station,,1.0
765,bus,18,50.0,55.0,at_station,,-1.0
765,bus,19,20.0,15.0,at_station,,1.0
765,bus,20,65.0,60.0,at_station,,1.0
765,bus,21,15.0,0.0,at_station,,-1.0
765,bus,22,50.0,75.0,at_station,,1.0
765,bus,23,0.0,15.0,at_station,,-1.0
766,drone,0,41.0,49.0,idle,196.90600282460017,
766,drone,1,22.0,22.0,idle,257.9149765921856,
766,bus,0,15.0,10.0,at_station,,-1.0
766,bus,1,55.0,60.0,at_station,,1.0
766,bus,2,10.0,15.0,at_station,,-1.0
766,bus,3,50.0,65.0,at_station,,1.0
766,bus,4,15.0,30.0,at_station,,-1.0
766,bus,5,35.0,60.0,at_station,,1.0
766,bus,6,30.0,15.0,at_station,,-1.0
766,bus,7,50.0,45.0,at_station,,1.0
766,bus,8,15.0,50.0,at_station,,-1.0
766,bus,9,15.0,60.0,at_station,,1.0
766,bus,10,50.0,15.0,at_station,,-1.0
766,bus,11,50.0,25.0,at_station,,1.0
766,bus,12,25.0,60.0,at_station,,-1.0
766,bus,13,15.0,40.0,at_station,,1.0
766,bus,14,50.0,35.0,at_station,,-1.0
766,bus,15,40.0,15.0,at_station,,1.0
766,bus,16,45.0,60.0,at_station,,-1.0
766,bus,17,15.0,20.0,at_station,,1.0
766,bus,18,50.0,55.0,at_station,,-1.0
766,bus,19,20.0,15.0,at_station,,1.0
766,bus,20,65.0,60.0,at_station,,1.0
766,bus,21,15.0,0.0,at_station,,-1.0
766,bus,22,50.0,75.0,at_station,,1.0
766,bus,23,0.0,15.0,at_station,,-1.0
767,drone,0,41.0,49.0,idle,196.90600282460017,
767,drone,1,22.0,22.0,idle,257.9149765921856,
767,bus,0,15.0,7.5,moving,,-1.0
767,bus,1,57.5,60.0,moving,,1.0
767,bus,2,7.5,15.0,moving,,-1.0
767,bus,3,50.0,67.5,moving,,1.0
767,bus,4,15.0,27.5,moving,,-1.0
767,bus,5,37.5,60.0,moving,,1.0
767,bus,6,27.5,15.0,moving,,-1.0
767,bus,7,50.0,47.5,moving,,1.0
767,bus,8,15.0,47.5,moving,,-1.0
767,bus,9,17.5,60.0,moving,,1.0
767,bus,10,47.5,15.0,moving,,-1.0
767,bus,11,50.0,27.5,moving,,1.0
767,bus,12,22.5,60.0,moving,,-1.0
767,bus,13,15.0,42.5,moving,,1.0
767,bus,14,50.0,32.5,moving,,-1.0
767,bus,15,42.5,15.0,moving,,1.0
767,bus,16,42.5,60.0,moving,,-1.0
767,bus,17,15.0,22.5,moving,,1.0
767,bus,18,50.0,52.5,moving,,-1.0
767,bus,19,22.5,15.0,moving,,1.0
767,bus,20,62.5,60.0,moving,,-1.0
767,bus,21,15.0,2.5,moving,,1.0
767,bus,22,50.0,72.5,moving,,-1.0
767,bus,23,2.5,15.0,moving,,1.0
768,drone,0,41.0,49.0,idle,196.90600282460017,
768,drone,1,22.0,22.0,idle,257.9149765921856,
768,bus,0,15.0,2.5,moving,,-1.0
768,bus,1,62.5,60.0,moving,,1.0
768,bus,2,2.5,15.0,moving,,-1.0
768,bus,3,50.0,72.5,moving,,1.0
768,bus,4,15.0,22.5,moving,,-1.0
768,bus,5,42.5,60.0,moving,,1.0
768,bus,6,22.5,15.0,moving,,-1.0
768,bus,7,50.0,52.5,moving,,1.0
768,bus,8,15.0,42.5,moving,,-1.0
768,bus,9,22.5,60.0,moving,,1.0
768,bus,10,42.5,15.0,moving,,-1.0
768,bus,11,50.0,32.5,moving,,1.0
768,bus,12,17.5,60.0,moving,,-1.0
768,bus,13,15.0,47.5,moving,,1.0
768,bus,14,50.0,27.5,moving,,-1.0
768,bus,15,47.5,15.0,moving,,1.0
768,bus,16,37.5,60.0,moving,,-1.0
768,bus,17,15.0,27.5,moving,,1.0
768,bus,18,50.0,47.5,moving,,-1.0
768,bus,19,27.5,15.0,moving,,1.0
768,bus,20,57.5,60.0,moving,,-1.0
768,bus,21,15.0,7.5,moving,,1.0
768,bus,22,50.0,67.5,moving,,-1.0
768,bus,23,7.5,15.0,moving,,1.0
769,drone,0,41.0,49.0,idle,196.90600282460017,
769,drone,1,22.0,22.0,idle,257.9149765921856,
769,bus,0,15.0,0.0,at_station,,-1.0
769,bus,1,65.0,60.0,at_station,,1.0
769,bus,2,0.0,15.0,at_station,,-1.0
769,bus,3,50.0,75.0,at_station,,1.0
769,bus,4,15.0,20.0,at_station,,-1.0
769,bus,5,45.0,60.0,at_station,,1.0
769,bus,6,20.0,15.0,at_station,,-1.0
769,bus,7,50.0,55.0,at_station,,1.0
769,bus,8,15.0,40.0,at_station,,-1.0
769,bus,9,25.0,60.0,at_station,,1.0
769,bus,10,40.0,15.0,at_station,,-1.0
769,bus,11,50.0,35.0,at_station,,1.0
769,bus,12,15.0,60.0,at_station,,-1.0
769,bus,13,15.0,50.0,at_station,,1.0
769,bus,14,50.0,25.0,at_station,,-1.0
769,bus,15,50.0,15.0,at_station,,1.0
769,bus,16,35.0,60.0,at_station,,-1.0
769,bus,17,15.0,30.0,at_station,,1.0
769,bus,18,50.0,45.0,at_station,,-1.0
769,bus,19,30.0,15.0,at_station,,1.0
769,bus,20,55.0,60.0,at_station,,-1.0
769,bus,21,15.0,10.0,at_station,,1.0
769,bus,22,50.0,65.0,at_station,,-1.0
769,bus,23,10.0,15.0,at_station,,1.0
770,drone,0,41.0,49.0,idle,196.90600282460017,
770,drone,1,22.0,22.0,idle,257.9149765921856,
770,bus,0,15.0,0.0,at_station,,-1.0
770,bus,1,65.0,60.0,at_station,,1.0
770,bus,2,0.0,15.0,at_station,,-1.0
770,bus,3,50.0,75.0,at_station,,1.0
770,bus,4,15.0,20.0,at_station,,-1.0
770,bus,5,45.0,60.0,at_station,,1.0
770,bus,6,20.0,15.0,at_station,,-1.0
770,bus,7,50.0,55.0,at_station,,1.0
770,bus,8,15.0,40.0,at_station,,-1.0
770,bus,9,25.0,60.0,at_station,,1.0
770,bus,10,40.0,15.0,at_station,,-1.0
770,bus,11,50.0,35.0,at_station,,1.0
770,bus,12,15.0,60.0,at_station,,-1.0
770,bus,13,15.0,50.0,at_station,,1.0
770,bus,14,50.0,25.0,at_station,,-1.0
770,bus,15,50.0,15.0,at_station,,1.0
770,bus,16,35.0,60.0,at_station,,-1.0
770,bus,17,15.0,30.0,at_station,,1.0
770,bus,18,50.0,45.0,at_station,,-1.0
770,bus,19,30.0,15.0,at_station,,1.0
770,bus,20,55.0,60.0,at_station,,-1.0
770,bus,21,15.0,10.0,at_station,,1.0
770,bus,22,50.0,65.0,at_station,,-1.0
770,bus,23,10.0,15.0,at_station,,1.0
771,drone,0,41.0,49.0,idle,196.90600282460017,
771,drone,1,22.0,22.0,idle,257.9149765921856,
771,bus,0,15.0,0.0,at_station,,-1.0
771,bus,1,65.0,60.0,at_station,,1.0
771,bus,2,0.0,15.0,at_station,,-1.0
771,bus,3,50.0,75.0,at_station,,1.0
771,bus,4,15.0,20.0,at_station,,-1.0
771,bus,5,45.0,60.0,at_station,,1.0
771,bus,6,20.0,15.0,at_station,,-1.0
771,bus,7,50.0,55.0,at_station,,1.0
771,bus,8,15.0,40.0,at_station,,-1.0
771,bus,9,25.0,60.0,at_station,,1.0
771,bus,10,40.0,15.0,at_station,,-1.0
771,bus,11,50.0,35.0,at_station,,1.0
771,bus,12,15.0,60.0,at_station,,-1.0
771,bus,13,15.0,50.0,at_station,,1.0
771,bus,14,50.0,25.0,at_station,,-1.0
771,bus,15,50.0,15.0,at_station,,1.0
771,bus,16,35.0,60.0,at_station,,-1.0
771,bus,17,15.0,30.0,at_station,,1.0
771,bus,18,50.0,45.0,at_station,,-1.0
771,bus,19,30.0,15.0,at_station,,1.0
771,bus,20,55.0,60.0,at_station,,-1.0
771,bus,21,15.0,10.0,at_station,,1.0
771,bus,22,50.0,65.0,at_station,,-1.0
771,bus,23,10.0,15.0,at_station,,1.0
772,drone,0,41.0,49.0,idle,196.90600282460017,
772,drone,1,22.0,22.0,idle,257.9149765921856,
772,bus,0,15.0,2.5,moving,,1.0
772,bus,1,62.5,60.0,moving,,-1.0
772,bus,2,2.5,15.0,moving,,1.0
772,bus,3,50.0,72.5,moving,,-1.0
772,bus,4,15.0,17.5,moving,,-1.0
772,bus,5,47.5,60.0,moving,,1.0
772,bus,6,17.5,15.0,moving,,-1.0
772,bus,7,50.0,57.5,moving,,1.0
772,bus,8,15.0,37.5,moving,,-1.0
772,bus,9,27.5,60.0,moving,,1.0
772,bus,10,37.5,15.0,moving,,-1.0
772,bus,11,50.0,37.5,moving,,1.0
772,bus,12,15.0,57.5,moving,,-1.0
772,bus,13,15.0,52.5,moving,,1.0
772,bus,14,50.0,22.5,moving,,-1.0
772,bus,15,50.0,17.5,moving,,1.0
772,bus,16,32.5,60.0,moving,,-1.0
772,bus,17,15.0,32.5,moving,,1.0
772,bus,18,50.0,42.5,moving,,-1.0
772,bus,19,32.5,15.0,moving,,1.0
772,bus,20,52.5,60.0,moving,,-1.0
772,bus,21,15.0,12.5,moving,,1.0
772,bus,22,50.0,62.5,moving,,-1.0
772,bus,23,12.5,15.0,moving,,1.0
773,drone,0,41.0,49.0,idle,196.90600282460017,
773,drone,1,22.0,22.0,idle,257.9149765921856,
773,bus,0,15.0,7.5,moving,,1.0
773,bus,1,57.5,60.0,moving,,-1.0
773,bus,2,7.5,15.0,moving,,1.0
773,bus,3,50.0,67.5,moving,,-1.0
773,bus,4,15.0,12.5,moving,,-1.0
773,bus,5,52.5,60.0,moving,,1.0
773,bus,6,12.5,15.0,moving,,-1.0
773,bus,7,50.0,62.5,moving,,1.0
773,bus,8,15.0,32.5,moving,,-1.0
773,bus,9,32.5,60.0,moving,,1.0
773,bus,10,32.5,15.0,moving,,-1.0
773,bus,11,50.0,42.5,moving,,1.0
773,bus,12,15.0,52.5,moving,,-1.0
773,bus,13,15.0,57.5,moving,,1.0
773,bus,14,50.0,17.5,moving,,-1.0
773,bus,15,50.0,22.5,moving,,1.0
773,bus,16,27.5,60.0,moving,,-1.0
773,bus,17,15.0,37.5,moving,,1.0
773,bus,18,50.0,37.5,moving,,-1.0
773,bus,19,37.5,15.0,moving,,1.0
773,bus,20,47.5,60.0,moving,,-1.0
773,bus,21,15.0,17.5,moving,,1.0
773,bus,22,50.0,57.5,moving,,-1.0
773,bus,23,17.5,15.0,moving,,1.0
774,drone,0,41.0,49.0,idle,196.90600282460017,
774,drone,1,22.0,22.0,idle,257.9149765921856,
774,bus,0,15.0,10.0,at_station,,1.0
774,bus,1,55.0,60.0,at_station,,-1.0
774,bus,2,10.0,15.0,at_station,,1.0
774,bus,3,50.0,65.0,at_station,,-1.0
774,bus,4,15.0,10.0,at_station,,-1.0
774,bus,5,55.0,60.0,at_station,,1.0
774,bus,6,10.0,15.0,at_station,,-1.0
774,bus,7,50.0,65.0,at_station,,1.0
774,bus,8,15.0,30.0,at_station,,-1.0
774,bus,9,35.0,60.0,at_station,,1.0
774,bus,10,30.0,15.0,at_station,,-1.0
774,bus,11,50.0,45.0,at_station,,1.0
774,bus,12,15.0,50.0,at_station,,-1.0
774,bus,13,15.0,60.0,at_station,,1.0
774,bus,14,50.0,15.0,at_station,,-1.0
774,bus,15,50.0,25.0,at_station,,1.0
774,bus,16,25.0,60.0,at_station,,-1.0
774,bus,17,15.0,40.0,at_station,,1.0
774,bus,18,50.0,35.0,at_station,,-1.0
774,bus,19,40.0,15.0,at_station,,1.0
774,bus,20,45.0,60.0,at_station,,-1.0
774,bus,21,15.0,20.0,at_station,,1.0
774,bus,22,50.0,55.0,at_station,,-1.0
774,bus,23,20.0,15.0,at_station,,1.0
775,drone,0,41.0,49.0,idle,196.90600282460017,
775,drone,1,22.0,22.0,idle,257.9149765921856,
775,bus,0,15.0,10.0,at_station,,1.0
775,bus,1,55.0,60.0,at_station,,-1.0
775,bus,2,10.0,15.0,at_station,,1.0
775,bus,3,50.0,65.0,at_station,,-1.0
775,bus,4,15.0,10.0,at_station,,-1.0
775,bus,5,55.0,60.0,at_station,,1.0
775,bus,6,10.0,15.0,at_station,,-1.0
775,bus,7,50.0,65.0,at_station,,1.0
775,bus,8,15.0,30.0,at_station,,-1.0
775,bus,9,35.0,60.0,at_station,,1.0
775,bus,10,30.0,15.0,at_station,,-1.0
775,bus,11,50.0,45.0,at_station,,1.0
775,bus,12,15.0,50.0,at_station,,-1.0
775,bus,13,15.0,60.0,at_station,,1.0
775,bus,14,50.0,15.0,at_station,,-1.0
775,bus,15,50.0,25.0,at_station,,1.0
775,bus,16,25.0,60.0,at_station,,-1.0
775,bus,17,15.0,40.0,at_station,,1.0
775,bus,18,50.0,35.0,at_station,,-1.0
775,bus,19,40.0,15.0,at_station,,1.0
775,bus,20,45.0,60.0,at_station,,-1.0
775,bus,21,15.0,20.0,at_station,,1.0
775,bus,22,50.0,55.0,at_station,,-1.0
775,bus,23,20.0,15.0,at_station,,1.0
776,drone,0,41.0,49.0,idle,196.90600282460017,
776,drone,1,22.0,22.0,idle,257.9149765921856,
776,bus,0,15.0,10.0,at_station,,1.0
776,bus,1,55.0,60.0,at_station,,-1.0
776,bus,2,10.0,15.0,at_station,,1.0
776,bus,3,50.0,65.0,at_station,,-1.0
776,bus,4,15.0,10.0,at_station,,-1.0
776,bus,5,55.0,60.0,at_station,,1.0
776,bus,6,10.0,15.0,at_station,,-1.0
776,bus,7,50.0,65.0,at_station,,1.0
776,bus,8,15.0,30.0,at_station,,-1.0
776,bus,9,35.0,60.0,at_station,,1.0
776,bus,10,30.0,15.0,at_station,,-1.0
776,bus,11,50.0,45.0,at_station,,1.0
776,bus,12,15.0,50.0,at_station,,-1.0
776,bus,13,15.0,60.0,at_station,,1.0
776,bus,14,50.0,15.0,at_station,,-1.0
776,bus,15,50.0,25.0,at_station,,1.0
776,bus,16,25.0,60.0,at_station,,-1.0
776,bus,17,15.0,40.0,at_station,,1.0
776,bus,18,50.0,35.0,at_station,,-1.0
776,bus,19,40.0,15.0,at_station,,1.0
776,bus,20,45.0,60.0,at_station,,-1.0
776,bus,21,15.0,20.0,at_station,,1.0
776,bus,22,50.0,55.0,at_station,,-1.0
776,bus,23,20.0,15.0,at_station,,1.0
777,drone,0,41.0,49.0,idle,196.90600282460017,
777,drone,1,22.0,22.0,idle,257.9149765921856,
777,bus,0,15.0,12.5,moving,,1.0
777,bus,1,52.5,60.0,moving,,-1.0
777,bus,2,12.5,15.0,moving,,1.0
777,bus,3,50.0,62.5,moving,,-1.0
777,bus,4,15.0,7.5,moving,,-1.0
777,bus,5,57.5,60.0,moving,,1.0
777,bus,6,7.5,15.0,moving,,-1.0
777,bus,7,50.0,67.5,moving,,1.0
777,bus,8,15.0,27.5,moving,,-1.0
777,bus,9,37.5,60.0,moving,,1.0
777,bus,10,27.5,15.0,moving,,-1.0
777,bus,11,50.0,47.5,moving,,1.0
777,bus,12,15.0,47.5,moving,,-1.0
777,bus,13,17.5,60.0,moving,,1.0
777,bus,14,47.5,15.0,moving,,-1.0
777,bus,15,50.0,27.5,moving,,1.0
777,bus,16,22.5,60.0,moving,,-1.0
777,bus,17,15.0,42.5,moving,,1.0
777,bus,18,50.0,32.5,moving,,-1.0
777,bus,19,42.5,15.0,moving,,1.0
777,bus,20,42.5,60.0,moving,,-1.0
777,bus,21,15.0,22.5,moving,,1.0
777,bus,22,50.0,52.5,moving,,-1.0
777,bus,23,22.5,15.0,moving,,1.0
778,drone,0,41.0,49.0,idle,196.90600282460017,
778,drone,1,22.0,22.0,idle,257.9149765921856,
778,bus,0,15.0,17.5,moving,,1.0
778,bus,1,47.5,60.0,moving,,-1.0
778,bus,2,17.5,15.0,moving,,1.0
778,bus,3,50.0,57.5,moving,,-1.0
778,bus,4,15.0,2.5,moving,,-1.0
778,bus,5,62.5,60.0,moving,,1.0
778,bus,6,2.5,15.0,moving,,-1.0
778,bus,7,50.0,72.5,moving,,1.0
778,bus,8,15.0,22.5,moving,,-1.0
778,bus,9,42.5,60.0,moving,,1.0
778,bus,10,22.5,15.0,moving,,-1.0
778,bus,11,50.0,52.5,moving,,1.0
778,bus,12,15.0,42.5,moving,,-1.0
778,bus,13,22.5,60.0,moving,,1.0
778,bus,14,42.5,15.0,moving,,-1.0
778,bus,15,50.0,32.5,moving,,1.0
778,bus,16,17.5,60.0,moving,,-1.0
778,bus,17,15.0,47.5,moving,,1.0
778,bus,18,50.0,27.5,moving,,-1.0
778,bus,19,47.5,15.0,moving,,1.0
778,bus,20,37.5,60.0,moving,,-1.0
778,bus,21,15.0,27.5,moving,,1.0
778,bus,22,50.0,47.5,moving,,-1.0
778,bus,23,27.5,15.0,moving,,1.0
779,drone,0,41.0,49.0,idle,196.90600282460017,
779,drone,1,22.0,22.0,idle,257.9149765921856,
779,bus,0,15.0,20.0,at_station,,1.0
779,bus,1,45.0,60.0,at_station,,-1.0
779,bus,2,20.0,15.0,at_station,,1.0
779,bus,3,50.0,55.0,at_station,,-1.0
779,bus,4,15.0,0.0,at_station,,-1.0
779,bus,5,65.0,60.0,at_station,,1.0
779,bus,6,0.0,15.0,at_station,,-1.0
779,bus,7,50.0,75.0,at_station,,1.0
779,bus,8,15.0,20.0,at_station,,-1.0
779,bus,9,45.0,60.0,at_station,,1.0
779,bus,10,20.0,15.0,at_station,,-1.0
779,bus,11,50.0,55.0,at_station,,1.0
779,bus,12,15.0,40.0,at_station,,-1.0
779,bus,13,25.0,60.0,at_station,,1.0
779,bus,14,40.0,15.0,at_station,,-1.0
779,bus,15,50.0,35.0,at_station,,1.0
779,bus,16,15.0,60.0,at_station,,-1.0
779,bus,17,15.0,50.0,at_station,,1.0
779,bus,18,50.0,25.0,at_station,,-1.0
779,bus,19,50.0,15.0,at_station,,1.0
779,bus,20,35.0,60.0,at_station,,-1.0
779,bus,21,15.0,30.0,at_station,,1.0
779,bus,22,50.0,45.0,at_station,,-1.0
779,bus,23,30.0,15.0,at_station,,1.0
780,drone,0,41.0,49.0,idle,196.90600282460017,
780,drone,1,22.0,22.0,idle,257.9149765921856,
780,bus,0,15.0,20.0,at_station,,1.0
780,bus,1,45.0,60.0,at_station,,-1.0
780,bus,2,20.0,15.0,at_station,,1.0
780,bus,3,50.0,55.0,at_station,,-1.0
780,bus,4,15.0,0.0,at_station,,-1.0
780,bus,5,65.0,60.0,at_station,,1.0
780,bus,6,0.0,15.0,at_station,,-1.0
780,bus,7,50.0,75.0,at_station,,1.0
780,bus,8,15.0,20.0,at_station,,-1.0
780,bus,9,45.0,60.0,at_station,,1.0
780,bus,10,20.0,15.0,at_station,,-1.0
780,bus,11,50.0,55.0,at_station,,1.0
780,bus,12,15.0,40.0,at_station,,-1.0
780,bus,13,25.0,60.0,at_station,,1.0
780,bus,14,40.0,15.0,at_station,,-1.0
780,bus,15,50.0,35.0,at_station,,1.0
780,bus,16,15.0,60.0,at_station,,-1.0
780,bus,17,15.0,50.0,at_station,,1.0
780,bus,18,50.0,25.0,at_station,,-1.0
780,bus,19,50.0,15.0,at_station,,1.0
780,bus,20,35.0,60.0,at_station,,-1.0
780,bus,21,15.0,30.0,at_station,,1.0
780,bus,22,50.0,45.0,at_station,,-1.0
780,bus,23,30.0,15.0,at_station,,1.0
781,drone,0,41.0,49.0,idle,196.90600282460017,
781,drone,1,22.0,22.0,idle,257.9149765921856,
781,bus,0,15.0,20.0,at_station,,1.0
781,bus,1,45.0,60.0,at_station,,-1.0
781,bus,2,20.0,15.0,at_station,,1.0
781,bus,3,50.0,55.0,at_station,,-1.0
781,bus,4,15.0,0.0,at_station,,-1.0
781,bus,5,65.0,60.0,at_station,,1.0
781,bus,6,0.0,15.0,at_station,,-1.0
781,bus,7,50.0,75.0,at_station,,1.0
781,bus,8,15.0,20.0,at_station,,-1.0
781,bus,9,45.0,60.0,at_station,,1.0
781,bus,10,20.0,15.0,at_station,,-1.0
781,bus,11,50.0,55.0,at_station,,1.0
781,bus,12,15.0,40.0,at_station,,-1.0
781,bus,13,25.0,60.0,at_station,,1.0
781,bus,14,40.0,15.0,at_station,,-1.0
781,bus,15,50.0,35.0,at_station,,1.0
781,bus,16,15.0,60.0,at_station,,-1.0
781,bus,17,15.0,50.0,at_station,,1.0
781,bus,18,50.0,25.0,at_station,,-1.0
781,bus,19,50.0,15.0,at_station,,1.0
781,bus,20,35.0,60.0,at_station,,-1.0
781,bus,21,15.0,30.0,at_station,,1.0
781,bus,22,50.0,45.0,at_station,,-1.0
781,bus,23,30.0,15.0,at_station,,1.0
782,drone,0,41.0,49.0,idle,196.90600282460017,
782,drone,1,22.0,22.0,idle,257.9149765921856,
782,bus,0,15.0,22.5,moving,,1.0
782,bus,1,42.5,60.0,moving,,-1.0
782,bus,2,22.5,15.0,moving,,1.0
782,bus,3,50.0,52.5,moving,,-1.0
782,bus,4,15.0,2.5,moving,,1.0
782,bus,5,62.5,60.0,moving,,-1.0
782,bus,6,2.5,15.0,moving,,1.0
782,bus,7,50.0,72.5,moving,,-1.0
782,bus,8,15.0,17.5,moving,,-1.0
782,bus,9,47.5,60.0,moving,,1.0
782,bus,10,17.5,15.0,moving,,-1.0
782,bus,11,50.0,57.5,moving,,1.0
782,bus,12,15.0,37.5,moving,,-1.0
782,bus,13,27.5,60.0,moving,,1.0
782,bus,14,37.5,15.0,moving,,-1.0
782,bus,15,50.0,37.5,moving,,1.0
782,bus,16,15.0,57.5,moving,,-1.0
782,bus,17,15.0,52.5,moving,,1.0
782,bus,18,50.0,22.5,moving,,-1.0
782,bus,19,50.0,17.5,moving,,1.0
782,bus,20,32.5,60.0,moving,,-1.0
782,bus,21,15.0,32.5,moving,,1.0
782,bus,22,50.0,42.5,moving,,-1.0
782,bus,23,32.5,15.0,moving,,1.0
783,drone,0,41.0,49.0,idle,196.90600282460017,
783,drone,1,22.0,22.0,idle,257.9149765921856,
783,bus,0,15.0,27.5,moving,,1.0
783,bus,1,37.5,60.0,moving,,-1.0
783,bus,2,27.5,15.0,moving,,1.0
783,bus,3,50.0,47.5,moving,,-1.0
783,bus,4,15.0,7.5,moving,,1.0
783,bus,5,57.5,60.0,moving,,-1.0
783,bus,6,7.5,15.0,moving,,1.0
783,bus,7,50.0,67.5,moving,,-1.0
783,bus,8,15.0,12.5,moving,,-1.0
783,bus,9,52.5,60.0,moving,,1.0
783,bus,10,12.5,15.0,moving,,-1.0
783,bus,11,50.0,62.5,moving,,1.0
783,bus,12,15.0,32.5,moving,,-1.0
783,bus,13,32.5,60.0,moving,,1.0
783,bus,14,32.5,15.0,moving,,-1.0
783,bus,15,50.0,42.5,moving,,1.0
783,bus,16,15.0,52.5,moving,,-1.0
783,bus,17,15.0,57.5,moving,,1.0
783,bus,18,50.0,17.5,moving,,-1.0
783,bus,19,50.0,22.5,moving,,1.0
783,bus,20,27.5,60.0,moving,,-1.0
783,bus,21,15.0,37.5,moving,,1.0
783,bus,22,50.0,37.5,moving,,-1.0
783,bus,23,37.5,15.0,moving,,1.0
784,drone,0,41.0,49.0,idle,196.90600282460017,
784,drone,1,22.0,22.0,idle,257.9149765921856,
784,bus,0,15.0,30.0,at_station,,1.0
784,bus,1,35.0,60.0,at_station,,-1.0
784,bus,2,30.0,15.0,at_station,,1.0
784,bus,3,50.0,45.0,at_station,,-1.0
784,bus,4,15.0,10.0,at_station,,1.0
784,bus,5,55.0,60.0,at_station,,-1.0
784,bus,6,10.0,15.0,at_station,,1.0
784,bus,7,50.0,65.0,at_station,,-1.0
784,bus,8,15.0,10.0,at_station,,-1.0
784,bus,9,55.0,60.0,at_station,,1.0
784,bus,10,10.0,15.0,at_station,,-1.0
784,bus,11,50.0,65.0,at_station,,1.0
784,bus,12,15.0,30.0,at_station,,-1.0
784,bus,13,35.0,60.0,at_station,,1.0
784,bus,14,30.0,15.0,at_station,,-1.0
784,bus,15,50.0,45.0,at_station,,1.0
784,bus,16,15.0,50.0,at_station,,-1.0
784,bus,17,15.0,60.0,at_station,,1.0
784,bus,18,50.0,15.0,at_station,,-1.0
784,bus,19,50.0,25.0,at_station,,1.0
784,bus,20,25.0,60.0,at_station,,-1.0
784,bus,21,15.0,40.0,at_station,,1.0
784,bus,22,50.0,35.0,at_station,,-1.0
784,bus,23,40.0,15.0,at_station,,1.0
785,drone,0,41.0,49.0,idle,196.90600282460017,
785,drone,1,22.0,22.0,idle,257.9149765921856,
785,bus,0,15.0,30.0,at_station,,1.0
785,bus,1,35.0,60.0,at_station,,-1.0
785,bus,2,30.0,15.0,at_station,,1.0
785,bus,3,50.0,45.0,at_station,,-1.0
785,bus,4,15.0,10.0,at_station,,1.0
785,bus,5,55.0,60.0,at_station,,-1.0
785,bus,6,10.0,15.0,at_station,,1.0
785,bus,7,50.0,65.0,at_station,,-1.0
785,bus,8,15.0,10.0,at_station,,-1.0
785,bus,9,55.0,60.0,at_station,,1.0
785,bus,10,10.0,15.0,at_station,,-1.0
785,bus,11,50.0,65.0,at_station,,1.0
785,bus,12,15.0,30.0,at_station,,-1.0
785,bus,13,35.0,60.0,at_station,,1.0
785,bus,14,30.0,15.0,at_station,,-1.0
785,bus,15,50.0,45.0,at_station,,1.0
785,bus,16,15.0,50.0,at_station,,-1.0
785,bus,17,15.0,60.0,at_station,,1.0
785,bus,18,50.0,15.0,at_station,,-1.0
785,bus,19,50.0,25.0,at_station,,1.0
785,bus,20,25.0,60.0,at_station,,-1.0
785,bus,21,15.0,40.0,at_station,,1.0
785,bus,22,50.0,35.0,at_station,,-1.0
785,bus,23,40.0,15.0,at_station,,1.0
786,drone,0,41.0,49.0,idle,196.90600282460017,
786,drone,1,22.0,22.0,idle,257.9149765921856,
786,bus,0,15.0,30.0,at_station,,1.0
786,bus,1,35.0,60.0,at_station,,-1.0
786,bus,2,30.0,15.0,at_station,,1.0
786,bus,3,50.0,45.0,at_station,,-1.0
786,bus,4,15.0,10.0,at_station,,1.0
786,bus,5,55.0,60.0,at_station,,-1.0
786,bus,6,10.0,15.0,at_station,,1.0
786,bus,7,50.0,65.0,at_station,,-1.0
786,bus,8,15.0,10.0,at_station,,-1.0
786,bus,9,55.0,60.0,at_station,,1.0
786,bus,10,10.0,15.0,at_station,,-1.0
786,bus,11,50.0,65.0,at_station,,1.0
786,bus,12,15.0,30.0,at_station,,-1.0
786,bus,13,35.0,60.0,at_station,,1.0
786,bus,14,30.0,15.0,at_station,,-1.0
786,bus,15,50.0,45.0,at_station,,1.0
786,bus,16,15.0,50.0,at_station,,-1.0
786,bus,17,15.0,60.0,at_station,,1.0
786,bus,18,50.0,15.0,at_station,,-1.0
786,bus,19,50.0,25.0,at_station,,1.0
786,bus,20,25.0,60.0,at_station,,-1.0
786,bus,21,15.0,40.0,at_station,,1.0
786,bus,22,50.0,35.0,at_station,,-1.0
786,bus,23,40.0,15.0,at_station,,1.0
787,drone,0,41.0,49.0,idle,196.90600282460017,
787,drone,1,22.0,22.0,idle,257.9149765921856,
787,bus,0,15.0,32.5,moving,,1.0
787,bus,1,32.5,60.0,moving,,-1.0
787,bus,2,32.5,15.0,moving,,1.0
787,bus,3,50.0,42.5,moving,,-1.0
787,bus,4,15.0,12.5,moving,,1.0
787,bus,5,52.5,60.0,moving,,-1.0
787,bus,6,12.5,15.0,moving,,1.0
787,bus,7,50.0,62.5,moving,,-1.0
787,bus,8,15.0,7.5,moving,,-1.0
787,bus,9,57.5,60.0,moving,,1.0
787,bus,10,7.5,15.0,moving,,-1.0
787,bus,11,50.0,67.5,moving,,1.0
787,bus,12,15.0,27.5,moving,,-1.0
787,bus,13,37.5,60.0,moving,,1.0
787,bus,14,27.5,15.0,moving,,-1.0
787,bus,15,50.0,47.5,moving,,1.0
787,bus,16,15.0,47.5,moving,,-1.0
787,bus,17,17.5,60.0,moving,,1.0
787,bus,18,47.5,15.0,moving,,-1.0
787,bus,19,50.0,27.5,moving,,1.0
787,bus,20,22.5,60.0,moving,,-1.0
787,bus,21,15.0,42.5,moving,,1.0
787,bus,22,50.0,32.5,moving,,-1.0
787,bus,23,42.5,15.0,moving,,1.0
788,drone,0,41.0,49.0,idle,196.90600282460017,
788,drone,1,22.0,22.0,idle,257.9149765921856,
788,bus,0,15.0,37.5,moving,,1.0
788,bus,1,27.5,60.0,moving,,-1.0
788,bus,2,37.5,15.0,moving,,1.0
788,bus,3,50.0,37.5,moving,,-1.0
788,bus,4,15.0,17.5,moving,,1.0
788,bus,5,47.5,60.0,moving,,-1.0
788,bus,6,17.5,15.0,moving,,1.0
788,bus,7,50.0,57.5,moving,,-1.0
788,bus,8,15.0,2.5,moving,,-1.0
788,bus,9,62.5,60.0,moving,,1.0
788,bus,10,2.5,15.0,moving,,-1.0
788,bus,11,50.0,72.5,moving,,1.0
788,bus,12,15.0,22.5,moving,,-1.0
788,bus,13,42.5,60.0,moving,,1.0
788,bus,14,22.5,15.0,moving,,-1.0
788,bus,15,50.0,52.5,moving,,1.0
788,bus,16,15.0,42.5,moving,,-1.0
788,bus,17,22.5,60.0,moving,,1.0
788,bus,18,42.5,15.0,moving,,-1.0
788,bus,19,50.0,32.5,moving,,1.0
788,bus,20,17.5,60.0,moving,,-1.0
788,bus,21,15.0,47.5,moving,,1.0
788,bus,22,50.0,27.5,moving,,-1.0
788,bus,23,47.5,15.0,moving,,1.0
789,drone,0,41.0,49.0,idle,196.90600282460017,
789,drone,1,22.0,22.0,idle,257.9149765921856,
789,bus,0,15.0,40.0,at_station,,1.0
789,bus,1,25.0,60.0,at_station,,-1.0
789,bus,2,40.0,15.0,at_station,,1.0
789,bus,3,50.0,35.0,at_station,,-1.0
789,bus,4,15.0,20.0,at_station,,1.0
789,bus,5,45.0,60.0,at_station,,-1.0
789,bus,6,20.0,15.0,at_station,,1.0
789,bus,7,50.0,55.0,at_station,,-1.0
789,bus,8,15.0,0.0,at_station,,-1.0
789,bus,9,65.0,60.0,at_station,,1.0
789,bus,10,0.0,15.0,at_station,,-1.0
789,bus,11,50.0,75.0,at_station,,1.0
789,bus,12,15.0,20.0,at_station,,-1.0
789,bus,13,45.0,60.0,at_station,,1.0
789,bus,14,20.0,15.0,at_station,,-1.0
789,bus,15,50.0,55.0,at_station,,1.0
789,bus,16,15.0,40.0,at_station,,-1.0
789,bus,17,25.0,60.0,at_station,,1.0
789,bus,18,40.0,15.0,at_station,,-1.0
789,bus,19,50.0,35.0,at_station,,1.0
789,bus,20,15.0,60.0,at_station,,-1.0
789,bus,21,15.0,50.0,at_station,,1.0
789,bus,22,50.0,25.0,at_station,,-1.0
789,bus,23,50.0,15.0,at_station,,1.0
790,drone,0,41.0,49.0,idle,196.90600282460017,
790,drone,1,22.0,22.0,idle,257.9149765921856,
790,bus,0,15.0,40.0,at_station,,1.0
790,bus,1,25.0,60.0,at_station,,-1.0
790,bus,2,40.0,15.0,at_station,,1.0
790,bus,3,50.0,35.0,at_station,,-1.0
790,bus,4,15.0,20.0,at_station,,1.0
790,bus,5,45.0,60.0,at_station,,-1.0
790,bus,6,20.0,15.0,at_station,,1.0
790,bus,7,50.0,55.0,at_station,,-1.0
790,bus,8,15.0,0.0,at_station,,-1.0
790,bus,9,65.0,60.0,at_station,,1.0
790,bus,10,0.0,15.0,at_station,,-1.0
790,bus,11,50.0,75.0,at_station,,1.0
790,bus,12,15.0,20.0,at_station,,-1.0
790,bus,13,45.0,60.0,at_station,,1.0
790,bus,14,20.0,15.0,at_station,,-1.0
790,bus,15,50.0,55.0,at_station,,1.0
790,bus,16,15.0,40.0,at_station,,-1.0
790,bus,17,25.0,60.0,at_station,,1.0
790,bus,18,40.0,15.0,at_station,,-1.0
790,bus,19,50.0,35.0,at_station,,1.0
790,bus,20,15.0,60.0,at_station,,-1.0
790,bus,21,15.0,50.0,at_station,,1.0
790,bus,22,50.0,25.0,at_station,,-1.0
790,bus,23,50.0,15.0,at_station,,1.0
791,drone,0,41.0,49.0,idle,196.90600282460017,
791,drone,1,22.0,22.0,idle,257.9149765921856,
791,bus,0,15.0,40.0,at_station,,1.0
791,bus,1,25.0,60.0,at_station,,-1.0
791,bus,2,40.0,15.0,at_station,,1.0
791,bus,3,50.0,35.0,at_station,,-1.0
791,bus,4,15.0,20.0,at_station,,1.0
791,bus,5,45.0,60.0,at_station,,-1.0
791,bus,6,20.0,15.0,at_station,,1.0
791,bus,7,50.0,55.0,at_station,,-1.0
791,bus,8,15.0,0.0,at_station,,-1.0
791,bus,9,65.0,60.0,at_station,,1.0
791,bus,10,0.0,15.0,at_station,,-1.0
791,bus,11,50.0,75.0,at_station,,1.0
791,bus,12,15.0,20.0,at_station,,-1.0
791,bus,13,45.0,60.0,at_station,,1.0
791,bus,14,20.0,15.0,at_station,,-1.0
791,bus,15,50.0,55.0,at_station,,1.0
791,bus,16,15.0,40.0,at_station,,-1.0
791,bus,17,25.0,60.0,at_station,,1.0
791,bus,18,40.0,15.0,at_station,,-1.0
791,bus,19,50.0,35.0,at_station,,1.0
791,bus,20,15.0,60.0,at_station,,-1.0
791,bus,21,15.0,50.0,at_station,,1.0
791,bus,22,50.0,25.0,at_station,,-1.0
791,bus,23,50.0,15.0,at_station,,1.0
792,drone,0,41.0,49.0,idle,196.90600282460017,
792,drone,1,22.0,22.0,idle,257.9149765921856,
792,bus,0,15.0,42.5,moving,,1.0
792,bus,1,22.5,60.0,moving,,-1.0
792,bus,2,42.5,15.0,moving,,1.0
792,bus,3,50.0,32.5,moving,,-1.0
792,bus,4,15.0,22.5,moving,,1.0
792,bus,5,42.5,60.0,moving,,-1.0
792,bus,6,22.5,15.0,moving,,1.0
792,bus,7,50.0,52.5,moving,,-1.0
792,bus,8,15.0,2.5,moving,,1.0
792,bus,9,62.5,60.0,moving,,-1.0
792,bus,10,2.5,15.0,moving,,1.0
792,bus,11,50.0,72.5,moving,,-1.0
792,bus,12,15.0,17.5,moving,,-1.0
792,bus,13,47.5,60.0,moving,,1.0
792,bus,14,17.5,15.0,moving,,-1.0
792,bus,15,50.0,57.5,moving,,1.0
792,bus,16,15.0,37.5,moving,,-1.0
792,bus,17,27.5,60.0,moving,,1.0
792,bus,18,37.5,15.0,moving,,-1.0
792,bus,19,50.0,37.5,moving,,1.0
792,bus,20,15.0,57.5,moving,,-1.0
792,bus,21,15.0,52.5,moving,,1.0
792,bus,22,50.0,22.5,moving,,-1.0
792,bus,23,50.0,17.5,moving,,1.0
793,drone,0,41.0,49.0,idle,196.90600282460017,
793,drone,1,22.0,22.0,idle,257.9149765921856,
793,bus,0,15.0,47.5,moving,,1.0
793,bus,1,17.5,60.0,moving,,-1.0
793,bus,2,47.5,15.0,moving,,1.0
793,bus,3,50.0,27.5,moving,,-1.0
793,bus,4,15.0,27.5,moving,,1.0
793,bus,5,37.5,60.0,moving,,-1.0
793,bus,6,27.5,15.0,moving,,1.0
793,bus,7,50.0,47.5,moving,,-1.0
793,bus,8,15.0,7.5,moving,,1.0
793,bus,9,57.5,60.0,moving,,-1.0
793,bus,10,7.5,15.0,moving,,1.0
793,bus,11,50.0,67.5,moving,,-1.0
793,bus,12,15.0,12.5,moving,,-1.0
793,bus,13,52.5,60.0,moving,,1.0
793,bus,14,12.5,15.0,moving,,-1.0
793,bus,15,50.0,62.5,moving,,1.0
793,bus,16,15.0,32.5,moving,,-1.0
793,bus,17,32.5,60.0,moving,,1.0
793,bus,18,32.5,15.0,moving,,-1.0
793,bus,19,50.0,42.5,moving,,1.0
793,bus,20,15.0,52.5,moving,,-1.0
793,bus,21,15.0,57.5,moving,,1.0
793,bus,22,50.0,17.5,moving,,-1.0
793,bus,23,50.0,22.5,moving,,1.0
794,drone,0,41.0,49.0,idle,196.90600282460017,
794,drone,1,22.0,22.0,idle,257.9149765921856,
794,bus,0,15.0,50.0,at_station,,1.0
794,bus,1,15.0,60.0,at_station,,-1.0
794,bus,2,50.0,15.0,at_station,,1.0
794,bus,3,50.0,25.0,at_station,,-1.0
794,bus,4,15.0,30.0,at_station,,1.0
794,bus,5,35.0,60.0,at_station,,-1.0
794,bus,6,30.0,15.0,at_station,,1.0
794,bus,7,50.0,45.0,at_station,,-1.0
794,bus,8,15.0,10.0,at_station,,1.0
794,bus,9,55.0,60.0,at_station,,-1.0
794,bus,10,10.0,15.0,at_station,,1.0
794,bus,11,50.0,65.0,at_station,,-1.0
794,bus,12,15.0,10.0,at_station,,-1.0
794,bus,13,55.0,60.0,at_station,,1.0
794,bus,14,10.0,15.0,at_station,,-1.0
794,bus,15,50.0,65.0,at_station,,1.0
794,bus,16,15.0,30.0,at_station,,-1.0
794,bus,17,35.0,60.0,at_station,,1.0
794,bus,18,30.0,15.0,at_station,,-1.0
794,bus,19,50.0,45.0,at_station,,1.0
794,bus,20,15.0,50.0,at_station,,-1.0
794,bus,21,15.0,60.0,at_station,,1.0
794,bus,22,50.0,15.0,at_station,,-1.0
794,bus,23,50.0,25.0,at_station,,1.0
795,drone,0,41.0,49.0,idle,196.90600282460017,
795,drone,1,22.0,22.0,idle,257.9149765921856,
795,bus,0,15.0,50.0,at_station,,1.0
795,bus,1,15.0,60.0,at_station,,-1.0
795,bus,2,50.0,15.0,at_station,,1.0
795,bus,3,50.0,25.0,at_station,,-1.0
795,bus,4,15.0,30.0,at_station,,1.0
795,bus,5,35.0,60.0,at_station,,-1.0
795,bus,6,30.0,15.0,at_station,,1.0
795,bus,7,50.0,45.0,at_station,,-1.0
795,bus,8,15.0,10.0,at_station,,1.0
795,bus,9,55.0,60.0,at_station,,-1.0
795,bus,10,10.0,15.0,at_station,,1.0
795,bus,11,50.0,65.0,at_station,,-1.0
795,bus,12,15.0,10.0,at_station,,-1.0
795,bus,13,55.0,60.0,at_station,,1.0
795,bus,14,10.0,15.0,at_station,,-1.0
795,bus,15,50.0,65.0,at_station,,1.0
795,bus,16,15.0,30.0,at_station,,-1.0
795,bus,17,35.0,60.0,at_station,,1.0
795,bus,18,30.0,15.0,at_station,,-1.0
795,bus,19,50.0,45.0,at_station,,1.0
795,bus,20,15.0,50.0,at_station,,-1.0
795,bus,21,15.0,60.0,at_station,,1.0
795,bus,22,50.0,15.0,at_station,,-1.0
795,bus,23,50.0,25.0,at_station,,1.0
796,drone,0,41.0,49.0,idle,196.90600282460017,
796,drone,1,22.0,22.0,idle,257.9149765921856,
796,bus,0,15.0,50.0,at_station,,1.0
796,bus,1,15.0,60.0,at_station,,-1.0
796,bus,2,50.0,15.0,at_station,,1.0
796,bus,3,50.0,25.0,at_station,,-1.0
796,bus,4,15.0,30.0,at_station,,1.0
796,bus,5,35.0,60.0,at_station,,-1.0
796,bus,6,30.0,15.0,at_station,,1.0
796,bus,7,50.0,45.0,at_station,,-1.0
796,bus,8,15.0,10.0,at_station,,1.0
796,bus,9,55.0,60.0,at_station,,-1.0
796,bus,10,10.0,15.0,at_station,,1.0
796,bus,11,50.0,65.0,at_station,,-1.0
796,bus,12,15.0,10.0,at_station,,-1.0
796,bus,13,55.0,60.0,at_station,,1.0
796,bus,14,10.0,15.0,at_station,,-1.0
796,bus,15,50.0,65.0,at_station,,1.0
796,bus,16,15.0,30.0,at_station,,-1.0
796,bus,17,35.0,60.0,at_station,,1.0
796,bus,18,30.0,15.0,at_station,,-1.0
796,bus,19,50.0,45.0,at_station,,1.0
796,bus,20,15.0,50.0,at_station,,-1.0
796,bus,21,15.0,60.0,at_station,,1.0
796,bus,22,50.0,15.0,at_station,,-1.0
796,bus,23,50.0,25.0,at_station,,1.0
797,drone,0,41.0,49.0,idle,196.90600282460017,
797,drone,1,22.0,22.0,idle,257.9149765921856,
797,bus,0,15.0,52.5,moving,,1.0
797,bus,1,15.0,57.5,moving,,-1.0
797,bus,2,50.0,17.5,moving,,1.0
797,bus,3,50.0,22.5,moving,,-1.0
797,bus,4,15.0,32.5,moving,,1.0
797,bus,5,32.5,60.0,moving,,-1.0
797,bus,6,32.5,15.0,moving,,1.0
797,bus,7,50.0,42.5,moving,,-1.0
797,bus,8,15.0,12.5,moving,,1.0
797,bus,9,52.5,60.0,moving,,-1.0
797,bus,10,12.5,15.0,moving,,1.0
797,bus,11,50.0,62.5,moving,,-1.0
797,bus,12,15.0,7.5,moving,,-1.0
797,bus,13,57.5,60.0,moving,,1.0
797,bus,14,7.5,15.0,moving,,-1.0
797,bus,15,50.0,67.5,moving,,1.0
797,bus,16,15.0,27.5,moving,,-1.0
797,bus,17,37.5,60.0,moving,,1.0
797,bus,18,27.5,15.0,moving,,-1.0
797,bus,19,50.0,47.5,moving,,1.0
797,bus,20,15.0,47.5,moving,,-1.0
797,bus,21,17.5,60.0,moving,,1.0
797,bus,22,47.5,15.0,moving,,-1.0
797,bus,23,50.0,27.5,moving,,1.0
798,drone,0,41.0,49.0,idle,196.90600282460017,
798,drone,1,22.0,22.0,idle,257.9149765921856,
798,bus,0,15.0,57.5,moving,,1.0
798,bus,1,15.0,52.5,moving,,-1.0
798,bus,2,50.0,22.5,moving,,1.0
798,bus,3,50.0,17.5,moving,,-1.0
798,bus,4,15.0,37.5,moving,,1.0
798,bus,5,27.5,60.0,moving,,-1.0
798,bus,6,37.5,15.0,moving,,1.0
798,bus,7,50.0,37.5,moving,,-1.0
798,bus,8,15.0,17.5,moving,,1.0
798,bus,9,47.5,60.0,moving,,-1.0
798,bus,10,17.5,15.0,moving,,1.0
798,bus,11,50.0,57.5,moving,,-1.0
798,bus,12,15.0,2.5,moving,,-1.0
798,bus,13,62.5,60.0,moving,,1.0
798,bus,14,2.5,15.0,moving,,-1.0
798,bus,15,50.0,72.5,moving,,1.0
798,bus,16,15.0,22.5,moving,,-1.0
798,bus,17,42.5,60.0,moving,,1.0
798,bus,18,22.5,15.0,moving,,-1.0
798,bus,19,50.0,52.5,moving,,1.0
798,bus,20,15.0,42.5,moving,,-1.0
798,bus,21,22.5,60.0,moving,,1.0
798,bus,22,42.5,15.0,moving,,-1.0
798,bus,23,50.0,32.5,moving,,1.0
799,drone,0,41.0,49.0,idle,196.90600282460017,
799,drone,1,22.0,22.0,idle,257.9149765921856,
799,bus,0,15.0,60.0,at_station,,1.0
799,bus,1,15.0,50.0,at_station,,-1.0
799,bus,2,50.0,25.0,at_station,,1.0
799,bus,3,50.0,15.0,at_station,,-1.0
799,bus,4,15.0,40.0,at_station,,1.0
799,bus,5,25.0,60.0,at_station,,-1.0
799,bus,6,40.0,15.0,at_station,,1.0
799,bus,7,50.0,35.0,at_station,,-1.0
799,bus,8,15.0,20.0,at_station,,1.0
799,bus,9,45.0,60.0,at_station,,-1.0
799,bus,10,20.0,15.0,at_station,,1.0
799,bus,11,50.0,55.0,at_station,,-1.0
799,bus,12,15.0,0.0,at_station,,-1.0
799,bus,13,65.0,60.0,at_station,,1.0
799,bus,14,0.0,15.0,at_station,,-1.0
799,bus,15,50.0,75.0,at_station,,1.0
799,bus,16,15.0,20.0,at_station,,-1.0
799,bus,17,45.0,60.0,at_station,,1.0
799,bus,18,20.0,15.0,at_station,,-1.0
799,bus,19,50.0,55.0,at_station,,1.0
799,bus,20,15.0,40.0,at_station,,-1.0
799,bus,21,25.0,60.0,at_station,,1.0
799,bus,22,40.0,15.0,at_station,,-1.0
799,bus,23,50.0,35.0,at_station,,1.0
800,drone,0,41.0,49.0,idle,196.90600282460017,
800,drone,1,22.0,22.0,idle,257.9149765921856,
800,bus,0,15.0,60.0,at_station,,1.0
800,bus,1,15.0,50.0,at_station,,-1.0
800,bus,2,50.0,25.0,at_station,,1.0
800,bus,3,50.0,15.0,at_station,,-1.0
800,bus,4,15.0,40.0,at_station,,1.0
800,bus,5,25.0,60.0,at_station,,-1.0
800,bus,6,40.0,15.0,at_station,,1.0
800,bus,7,50.0,35.0,at_station,,-1.0
800,bus,8,15.0,20.0,at_station,,1.0
800,bus,9,45.0,60.0,at_station,,-1.0
800,bus,10,20.0,15.0,at_station,,1.0
800,bus,11,50.0,55.0,at_station,,-1.0
800,bus,12,15.0,0.0,at_station,,-1.0
800,bus,13,65.0,60.0,at_station,,1.0
800,bus,14,0.0,15.0,at_station,,-1.0
800,bus,15,50.0,75.0,at_station,,1.0
800,bus,16,15.0,20.0,at_station,,-1.0
800,bus,17,45.0,60.0,at_station,,1.0
800,bus,18,20.0,15.0,at_station,,-1.0
800,bus,19,50.0,55.0,at_station,,1.0
800,bus,20,15.0,40.0,at_station,,-1.0
800,bus,21,25.0,60.0,at_station,,1.0
800,bus,22,40.0,15.0,at_station,,-1.0
800,bus,23,50.0,35.0,at_station,,1.0
801,drone,0,41.0,49.0,idle,196.90600282460017,
801,drone,1,22.0,22.0,idle,257.9149765921856,
801,bus,0,15.0,60.0,at_station,,1.0
801,bus,1,15.0,50.0,at_station,,-1.0
801,bus,2,50.0,25.0,at_station,,1.0
801,bus,3,50.0,15.0,at_station,,-1.0
801,bus,4,15.0,40.0,at_station,,1.0
801,bus,5,25.0,60.0,at_station,,-1.0
801,bus,6,40.0,15.0,at_station,,1.0
801,bus,7,50.0,35.0,at_station,,-1.0
801,bus,8,15.0,20.0,at_station,,1.0
801,bus,9,45.0,60.0,at_station,,-1.0
801,bus,10,20.0,15.0,at_station,,1.0
801,bus,11,50.0,55.0,at_station,,-1.0
801,bus,12,15.0,0.0,at_station,,-1.0
801,bus,13,65.0,60.0,at_station,,1.0
801,bus,14,0.0,15.0,at_station,,-1.0
801,bus,15,50.0,75.0,at_station,,1.0
801,bus,16,15.0,20.0,at_station,,-1.0
801,bus,17,45.0,60.0,at_station,,1.0
801,bus,18,20.0,15.0,at_station,,-1.0
801,bus,19,50.0,55.0,at_station,,1.0
801,bus,20,15.0,40.0,at_station,,-1.0
801,bus,21,25.0,60.0,at_station,,1.0
801,bus,22,40.0,15.0,at_station,,-1.0
801,bus,23,50.0,35.0,at_station,,1.0
802,drone,0,41.0,49.0,idle,196.90600282460017,
802,drone,1,22.0,22.0,idle,257.9149765921856,
802,bus,0,17.5,60.0,moving,,1.0
802,bus,1,15.0,47.5,moving,,-1.0
802,bus,2,50.0,27.5,moving,,1.0
802,bus,3,47.5,15.0,moving,,-1.0
802,bus,4,15.0,42.5,moving,,1.0
802,bus,5,22.5,60.0,moving,,-1.0
802,bus,6,42.5,15.0,moving,,1.0
802,bus,7,50.0,32.5,moving,,-1.0
802,bus,8,15.0,22.5,moving,,1.0
802,bus,9,42.5,60.0,moving,,-1.0
802,bus,10,22.5,15.0,moving,,1.0
802,bus,11,50.0,52.5,moving,,-1.0
802,bus,12,15.0,2.5,moving,,1.0
802,bus,13,62.5,60.0,moving,,-1.0
802,bus,14,2.5,15.0,moving,,1.0
802,bus,15,50.0,72.5,moving,,-1.0
802,bus,16,15.0,17.5,moving,,-1.0
802,bus,17,47.5,60.0,moving,,1.0
802,bus,18,17.5,15.0,moving,,-1.0
802,bus,19,50.0,57.5,moving,,1.0
802,bus,20,15.0,37.5,moving,,-1.0
802,bus,21,27.5,60.0,moving,,1.0
802,bus,22,37.5,15.0,moving,,-1.0
802,bus,23,50.0,37.5,moving,,1.0
803,drone,0,41.0,49.0,idle,196.90600282460017,
803,drone,1,22.0,22.0,idle,257.9149765921856,
803,bus,0,22.5,60.0,moving,,1.0
803,bus,1,15.0,42.5,moving,,-1.0
803,bus,2,50.0,32.5,moving,,1.0
803,bus,3,42.5,15.0,moving,,-1.0
803,bus,4,15.0,47.5,moving,,1.0
803,bus,5,17.5,60.0,moving,,-1.0
803,bus,6,47.5,15.0,moving,,1.0
803,bus,7,50.0,27.5,moving,,-1.0
803,bus,8,15.0,27.5,moving,,1.0
803,bus,9,37.5,60.0,moving,,-1.0
803,bus,10,27.5,15.0,moving,,1.0
803,bus,11,50.0,47.5,moving,,-1.0
803,bus,12,15.0,7.5,moving,,1.0
803,bus,13,57.5,60.0,moving,,-1.0
803,bus,14,7.5,15.0,moving,,1.0
803,bus,15,50.0,67.5,moving,,-1.0
803,bus,16,15.0,12.5,moving,,-1.0
803,bus,17,52.5,60.0,moving,,1.0
803,bus,18,12.5,15.0,moving,,-1.0
803,bus,19,50.0,62.5,moving,,1.0
803,bus,20,15.0,32.5,moving,,-1.0
803,bus,21,32.5,60.0,moving,,1.0
803,bus,22,32.5,15.0,moving,,-1.0
803,bus,23,50.0,42.5,moving,,1.0
804,drone,0,41.0,49.0,idle,196.90600282460017,
804,drone,1,22.0,22.0,idle,257.9149765921856,
804,bus,0,25.0,60.0,at_station,,1.0
804,bus,1,15.0,40.0,at_station,,-1.0
804,bus,2,50.0,35.0,at_station,,1.0
804,bus,3,40.0,15.0,at_station,,-1.0
804,bus,4,15.0,50.0,at_station,,1.0
804,bus,5,15.0,60.0,at_station,,-1.0
804,bus,6,50.0,15.0,at_station,,1.0
804,bus,7,50.0,25.0,at_station,,-1.0
804,bus,8,15.0,30.0,at_station,,1.0
804,bus,9,35.0,60.0,at_station,,-1.0
804,bus,10,30.0,15.0,at_station,,1.0
804,bus,11,50.0,45.0,at_station,,-1.0
804,bus,12,15.0,10.0,at_station,,1.0
804,bus,13,55.0,60.0,at_station,,-1.0
804,bus,14,10.0,15.0,at_station,,1.0
804,bus,15,50.0,65.0,at_station,,-1.0
804,bus,16,15.0,10.0,at_station,,-1.0
804,bus,17,55.0,60.0,at_station,,1.0
804,bus,18,10.0,15.0,at_station,,-1.0
804,bus,19,50.0,65.0,at_station,,1.0
804,bus,20,15.0,30.0,at_station,,-1.0
804,bus,21,35.0,60.0,at_station,,1.0
804,bus,22,30.0,15.0,at_station,,-1.0
804,bus,23,50.0,45.0,at_station,,1.0
805,drone,0,41.0,49.0,idle,196.90600282460017,
805,drone,1,22.0,22.0,idle,257.9149765921856,
805,bus,0,25.0,60.0,at_station,,1.0
805,bus,1,15.0,40.0,at_station,,-1.0
805,bus,2,50.0,35.0,at_station,,1.0
805,bus,3,40.0,15.0,at_station,,-1.0
805,bus,4,15.0,50.0,at_station,,1.0
805,bus,5,15.0,60.0,at_station,,-1.0
805,bus,6,50.0,15.0,at_station,,1.0
805,bus,7,50.0,25.0,at_station,,-1.0
805,bus,8,15.0,30.0,at_station,,1.0
805,bus,9,35.0,60.0,at_station,,-1.0
805,bus,10,30.0,15.0,at_station,,1.0
805,bus,11,50.0,45.0,at_station,,-1.0
805,bus,12,15.0,10.0,at_station,,1.0
805,bus,13,55.0,60.0,at_station,,-1.0
805,bus,14,10.0,15.0,at_station,,1.0
805,bus,15,50.0,65.0,at_station,,-1.0
805,bus,16,15.0,10.0,at_station,,-1.0
805,bus,17,55.0,60.0,at_station,,1.0
805,bus,18,10.0,15.0,at_station,,-1.0
805,bus,19,50.0,65.0,at_station,,1.0
805,bus,20,15.0,30.0,at_station,,-1.0
805,bus,21,35.0,60.0,at_station,,1.0
805,bus,22,30.0,15.0,at_station,,-1.0
805,bus,23,50.0,45.0,at_station,,1.0
806,drone,0,41.0,49.0,idle,196.90600282460017,
806,drone,1,22.0,22.0,idle,257.9149765921856,
806,bus,0,25.0,60.0,at_station,,1.0
806,bus,1,15.0,40.0,at_station,,-1.0
806,bus,2,50.0,35.0,at_station,,1.0
806,bus,3,40.0,15.0,at_station,,-1.0
806,bus,4,15.0,50.0,at_station,,1.0
806,bus,5,15.0,60.0,at_station,,-1.0
806,bus,6,50.0,15.0,at_station,,1.0
806,bus,7,50.0,25.0,at_station,,-1.0
806,bus,8,15.0,30.0,at_station,,1.0
806,bus,9,35.0,60.0,at_station,,-1.0
806,bus,10,30.0,15.0,at_station,,1.0
806,bus,11,50.0,45.0,at_station,,-1.0
806,bus,12,15.0,10.0,at_station,,1.0
806,bus,13,55.0,60.0,at_station,,-1.0
806,bus,14,10.0,15.0,at_station,,1.0
806,bus,15,50.0,65.0,at_station,,-1.0
806,bus,16,15.0,10.0,at_station,,-1.0
806,bus,17,55.0,60.0,at_station,,1.0
806,bus,18,10.0,15.0,at_station,,-1.0
806,bus,19,50.0,65.0,at_station,,1.0
806,bus,20,15.0,30.0,at_station,,-1.0
806,bus,21,35.0,60.0,at_station,,1.0
806,bus,22,30.0,15.0,at_station,,-1.0
806,bus,23,50.0,45.0,at_station,,1.0
807,drone,0,41.0,49.0,idle,196.90600282460017,
807,drone,1,22.0,22.0,idle,257.9149765921856,
807,bus,0,27.5,60.0,moving,,1.0
807,bus,1,15.0,37.5,moving,,-1.0
807,bus,2,50.0,37.5,moving,,1.0
807,bus,3,37.5,15.0,moving,,-1.0
807,bus,4,15.0,52.5,moving,,1.0
807,bus,5,15.0,57.5,moving,,-1.0
807,bus,6,50.0,17.5,moving,,1.0
807,bus,7,50.0,22.5,moving,,-1.0
807,bus,8,15.0,32.5,moving,,1.0
807,bus,9,32.5,60.0,moving,,-1.0
807,bus,10,32.5,15.0,moving,,1.0
807,bus,11,50.0,42.5,moving,,-1.0
807,bus,12,15.0,12.5,moving,,1.0
807,bus,13,52.5,60.0,moving,,-1.0
807,bus,14,12.5,15.0,moving,,1.0
807,bus,15,50.0,62.5,moving,,-1.0
807,bus,16,15.0,7.5,moving,,-1.0
807,bus,17,57.5,60.0,moving,,1.0
807,bus,18,7.5,15.0,moving,,-1.0
807,bus,19,50.0,67.5,moving,,1.0
807,bus,20,15.0,27.5,moving,,-1.0
807,bus,21,37.5,60.0,moving,,1.0
807,bus,22,27.5,15.0,moving,,-1.0
807,bus,23,50.0,47.5,moving,,1.0
808,drone,0,41.0,49.0,idle,196.90600282460017,
808,drone,1,22.0,22.0,idle,257.9149765921856,
808,bus,0,32.5,60.0,moving,,1.0
808,bus,1,15.0,32.5,moving,,-1.0
808,bus,2,50.0,42.5,moving,,1.0
808,bus,3,32.5,15.0,moving,,-1.0
808,bus,4,15.0,57.5,moving,,1.0
808,bus,5,15.0,52.5,moving,,-1.0
808,bus,6,50.0,22.5,moving,,1.0
808,bus,7,50.0,17.5,moving,,-1.0
808,bus,8,15.0,37.5,moving,,1.0
808,bus,9,27.5,60.0,moving,,-1.0
808,bus,10,37.5,15.0,moving,,1.0
808,bus,11,50.0,37.5,moving,,-1.0
808,bus,12,15.0,17.5,moving,,1.0
808,bus,13,47.5,60.0,moving,,-1.0
808,bus,14,17.5,15.0,moving,,1.0
808,bus,15,50.0,57.5,moving,,-1.0
808,bus,16,15.0,2.5,moving,,-1.0
808,bus,17,62.5,60.0,moving,,1.0
808,bus,18,2.5,15.0,moving,,-1.0
808,bus,19,50.0,72.5,moving,,1.0
808,bus,20,15.0,22.5,moving,,-1.0
808,bus,21,42.5,60.0,moving,,1.0
808,bus,22,22.5,15.0,moving,,-1.0
808,bus,23,50.0,52.5,moving,,1.0
809,drone,0,41.0,49.0,idle,196.90600282460017,
809,drone,1,22.0,22.0,idle,257.9149765921856,
809,bus,0,35.0,60.0,at_station,,1.0
809,bus,1,15.0,30.0,at_station,,-1.0
809,bus,2,50.0,45.0,at_station,,1.0
809,bus,3,30.0,15.0,at_station,,-1.0
809,bus,4,15.0,60.0,at_station,,1.0
809,bus,5,15.0,50.0,at_station,,-1.0
809,bus,6,50.0,25.0,at_station,,1.0
809,bus,7,50.0,15.0,at_station,,-1.0
809,bus,8,15.0,40.0,at_station,,1.0
809,bus,9,25.0,60.0,at_station,,-1.0
809,bus,10,40.0,15.0,at_station,,1.0
809,bus,11,50.0,35.0,at_station,,-1.0
809,bus,12,15.0,20.0,at_station,,1.0
809,bus,13,45.0,60.0,at_station,,-1.0
809,bus,14,20.0,15.0,at_station,,1.0
809,bus,15,50.0,55.0,at_station,,-1.0
809,bus,16,15.0,0.0,at_station,,-1.0
809,bus,17,65.0,60.0,at_station,,1.0
809,bus,18,0.0,15.0,at_station,,-1.0
809,bus,19,50.0,75.0,at_station,,1.0
809,bus,20,15.0,20.0,at_station,,-1.0
809,bus,21,45.0,60.0,at_station,,1.0
809,bus,22,20.0,15.0,at_station,,-1.0
809,bus,23,50.0,55.0,at_station,,1.0
810,drone,0,41.0,49.0,idle,196.90600282460017,
810,drone,1,22.0,22.0,idle,257.9149765921856,
810,bus,0,35.0,60.0,at_station,,1.0
810,bus,1,15.0,30.0,at_station,,-1.0
810,bus,2,50.0,45.0,at_station,,1.0
810,bus,3,30.0,15.0,at_station,,-1.0
810,bus,4,15.0,60.0,at_station,,1.0
810,bus,5,15.0,50.0,at_station,,-1.0
810,bus,6,50.0,25.0,at_station,,1.0
810,bus,7,50.0,15.0,at_station,,-1.0
810,bus,8,15.0,40.0,at_station,,1.0
810,bus,9,25.0,60.0,at_station,,-1.0
810,bus,10,40.0,15.0,at_station,,1.0
810,bus,11,50.0,35.0,at_station,,-1.0
810,bus,12,15.0,20.0,at_station,,1.0
810,bus,13,45.0,60.0,at_station,,-1.0
810,bus,14,20.0,15.0,at_station,,1.0
810,bus,15,50.0,55.0,at_station,,-1.0
810,bus,16,15.0,0.0,at_station,,-1.0
810,bus,17,65.0,60.0,at_station,,1.0
810,bus,18,0.0,15.0,at_station,,-1.0
810,bus,19,50.0,75.0,at_station,,1.0
810,bus,20,15.0,20.0,at_station,,-1.0
810,bus,21,45.0,60.0,at_station,,1.0
810,bus,22,20.0,15.0,at_station,,-1.0
810,bus,23,50.0,55.0,at_station,,1.0
811,drone,0,41.0,49.0,idle,196.90600282460017,
811,drone,1,22.0,22.0,idle,257.9149765921856,
811,bus,0,35.0,60.0,at_station,,1.0
811,bus,1,15.0,30.0,at_station,,-1.0
811,bus,2,50.0,45.0,at_station,,1.0
811,bus,3,30.0,15.0,at_station,,-1.0
811,bus,4,15.0,60.0,at_station,,1.0
811,bus,5,15.0,50.0,at_station,,-1.0
811,bus,6,50.0,25.0,at_station,,1.0
811,bus,7,50.0,15.0,at_station,,-1.0
811,bus,8,15.0,40.0,at_station,,1.0
811,bus,9,25.0,60.0,at_station,,-1.0
811,bus,10,40.0,15.0,at_station,,1.0
811,bus,11,50.0,35.0,at_station,,-1.0
811,bus,12,15.0,20.0,at_station,,1.0
811,bus,13,45.0,60.0,at_station,,-1.0
811,bus,14,20.0,15.0,at_station,,1.0
811,bus,15,50.0,55.0,at_station,,-1.0
811,bus,16,15.0,0.0,at_station,,-1.0
811,bus,17,65.0,60.0,at_station,,1.0
811,bus,18,0.0,15.0,at_station,,-1.0
811,bus,19,50.0,75.0,at_station,,1.0
811,bus,20,15.0,20.0,at_station,,-1.0
811,bus,21,45.0,60.0,at_station,,1.0
811,bus,22,20.0,15.0,at_station,,-1.0
811,bus,23,50.0,55.0,at_station,,1.0
812,drone,0,41.0,49.0,idle,196.90600282460017,
812,drone,1,22.0,22.0,idle,257.9149765921856,
812,bus,0,37.5,60.0,moving,,1.0
812,bus,1,15.0,27.5,moving,,-1.0
812,bus,2,50.0,47.5,moving,,1.0
812,bus,3,27.5,15.0,moving,,-1.0
812,bus,4,17.5,60.0,moving,,1.0
812,bus,5,15.0,47.5,moving,,-1.0
812,bus,6,50.0,27.5,moving,,1.0
812,bus,7,47.5,15.0,moving,,-1.0
812,bus,8,15.0,42.5,moving,,1.0
812,bus,9,22.5,60.0,moving,,-1.0
812,bus,10,42.5,15.0,moving,,1.0
812,bus,11,50.0,32.5,moving,,-1.0
812,bus,12,15.0,22.5,moving,,1.0
812,bus,13,42.5,60.0,moving,,-1.0
812,bus,14,22.5,15.0,moving,,1.0
812,bus,15,50.0,52.5,moving,,-1.0
812,bus,16,15.0,2.5,moving,,1.0
812,bus,17,62.5,60.0,moving,,-1.0
812,bus,18,2.5,15.0,moving,,1.0
812,bus,19,50.0,72.5,moving,,-1.0
812,bus,20,15.0,17.5,moving,,-1.0
812,bus,21,47.5,60.0,moving,,1.0
812,bus,22,17.5,15.0,moving,,-1.0
812,bus,23,50.0,57.5,moving,,1.0
813,drone,0,41.0,49.0,idle,196.90600282460017,
813,drone,1,22.0,22.0,idle,257.9149765921856,
813,bus,0,42.5,60.0,moving,,1.0
813,bus,1,15.0,22.5,moving,,-1.0
813,bus,2,50.0,52.5,moving,,1.0
813,bus,3,22.5,15.0,moving,,-1.0
813,bus,4,22.5,60.0,moving,,1.0
813,bus,5,15.0,42.5,moving,,-1.0
813,bus,6,50.0,32.5,moving,,1.0
813,bus,7,42.5,15.0,moving,,-1.0
813,bus,8,15.0,47.5,moving,,1.0
813,bus,9,17.5,60.0,moving,,-1.0
813,bus,10,47.5,15.0,moving,,1.0
813,bus,11,50.0,27.5,moving,,-1.0
813,bus,12,15.0,27.5,moving,,1.0
813,bus,13,37.5,60.0,moving,,-1.0
813,bus,14,27.5,15.0,moving,,1.0
813,bus,15,50.0,47.5,moving,,-1.0
813,bus,16,15.0,7.5,moving,,1.0
813,bus,17,57.5,60.0,moving,,-1.0
813,bus,18,7.5,15.0,moving,,1.0
813,bus,19,50.0,67.5,moving,,-1.0
813,bus,20,15.0,12.5,moving,,-1.0
813,bus,21,52.5,60.0,moving,,1.0
813,bus,22,12.5,15.0,moving,,-1.0
813,bus,23,50.0,62.5,moving,,1.0
814,drone,0,41.0,49.0,idle,196.90600282460017,
814,drone,1,22.0,22.0,idle,257.9149765921856,
814,bus,0,45.0,60.0,at_station,,1.0
814,bus,1,15.0,20.0,at_station,,-1.0
814,bus,2,50.0,55.0,at_station,,1.0
814,bus,3,20.0,15.0,at_station,,-1.0
814,bus,4,25.0,60.0,at_station,,1.0
814,bus,5,15.0,40.0,at_station,,-1.0
814,bus,6,50.0,35.0,at_station,,1.0
814,bus,7,40.0,15.0,at_station,,-1.0
814,bus,8,15.0,50.0,at_station,,1.0
814,bus,9,15.0,60.0,at_station,,-1.0
814,bus,10,50.0,15.0,at_station,,1.0
814,bus,11,50.0,25.0,at_station,,-1.0
814,bus,12,15.0,30.0,at_station,,1.0
814,bus,13,35.0,60.0,at_station,,-1.0
814,bus,14,30.0,15.0,at_station,,1.0
814,bus,15,50.0,45.0,at_station,,-1.0
814,bus,16,15.0,10.0,at_station,,1.0
814,bus,17,55.0,60.0,at_station,,-1.0
814,bus,18,10.0,15.0,at_station,,1.0
814,bus,19,50.0,65.0,at_station,,-1.0
814,bus,20,15.0,10.0,at_station,,-1.0
814,bus,21,55.0,60.0,at_station,,1.0
814,bus,22,10.0,15.0,at_station,,-1.0
814,bus,23,50.0,65.0,at_station,,1.0
815,drone,0,41.0,49.0,idle,196.90600282460017,
815,drone,1,22.0,22.0,idle,257.9149765921856,
815,bus,0,45.0,60.0,at_station,,1.0
815,bus,1,15.0,20.0,at_station,,-1.0
815,bus,2,50.0,55.0,at_station,,1.0
815,bus,3,20.0,15.0,at_station,,-1.0
815,bus,4,25.0,60.0,at_station,,1.0
815,bus,5,15.0,40.0,at_station,,-1.0
815,bus,6,50.0,35.0,at_station,,1.0
815,bus,7,40.0,15.0,at_station,,-1.0
815,bus,8,15.0,50.0,at_station,,1.0
815,bus,9,15.0,60.0,at_station,,-1.0
815,bus,10,50.0,15.0,at_station,,1.0
815,bus,11,50.0,25.0,at_station,,-1.0
815,bus,12,15.0,30.0,at_station,,1.0
815,bus,13,35.0,60.0,at_station,,-1.0
815,bus,14,30.0,15.0,at_station,,1.0
815,bus,15,50.0,45.0,at_station,,-1.0
815,bus,16,15.0,10.0,at_station,,1.0
815,bus,17,55.0,60.0,at_station,,-1.0
815,bus,18,10.0,15.0,at_station,,1.0
815,bus,19,50.0,65.0,at_station,,-1.0
815,bus,20,15.0,10.0,at_station,,-1.0
815,bus,21,55.0,60.0,at_station,,1.0
815,bus,22,10.0,15.0,at_station,,-1.0
815,bus,23,50.0,65.0,at_station,,1.0
816,drone,0,41.0,49.0,idle,196.90600282460017,
816,drone,1,22.0,22.0,idle,257.9149765921856,
816,bus,0,45.0,60.0,at_station,,1.0
816,bus,1,15.0,20.0,at_station,,-1.0
816,bus,2,50.0,55.0,at_station,,1.0
816,bus,3,20.0,15.0,at_station,,-1.0
816,bus,4,25.0,60.0,at_station,,1.0
816,bus,5,15.0,40.0,at_station,,-1.0
816,bus,6,50.0,35.0,at_station,,1.0
816,bus,7,40.0,15.0,at_station,,-1.0
816,bus,8,15.0,50.0,at_station,,1.0
816,bus,9,15.0,60.0,at_station,,-1.0
816,bus,10,50.0,15.0,at_station,,1.0
816,bus,11,50.0,25.0,at_station,,-1.0
816,bus,12,15.0,30.0,at_station,,1.0
816,bus,13,35.0,60.0,at_station,,-1.0
816,bus,14,30.0,15.0,at_station,,1.0
816,bus,15,50.0,45.0,at_station,,-1.0
816,bus,16,15.0,10.0,at_station,,1.0
816,bus,17,55.0,60.0,at_station,,-1.0
816,bus,18,10.0,15.0,at_station,,1.0
816,bus,19,50.0,65.0,at_station,,-1.0
816,bus,20,15.0,10.0,at_station,,-1.0
816,bus,21,55.0,60.0,at_station,,1.0
816,bus,22,10.0,15.0,at_station,,-1.0
816,bus,23,50.0,65.0,at_station,,1.0
817,drone,0,41.0,49.0,idle,196.90600282460017,
817,drone,1,22.0,22.0,idle,257.9149765921856,
817,bus,0,47.5,60.0,moving,,1.0
817,bus,1,15.0,17.5,moving,,-1.0
817,bus,2,50.0,57.5,moving,,1.0
817,bus,3,17.5,15.0,moving,,-1.0
817,bus,4,27.5,60.0,moving,,1.0
817,bus,5,15.0,37.5,moving,,-1.0
817,bus,6,50.0,37.5,moving,,1.0
817,bus,7,37.5,15.0,moving,,-1.0
817,bus,8,15.0,52.5,moving,,1.0
817,bus,9,15.0,57.5,moving,,-1.0
817,bus,10,50.0,17.5,moving,,1.0
817,bus,11,50.0,22.5,moving,,-1.0
817,bus,12,15.0,32.5,moving,,1.0
817,bus,13,32.5,60.0,moving,,-1.0
817,bus,14,32.5,15.0,moving,,1.0
817,bus,15,50.0,42.5,moving,,-1.0
817,bus,16,15.0,12.5,moving,,1.0
817,bus,17,52.5,60.0,moving,,-1.0
817,bus,18,12.5,15.0,moving,,1.0
817,bus,19,50.0,62.5,moving,,-1.0
817,bus,20,15.0,7.5,moving,,-1.0
817,bus,21,57.5,60.0,moving,,1.0
817,bus,22,7.5,15.0,moving,,-1.0
817,bus,23,50.0,67.5,moving,,1.0
818,drone,0,41.0,49.0,idle,196.90600282460017,
818,drone,1,22.0,22.0,idle,257.9149765921856,
818,bus,0,52.5,60.0,moving,,1.0
818,bus,1,15.0,12.5,moving,,-1.0
818,bus,2,50.0,62.5,moving,,1.0
818,bus,3,12.5,15.0,moving,,-1.0
818,bus,4,32.5,60.0,moving,,1.0
818,bus,5,15.0,32.5,moving,,-1.0
818,bus,6,50.0,42.5,moving,,1.0
818,bus,7,32.5,15.0,moving,,-1.0
818,bus,8,15.0,57.5,moving,,1.0
818,bus,9,15.0,52.5,moving,,-1.0
818,bus,10,50.0,22.5,moving,,1.0
818,bus,11,50.0,17.5,moving,,-1.0
818,bus,12,15.0,37.5,moving,,1.0
818,bus,13,27.5,60.0,moving,,-1.0
818,bus,14,37.5,15.0,moving,,1.0
818,bus,15,50.0,37.5,moving,,-1.0
818,bus,16,15.0,17.5,moving,,1.0
818,bus,17,47.5,60.0,moving,,-1.0
818,bus,18,17.5,15.0,moving,,1.0
818,bus,19,50.0,57.5,moving,,-1.0
818,bus,20,15.0,2.5,moving,,-1.0
818,bus,21,62.5,60.0,moving,,1.0
818,bus,22,2.5,15.0,moving,,-1.0
818,bus,23,50.0,72.5,moving,,1.0
819,drone,0,41.0,49.0,idle,196.90600282460017,
819,drone,1,22.0,22.0,idle,257.9149765921856,
819,bus,0,55.0,60.0,at_station,,1.0
819,bus,1,15.0,10.0,at_station,,-1.0
819,bus,2,50.0,65.0,at_station,,1.0
819,bus,3,10.0,15.0,at_station,,-1.0
819,bus,4,35.0,60.0,at_station,,1.0
819,bus,5,15.0,30.0,at_station,,-1.0
819,bus,6,50.0,45.0,at_station,,1.0
819,bus,7,30.0,15.0,at_station,,-1.0
819,bus,8,15.0,60.0,at_station,,1.0
819,bus,9,15.0,50.0,at_station,,-1.0
819,bus,10,50.0,25.0,at_station,,1.0
819,bus,11,50.0,15.0,at_station,,-1.0
819,bus,12,15.0,40.0,at_station,,1.0
819,bus,13,25.0,60.0,at_station,,-1.0
819,bus,14,40.0,15.0,at_station,,1.0
819,bus,15,50.0,35.0,at_station,,-1.0
819,bus,16,15.0,20.0,at_station,,1.0
819,bus,17,45.0,60.0,at_station,,-1.0
819,bus,18,20.0,15.0,at_station,,1.0
819,bus,19,50.0,55.0,at_station,,-1.0
819,bus,20,15.0,0.0,at_station,,-1.0
819,bus,21,65.0,60.0,at_station,,1.0
819,bus,22,0.0,15.0,at_station,,-1.0
819,bus,23,50.0,75.0,at_station,,1.0
820,drone,0,41.0,49.0,idle,196.90600282460017,
820,drone,1,22.0,22.0,idle,257.9149765921856,
820,bus,0,55.0,60.0,at_station,,1.0
820,bus,1,15.0,10.0,at_station,,-1.0
820,bus,2,50.0,65.0,at_station,,1.0
820,bus,3,10.0,15.0,at_station,,-1.0
820,bus,4,35.0,60.0,at_station,,1.0
820,bus,5,15.0,30.0,at_station,,-1.0
820,bus,6,50.0,45.0,at_station,,1.0
820,bus,7,30.0,15.0,at_station,,-1.0
820,bus,8,15.0,60.0,at_station,,1.0
820,bus,9,15.0,50.0,at_station,,-1.0
820,bus,10,50.0,25.0,at_station,,1.0
820,bus,11,50.0,15.0,at_station,,-1.0
820,bus,12,15.0,40.0,at_station,,1.0
820,bus,13,25.0,60.0,at_station,,-1.0
820,bus,14,40.0,15.0,at_station,,1.0
820,bus,15,50.0,35.0,at_station,,-1.0
820,bus,16,15.0,20.0,at_station,,1.0
820,bus,17,45.0,60.0,at_station,,-1.0
820,bus,18,20.0,15.0,at_station,,1.0
820,bus,19,50.0,55.0,at_station,,-1.0
820,bus,20,15.0,0.0,at_station,,-1.0
820,bus,21,65.0,60.0,at_station,,1.0
820,bus,22,0.0,15.0,at_station,,-1.0
820,bus,23,50.0,75.0,at_station,,1.0
821,drone,0,40.85300474199054,44.002161227678236,moving_to_bus_station_for_delivery,191.90600282460017,
821,drone,1,26.13959345244166,24.804240725847578,moving_to_pickup,252.9149765921856,
821,bus,0,55.0,60.0,at_station,,1.0
821,bus,1,15.0,10.0,at_station,,-1.0
821,bus,2,50.0,65.0,at_station,,1.0
821,bus,3,10.0,15.0,at_station,,-1.0
821,bus,4,35.0,60.0,at_station,,1.0
821,bus,5,15.0,30.0,at_station,,-1.0
821,bus,6,50.0,45.0,at_station,,1.0
821,bus,7,30.0,15.0,at_station,,-1.0
821,bus,8,15.0,60.0,at_station,,1.0
821,bus,9,15.0,50.0,at_station,,-1.0
821,bus,10,50.0,25.0,at_station,,1.0
821,bus,11,50.0,15.0,at_station,,-1.0
821,bus,12,15.0,40.0,at_station,,1.0
821,bus,13,25.0,60.0,at_station,,-1.0
821,bus,14,40.0,15.0,at_station,,1.0
821,bus,15,50.0,35.0,at_station,,-1.0
821,bus,16,15.0,20.0,at_station,,1.0
821,bus,17,45.0,60.0,at_station,,-1.0
821,bus,18,20.0,15.0,at_station,,1.0
821,bus,19,50.0,55.0,at_station,,-1.0
821,bus,20,15.0,0.0,at_station,,-1.0
821,bus,21,65.0,60.0,at_station,,1.0
821,bus,22,0.0,15.0,at_station,,-1.0
821,bus,23,50.0,75.0,at_station,,1.0
822,drone,0,40.70600948398108,39.00432245535647,moving_to_bus_station_for_delivery,186.90600282460017,
822,drone,1,30.279186904883318,27.60848145169515,moving_to_pickup,247.9149765921856,
822,bus,0,57.5,60.0,moving,,1.0
822,bus,1,15.0,7.5,moving,,-1.0
822,bus,2,50.0,67.5,moving,,1.0
822,bus,3,7.5,15.0,moving,,-1.0
822,bus,4,37.5,60.0,moving,,1.0
822,bus,5,15.0,27.5,moving,,-1.0
822,bus,6,50.0,47.5,moving,,1.0
822,bus,7,27.5,15.0,moving,,-1.0
822,bus,8,17.5,60.0,moving,,1.0
822,bus,9,15.0,47.5,moving,,-1.0
822,bus,10,50.0,27.5,moving,,1.0
822,bus,11,47.5,15.0,moving,,-1.0
822,bus,12,15.0,42.5,moving,,1.0
822,bus,13,22.5,60.0,moving,,-1.0
822,bus,14,42.5,15.0,moving,,1.0
822,bus,15,50.0,32.5,moving,,-1.0
822,bus,16,15.0,22.5,moving,,1.0
822,bus,17,42.5,60.0,moving,,-1.0
822,bus,18,22.5,15.0,moving,,1.0
822,bus,19,50.0,52.5,moving,,-1.0
822,bus,20,15.0,2.5,moving,,1.0
822,bus,21,62.5,60.0,moving,,-1.0
822,bus,22,2.5,15.0,moving,,1.0
822,bus,23,50.0,72.5,moving,,-1.0
823,drone,0,40.559014225971616,34.00648368303471,moving_to_bus_station_for_delivery,181.90600282460017,
823,drone,1,34.41878035732498,30.412722177542726,moving_to_pickup,242.9149765921856,
823,bus,0,62.5,60.0,moving,,1.0
823,bus,1,15.0,2.5,moving,,-1.0
823,bus,2,50.0,72.5,moving,,1.0
823,bus,3,2.5,15.0,moving,,-1.0
823,bus,4,42.5,60.0,moving,,1.0
823,bus,5,15.0,22.5,moving,,-1.0
823,bus,6,50.0,52.5,moving,,1.0
823,bus,7,22.5,15.0,moving,,-1.0
823,bus,8,22.5,60.0,moving,,1.0
823,bus,9,15.0,42.5,moving,,-1.0
823,bus,10,50.0,32.5,moving,,1.0
823,bus,11,42.5,15.0,moving,,-1.0
823,bus,12,15.0,47.5,moving,,1.0
823,bus,13,17.5,60.0,moving,,-1.0
823,bus,14,47.5,15.0,moving,,1.0
823,bus,15,50.0,27.5,moving,,-1.0
823,bus,16,15.0,27.5,moving,,1.0
823,bus,17,37.5,60.0,moving,,-1.0
823,bus,18,27.5,15.0,moving,,1.0
823,bus,19,50.0,47.5,moving,,-1.0
823,bus,20,15.0,7.5,moving,,1.0
823,bus,21,57.5,60.0,moving,,-1.0
823,bus,22,7.5,15.0,moving,,1.0
823,bus,23,50.0,67.5,moving,,-1.0
824,drone,0,40.41201896796215,29.008644910712945,moving_to_bus_station_for_delivery,176.90600282460017,
824,drone,1,38.558373809766636,33.2169629033903,moving_to_pickup,237.9149765921856,
824,bus,0,65.0,60.0,at_station,,1.0
824,bus,1,15.0,0.0,at_station,,-1.0
824,bus,2,50.0,75.0,at_station,,1.0
824,bus,3,0.0,15.0,at_station,,-1.0
824,bus,4,45.0,60.0,at_station,,1.0
824,bus,5,15.0,20.0,at_station,,-1.0
824,bus,6,50.0,55.0,at_station,,1.0
824,bus,7,20.0,15.0,at_station,,-1.0
824,bus,8,25.0,60.0,at_station,,1.0
824,bus,9,15.0,40.0,at_station,,-1.0
824,bus,10,50.0,35.0,at_station,,1.0
824,bus,11,40.0,15.0,at_station,,-1.0
824,bus,12,15.0,50.0,at_station,,1.0
824,bus,13,15.0,60.0,at_station,,-1.0
824,bus,14,50.0,15.0,at_station,,1.0
824,bus,15,50.0,25.0,at_station,,-1.0
824,bus,16,15.0,30.0,at_station,,1.0
824,bus,17,35.0,60.0,at_station,,-1.0
824,bus,18,30.0,15.0,at_station,,1.0
824,bus,19,50.0,45.0,at_station,,-1.0
824,bus,20,15.0,10.0,at_station,,1.0
824,bus,21,55.0,60.0,at_station,,-1.0
824,bus,22,10.0,15.0,at_station,,1.0
824,bus,23,50.0,65.0,at_station,,-1.0
825,drone,0,40.265023709952686,24.01080613839118,moving_to_bus_station_for_delivery,171.90600282460017,
825,drone,1,42.697967262208294,36.02120362923788,moving_to_pickup,232.9149765921856,
825,bus,0,65.0,60.0,at_station,,1.0
825,bus,1,15.0,0.0,at_station,,-1.0
825,bus,2,50.0,75.0,at_station,,1.0
825,bus,3,0.0,15.0,at_station,,-1.0
825,bus,4,45.0,60.0,at_station,,1.0
825,bus,5,15.0,20.0,at_station,,-1.0
825,bus,6,50.0,55.0,at_station,,1.0
825,bus,7,20.0,15.0,at_station,,-1.0
825,bus,8,25.0,60.0,at_station,,1.0
825,bus,9,15.0,40.0,at_station,,-1.0
825,bus,10,50.0,35.0,at_station,,1.0
825,bus,11,40.0,15.0,at_station,,-1.0
825,bus,12,15.0,50.0,at_station,,1.0
825,bus,13,15.0,60.0,at_station,,-1.0
825,bus,14,50.0,15.0,at_station,,1.0
825,bus,15,50.0,25.0,at_station,,-1.0
825,bus,16,15.0,30.0,at_station,,1.0
825,bus,17,35.0,60.0,at_station,,-1.0
825,bus,18,30.0,15.0,at_station,,1.0
825,bus,19,50.0,45.0,at_station,,-1.0
825,bus,20,15.0,10.0,at_station,,1.0
825,bus,21,55.0,60.0,at_station,,-1.0
825,bus,22,10.0,15.0,at_station,,1.0
825,bus,23,50.0,65.0,at_station,,-1.0
826,drone,0,40.11802845194322,19.012967366069418,moving_to_bus_station_for_delivery,166.90600282460017,
826,drone,1,46.83756071464995,38.82544435508546,moving_to_pickup,227.9149765921856,
826,bus,0,65.0,60.0,at_station,,1.0
826,bus,1,15.0,0.0,at_station,,-1.0
826,bus,2,50.0,75.0,at_station,,1.0
826,bus,3,0.0,15.0,at_station,,-1.0
826,bus,4,45.0,60.0,at_station,,1.0
826,bus,5,15.0,20.0,at_station,,-1.0
826,bus,6,50.0,55.0,at_station,,1.0
826,bus,7,20.0,15.0,at_station,,-1.0
826,bus,8,25.0,60.0,at_station,,1.0
826,bus,9,15.0,40.0,at_station,,-1.0
826,bus,10,50.0,35.0,at_station,,1.0
826,bus,11,40.0,15.0,at_station,,-1.0
826,bus,12,15.0,50.0,at_station,,1.0
826,bus,13,15.0,60.0,at_station,,-1.0
826,bus,14,50.0,15.0,at_station,,1.0
826,bus,15,50.0,25.0,at_station,,-1.0
826,bus,16,15.0,30.0,at_station,,1.0
826,bus,17,35.0,60.0,at_station,,-1.0
826,bus,18,30.0,15.0,at_station,,1.0
826,bus,19,50.0,45.0,at_station,,-1.0
826,bus,20,15.0,10.0,at_station,,1.0
826,bus,21,55.0,60.0,at_station,,-1.0
826,bus,22,10.0,15.0,at_station,,1.0
826,bus,23,50.0,65.0,at_station,,-1.0
827,drone,0,40.0,15.0,waiting_at_bus_station_for_delivery,162.89130012121026,
827,drone,1,50.97715416709161,41.62968508093303,moving_to_pickup,222.9149765921856,
827,bus,0,62.5,60.0,moving,,-1.0
827,bus,1,15.0,2.5,moving,,1.0
827,bus,2,50.0,72.5,moving,,-1.0
827,bus,3,2.5,15.0,moving,,1.0
827,bus,4,47.5,60.0,moving,,1.0
827,bus,5,15.0,17.5,moving,,-1.0
827,bus,6,50.0,57.5,moving,,1.0
827,bus,7,17.5,15.0,moving,,-1.0
827,bus,8,27.5,60.0,moving,,1.0
827,bus,9,15.0,37.5,moving,,-1.0
827,bus,10,50.0,37.5,moving,,1.0
827,bus,11,37.5,15.0,moving,,-1.0
827,bus,12,15.0,52.5,moving,,1.0
827,bus,13,15.0,57.5,moving,,-1.0
827,bus,14,50.0,17.5,moving,,1.0
827,bus,15,50.0,22.5,moving,,-1.0
827,bus,16,15.0,32.5,moving,,1.0
827,bus,17,32.5,60.0,moving,,-1.0
827,bus,18,32.5,15.0,moving,,1.0
827,bus,19,50.0,42.5,moving,,-1.0
827,bus,20,15.0,12.5,moving,,1.0
827,bus,21,52.5,60.0,moving,,-1.0
827,bus,22,12.5,15.0,moving,,1.0
827,bus,23,50.0,62.5,moving,,-1.0
828,drone,0,40.0,15.0,waiting_at_bus_station_for_delivery,162.89130012121026,
828,drone,1,53.0,43.0,moving_to_bus_station_finish_pickup,220.47168613848748,
828,bus,0,57.5,60.0,moving,,-1.0
828,bus,1,15.0,7.5,moving,,1.0
828,bus,2,50.0,67.5,moving,,-1.0
828,bus,3,7.5,15.0,moving,,1.0
828,bus,4,52.5,60.0,moving,,1.0
828,bus,5,15.0,12.5,moving,,-1.0
828,bus,6,50.0,62.5,moving,,1.0
828,bus,7,12.5,15.0,moving,,-1.0
828,bus,8,32.5,60.0,moving,,1.0
828,bus,9,15.0,32.5,moving,,-1.0
828,bus,10,50.0,42.5,moving,,1.0
828,bus,11,32.5,15.0,moving,,-1.0
828,bus,12,15.0,57.5,moving,,1.0
828,bus,13,15.0,52.5,moving,,-1.0
828,bus,14,50.0,22.5,moving,,1.0
828,bus,15,50.0,17.5,moving,,-1.0
828,bus,16,15.0,37.5,moving,,1.0
828,bus,17,27.5,60.0,moving,,-1.0
828,bus,18,37.5,15.0,moving,,1.0
828,bus,19,50.0,37.5,moving,,-1.0
828,bus,20,15.0,17.5,moving,,1.0
828,bus,21,47.5,60.0,moving,,-1.0
828,bus,22,17.5,15.0,moving,,1.0
828,bus,23,50.0,57.5,moving,,-1.0
829,drone,0,40.0,15.0,waiting_at_bus_station_for_delivery,162.89130012121026,
829,drone,1,50.0,45.0,waiting_at_bus_station_for_pickup_bus,216.8661348630235,
829,bus,0,55.0,60.0,at_station,,-1.0
829,bus,1,15.0,10.0,at_station,,1.0
829,bus,2,50.0,65.0,at_station,,-1.0
829,bus,3,10.0,15.0,at_station,,1.0
829,bus,4,55.0,60.0,at_station,,1.0
829,bus,5,15.0,10.0,at_station,,-1.0
829,bus,6,50.0,65.0,at_station,,1.0
829,bus,7,10.0,15.0,at_station,,-1.0
829,bus,8,35.0,60.0,at_station,,1.0
829,bus,9,15.0,30.0,at_station,,-1.0
829,bus,10,50.0,45.0,at_station,,1.0
829,bus,11,30.0,15.0,at_station,,-1.0
829,bus,12,15.0,60.0,at_station,,1.0
829,bus,13,15.0,50.0,at_station,,-1.0
829,bus,14,50.0,25.0,at_station,,1.0
829,bus,15,50.0,15.0,at_station,,-1.0
829,bus,16,15.0,40.0,at_station,,1.0
829,bus,17,25.0,60.0,at_station,,-1.0
829,bus,18,40.0,15.0,at_station,,1.0
829,bus,19,50.0,35.0,at_station,,-1.0
829,bus,20,15.0,20.0,at_station,,1.0
829,bus,21,45.0,60.0,at_station,,-1.0
829,bus,22,20.0,15.0,at_station,,1.0
829,bus,23,50.0,55.0,at_station,,-1.0
830,drone,0,40.0,15.0,waiting_at_bus_station_for_delivery,162.89130012121026,
830,drone,1,50.0,45.0,waiting_at_bus_station_for_pickup_bus,216.8661348630235,
830,bus,0,55.0,60.0,at_station,,-1.0
830,bus,1,15.0,10.0,at_station,,1.0
830,bus,2,50.0,65.0,at_station,,-1.0
830,bus,3,10.0,15.0,at_station,,1.0
830,bus,4,55.0,60.0,at_station,,1.0
830,bus,5,15.0,10.0,at_station,,-1.0
830,bus,6,50.0,65.0,at_station,,1.0
830,bus,7,10.0,15.0,at_station,,-1.0
830,bus,8,35.0,60.0,at_station,,1.0
830,bus,9,15.0,30.0,at_station,,-1.0
830,bus,10,50.0,45.0,at_station,,1.0
830,bus,11,30.0,15.0,at_station,,-1.0
830,bus,12,15.0,60.0,at_station,,1.0
830,bus,13,15.0,50.0,at_station,,-1.0
830,bus,14,50.0,25.0,at_station,,1.0
830,bus,15,50.0,15.0,at_station,,-1.0
830,bus,16,15.0,40.0,at_station,,1.0
830,bus,17,25.0,60.0,at_station,,-1.0
830,bus,18,40.0,15.0,at_station,,1.0
830,bus,19,50.0,35.0,at_station,,-1.0
830,bus,20,15.0,20.0,at_station,,1.0
830,bus,21,45.0,60.0,at_station,,-1.0
830,bus,22,20.0,15.0,at_station,,1.0
830,bus,23,50.0,55.0,at_station,,-1.0
831,drone,0,40.0,15.0,waiting_at_bus_station_for_delivery,162.89130012121026,
831,drone,1,50.0,45.0,waiting_at_bus_station_for_pickup_bus,216.8661348630235,
831,bus,0,55.0,60.0,at_station,,-1.0
831,bus,1,15.0,10.0,at_station,,1.0
831,bus,2,50.0,65.0,at_station,,-1.0
831,bus,3,10.0,15.0,at_station,,1.0
831,bus,4,55.0,60.0,at_station,,1.0
831,bus,5,15.0,10.0,at_station,,-1.0
831,bus,6,50.0,65.0,at_station,,1.0
831,bus,7,10.0,15.0,at_station,,-1.0
831,bus,8,35.0,60.0,at_station,,1.0
831,bus,9,15.0,30.0,at_station,,-1.0
831,bus,10,50.0,45.0,at_station,,1.0
831,bus,11,30.0,15.0,at_station,,-1.0
831,bus,12,15.0,60.0,at_station,,1.0
831,bus,13,15.0,50.0,at_station,,-1.0
831,bus,14,50.0,25.0,at_station,,1.0
831,bus,15,50.0,15.0,at_station,,-1.0
831,bus,16,15.0,40.0,at_station,,1.0
831,bus,17,25.0,60.0,at_station,,-1.0
831,bus,18,40.0,15.0,at_station,,1.0
831,bus,19,50.0,35.0,at_station,,-1.0
831,bus,20,15.0,20.0,at_station,,1.0
831,bus,21,45.0,60.0,at_station,,-1.0
831,bus,22,20.0,15.0,at_station,,1.0
831,bus,23,50.0,55.0,at_station,,-1.0
832,drone,0,40.0,15.0,waiting_at_bus_station_for_delivery,162.89130012121026,
832,drone,1,50.0,45.0,waiting_at_bus_station_for_pickup_bus,216.8661348630235,
832,bus,0,52.5,60.0,moving,,-1.0
832,bus,1,15.0,12.5,moving,,1.0
832,bus,2,50.0,62.5,moving,,-1.0
832,bus,3,12.5,15.0,moving,,1.0
832,bus,4,57.5,60.0,moving,,1.0
832,bus,5,15.0,7.5,moving,,-1.0
832,bus,6,50.0,67.5,moving,,1.0
832,bus,7,7.5,15.0,moving,,-1.0
832,bus,8,37.5,60.0,moving,,1.0
832,bus,9,15.0,27.5,moving,,-1.0
832,bus,10,50.0,47.5,moving,,1.0
832,bus,11,27.5,15.0,moving,,-1.0
832,bus,12,17.5,60.0,moving,,1.0
832,bus,13,15.0,47.5,moving,,-1.0
832,bus,14,50.0,27.5,moving,,1.0
832,bus,15,47.5,15.0,moving,,-1.0
832,bus,16,15.0,42.5,moving,,1.0
832,bus,17,22.5,60.0,moving,,-1.0
832,bus,18,42.5,15.0,moving,,1.0
832,bus,19,50.0,32.5,moving,,-1.0
832,bus,20,15.0,22.5,moving,,1.0
832,bus,21,42.5,60.0,moving,,-1.0
832,bus,22,22.5,15.0,moving,,1.0
832,bus,23,50.0,52.5,moving,,-1.0
833,drone,0,40.0,15.0,waiting_at_bus_station_for_delivery,162.89130012121026,
833,drone,1,50.0,45.0,waiting_at_bus_station_for_pickup_bus,216.8661348630235,
833,bus,0,47.5,60.0,moving,,-1.0
833,bus,1,15.0,17.5,moving,,1.0
833,bus,2,50.0,57.5,moving,,-1.0
833,bus,3,17.5,15.0,moving,,1.0
833,bus,4,62.5,60.0,moving,,1.0
833,bus,5,15.0,2.5,moving,,-1.0
833,bus,6,50.0,72.5,moving,,1.0
833,bus,7,2.5,15.0,moving,,-1.0
833,bus,8,42.5,60.0,moving,,1.0
833,bus,9,15.0,22.5,moving,,-1.0
833,bus,10,50.0,52.5,moving,,1.0
833,bus,11,22.5,15.0,moving,,-1.0
833,bus,12,22.5,60.0,moving,,1.0
833,bus,13,15.0,42.5,moving,,-1.0
833,bus,14,50.0,32.5,moving,,1.0
833,bus,15,42.5,15.0,moving,,-1.0
833,bus,16,15.0,47.5,moving,,1.0
833,bus,17,17.5,60.0,moving,,-1.0
833,bus,18,47.5,15.0,moving,,1.0
833,bus,19,50.0,27.5,moving,,-1.0
833,bus,20,15.0,27.5,moving,,1.0
833,bus,21,37.5,60.0,moving,,-1.0
833,bus,22,27.5,15.0,moving,,1.0
833,bus,23,50.0,47.5,moving,,-1.0
834,drone,0,40.0,15.0,waiting_at_bus_station_for_delivery,162.89130012121026,
834,drone,1,50.0,45.0,waiting_at_bus_station_for_pickup_bus,216.8661348630235,
834,bus,0,45.0,60.0,at_station,,-1.0
834,bus,1,15.0,20.0,at_station,,1.0
834,bus,2,50.0,55.0,at_station,,-1.0
834,bus,3,20.0,15.0,at_station,,1.0
834,bus,4,65.0,60.0,at_station,,1.0
834,bus,5,15.0,0.0,at_station,,-1.0
834,bus,6,50.0,75.0,at_station,,1.0
834,bus,7,0.0,15.0,at_station,,-1.0
834,bus,8,45.0,60.0,at_station,,1.0
834,bus,9,15.0,20.0,at_station,,-1.0
834,bus,10,50.0,55.0,at_station,,1.0
834,bus,11,20.0,15.0,at_station,,-1.0
834,bus,12,25.0,60.0,at_station,,1.0
834,bus,13,15.0,40.0,at_station,,-1.0
834,bus,14,50.0,35.0,at_station,,1.0
834,bus,15,40.0,15.0,at_station,,-1.0
834,bus,16,15.0,50.0,at_station,,1.0
834,bus,17,15.0,60.0,at_station,,-1.0
834,bus,18,50.0,15.0,at_station,,1.0
834,bus,19,50.0,25.0,at_station,,-1.0
834,bus,20,15.0,30.0,at_station,,1.0
834,bus,21,35.0,60.0,at_station,,-1.0
834,bus,22,30.0,15.0,at_station,,1.0
834,bus,23,50.0,45.0,at_station,,-1.0
835,drone,0,40.0,15.0,waiting_at_bus_station_for_delivery,162.89130012121026,
835,drone,1,46.178542582460544,41.77564530395109,moving_to_pickup,211.8661348630235,
835,bus,0,45.0,60.0,at_station,,-1.0
835,bus,1,15.0,20.0,at_station,,1.0
835,bus,2,50.0,55.0,at_station,,-1.0
835,bus,3,20.0,15.0,at_station,,1.0
835,bus,4,65.0,60.0,at_station,,1.0
835,bus,5,15.0,0.0,at_station,,-1.0
835,bus,6,50.0,75.0,at_station,,1.0
835,bus,7,0.0,15.0,at_station,,-1.0
835,bus,8,45.0,60.0,at_station,,1.0
835,bus,9,15.0,20.0,at_station,,-1.0
835,bus,10,50.0,55.0,at_station,,1.0
835,bus,11,20.0,15.0,at_station,,-1.0
835,bus,12,25.0,60.0,at_station,,1.0
835,bus,13,15.0,40.0,at_station,,-1.0
835,bus,14,50.0,35.0,at_station,,1.0
835,bus,15,40.0,15.0,at_station,,-1.0
835,bus,16,15.0,50.0,at_station,,1.0
835,bus,17,15.0,60.0,at_station,,-1.0
835,bus,18,50.0,15.0,at_station,,1.0
835,bus,19,50.0,25.0,at_station,,-1.0
835,bus,20,15.0,30.0,at_station,,1.0
835,bus,21,35.0,60.0,at_station,,-1.0
835,bus,22,30.0,15.0,at_station,,1.0
835,bus,23,50.0,45.0,at_station,,-1.0
836,drone,0,40.0,15.0,waiting_at_bus_station_for_delivery,162.89130012121026,
836,drone,1,42.35708516492109,38.551290607902175,moving_to_pickup,206.8661348630235,
836,bus,0,45.0,60.0,at_station,,-1.0
836,bus,1,15.0,20.0,at_station,,1.0
836,bus,2,50.0,55.0,at_station,,-1.0
836,bus,3,20.0,15.0,at_station,,1.0
836,bus,4,65.0,60.0,at_station,,1.0
836,bus,5,15.0,0.0,at_station,,-1.0
836,bus,6,50.0,75.0,at_station,,1.0
836,bus,7,0.0,15.0,at_station,,-1.0
836,bus,8,45.0,60.0,at_station,,1.0
836,bus,9,15.0,20.0,at_station,,-1.0
836,bus,10,50.0,55.0,at_station,,1.0
836,bus,11,20.0,15.0,at_station,,-1.0
836,bus,12,25.0,60.0,at_station,,1.0
836,bus,13,15.0,40.0,at_station,,-1.0
836,bus,14,50.0,35.0,at_station,,1.0
836,bus,15,40.0,15.0,at_station,,-1.0
836,bus,16,15.0,50.0,at_station,,1.0
836,bus,17,15.0,60.0,at_station,,-1.0
836,bus,18,50.0,15.0,at_station,,1.0
836,bus,19,50.0,25.0,at_station,,-1.0
836,bus,20,15.0,30.0,at_station,,1.0
836,bus,21,35.0,60.0,at_station,,-1.0
836,bus,22,30.0,15.0,at_station,,1.0
836,bus,23,50.0,45.0,at_station,,-1.0
837,drone,0,40.0,15.0,waiting_at_bus_station_for_delivery,162.89130012121026,
837,drone,1,38.53562774738163,35.32693591185326,moving_to_pickup,201.8661348630235,
837,bus,0,42.5,60.0,moving,,-1.0
837,bus,1,15.0,22.5,moving,,1.0
837,bus,2,50.0,52.5,moving,,-1.0
837,bus,3,22.5,15.0,moving,,1.0
837,bus,4,62.5,60.0,moving,,-1.0
837,bus,5,15.0,2.5,moving,,1.0
837,bus,6,50.0,72.5,moving,,-1.0
837,bus,7,2.5,15.0,moving,,1.0
837,bus,8,47.5,60.0,moving,,1.0
837,bus,9,15.0,17.5,moving,,-1.0
837,bus,10,50.0,57.5,moving,,1.0
837,bus,11,17.5,15.0,moving,,-1.0
837,bus,12,27.5,60.0,moving,,1.0
837,bus,13,15.0,37.5,moving,,-1.0
837,bus,14,50.0,37.5,moving,,1.0
837,bus,15,37.5,15.0,moving,,-1.0
837,bus,16,15.0,52.5,moving,,1.0
837,bus,17,15.0,57.5,moving,,-1.0
837,bus,18,50.0,17.5,moving,,1.0
837,bus,19,50.0,22.5,moving,,-1.0
837,bus,20,15.0,32.5,moving,,1.0
837,bus,21,32.5,60.0,moving,,-1.0
837,bus,22,32.5,15.0,moving,,1.0
837,bus,23,50.0,42.5,moving,,-1.0
838,drone,0,40.0,15.0,waiting_at_bus_station_for_delivery,162.89130012121026,
838,drone,1,34.714170329842176,32.10258121580435,moving_to_pickup,196.8661348630235,
838,bus,0,37.5,60.0,moving,,-1.0
838,bus,1,15.0,27.5,moving,,1.0
838,bus,2,50.0,47.5,moving,,-1.0
838,bus,3,27.5,15.0,moving,,1.0
838,bus,4,57.5,60.0,moving,,-1.0
838,bus,5,15.0,7.5,moving,,1.0
838,bus,6,50.0,67.5,moving,,-1.0
838,bus,7,7.5,15.0,moving,,1.0
838,bus,8,52.5,60.0,moving,,1.0
838,bus,9,15.0,12.5,moving,,-1.0
838,bus,10,50.0,62.5,moving,,1.0
838,bus,11,12.5,15.0,moving,,-1.0
838,bus,12,32.5,60.0,moving,,1.0
838,bus,13,15.0,32.5,moving,,-1.0
838,bus,14,50.0,42.5,moving,,1.0
838,bus,15,32.5,15.0,moving,,-1.0
838,bus,16,15.0,57.5,moving,,1.0
838,bus,17,15.0,52.5,moving,,-1.0
838,bus,18,50.0,22.5,moving,,1.0
838,bus,19,50.0,17.5,moving,,-1.0
838,bus,20,15.0,37.5,moving,,1.0
838,bus,21,27.5,60.0,moving,,-1.0
838,bus,22,37.5,15.0,moving,,1.0
838,bus,23,50.0,37.5,moving,,-1.0
839,drone,0,40.0,15.0,waiting_at_bus_station_for_delivery,162.89130012121026,
839,drone,1,30.892712912302724,28.878226519755433,moving_to_pickup,191.8661348630235,
839,bus,0,35.0,60.0,at_station,,-1.0
839,bus,1,15.0,30.0,at_station,,1.0
839,bus,2,50.0,45.0,at_station,,-1.0
839,bus,3,30.0,15.0,at_station,,1.0
839,bus,4,55.0,60.0,at_station,,-1.0
839,bus,5,15.0,10.0,at_station,,1.0
839,bus,6,50.0,65.0,at_station,,-1.0
839,bus,7,10.0,15.0,at_station,,1.0
839,bus,8,55.0,60.0,at_station,,1.0
839,bus,9,15.0,10.0,at_station,,-1.0
839,bus,10,50.0,65.0,at_station,,1.0
839,bus,11,10.0,15.0,at_station,,-1.0
839,bus,12,35.0,60.0,at_station,,1.0
839,bus,13,15.0,30.0,at_station,,-1.0
839,bus,14,50.0,45.0,at_station,,1.0
839,bus,15,30.0,15.0,at_station,,-1.0
839,bus,16,15.0,60.0,at_station,,1.0
839,bus,17,15.0,50.0,at_station,,-1.0
839,bus,18,50.0,25.0,at_station,,1.0
839,bus,19,50.0,15.0,at_station,,-1.0
839,bus,20,15.0,40.0,at_station,,1.0
839,bus,21,25.0,60.0,at_station,,-1.0
839,bus,22,40.0,15.0,at_station,,1.0
839,bus,23,50.0,35.0,at_station,,-1.0
840,drone,0,40.0,15.0,waiting_at_bus_station_for_delivery,162.89130012121026,
840,drone,1,27.07125549476327,25.653871823706517,moving_to_pickup,186.8661348630235,
840,bus,0,35.0,60.0,at_station,,-1.0
840,bus,1,15.0,30.0,at_station,,1.0
840,bus,2,50.0,45.0,at_station,,-1.0
840,bus,3,30.0,15.0,at_station,,1.0
840,bus,4,55.0,60.0,at_station,,-1.0
840,bus,5,15.0,10.0,at_station,,1.0
840,bus,6,50.0,65.0,at_station,,-1.0
840,bus,7,10.0,15.0,at_station,,1.0
840,bus,8,55.0,60.0,at_station,,1.0
840,bus,9,15.0,10.0,at_station,,-1.0
840,bus,10,50.0,65.0,at_station,,1.0
840,bus,11,10.0,15.0,at_station,,-1.0
840,bus,12,35.0,60.0,at_station,,1.0
840,bus,13,15.0,30.0,at_station,,-1.0
840,bus,14,50.0,45.0,at_station,,1.0
840,bus,15,30.0,15.0,at_station,,-1.0
840,bus,16,15.0,60.0,at_station,,1.0
840,bus,17,15.0,50.0,at_station,,-1.0
840,bus,18,50.0,25.0,at_station,,1.0
840,bus,19,50.0,15.0,at_station,,-1.0
840,bus,20,15.0,40.0,at_station,,1.0
840,bus,21,25.0,60.0,at_station,,-1.0
840,bus,22,40.0,15.0,at_station,,1.0
840,bus,23,50.0,35.0,at_station,,-1.0
841,drone,0,40.0,15.0,waiting_at_bus_station_for_delivery,162.89130012121026,
841,drone,1,23.24979807722382,22.4295171276576,moving_to_pickup,181.8661348630235,
841,bus,0,35.0,60.0,at_station,,-1.0
841,bus,1,15.0,30.0,at_station,,1.0
841,bus,2,50.0,45.0,at_station,,-1.0
841,bus,3,30.0,15.0,at_station,,1.0
841,bus,4,55.0,60.0,at_station,,-1.0
841,bus,5,15.0,10.0,at_station,,1.0
841,bus,6,50.0,65.0,at_station,,-1.0
841,bus,7,10.0,15.0,at_station,,1.0
841,bus,8,55.0,60.0,at_station,,1.0
841,bus,9,15.0,10.0,at_station,,-1.0
841,bus,10,50.0,65.0,at_station,,1.0
841,bus,11,10.0,15.0,at_station,,-1.0
841,bus,12,35.0,60.0,at_station,,1.0
841,bus,13,15.0,30.0,at_station,,-1.0
841,bus,14,50.0,45.0,at_station,,1.0
841,bus,15,30.0,15.0,at_station,,-1.0
841,bus,16,15.0,60.0,at_station,,1.0
841,bus,17,15.0,50.0,at_station,,-1.0
841,bus,18,50.0,25.0,at_station,,1.0
841,bus,19,50.0,15.0,at_station,,-1.0
841,bus,20,15.0,40.0,at_station,,1.0
841,bus,21,25.0,60.0,at_station,,-1.0
841,bus,22,40.0,15.0,at_station,,1.0
841,bus,23,50.0,35.0,at_station,,-1.0
842,drone,0,40.0,15.0,waiting_at_bus_station_for_delivery,162.89130012121026,
842,drone,1,19.428340659684366,19.205162431608684,moving_to_pickup,176.8661348630235,
842,bus,0,32.5,60.0,moving,,-1.0
842,bus,1,15.0,32.5,moving,,1.0
842,bus,2,50.0,42.5,moving,,-1.0
842,bus,3,32.5,15.0,moving,,1.0
842,bus,4,52.5,60.0,moving,,-1.0
842,bus,5,15.0,12.5,moving,,1.0
842,bus,6,50.0,62.5,moving,,-1.0
842,bus,7,12.5,15.0,moving,,1.0
842,bus,8,57.5,60.0,moving,,1.0
842,bus,9,15.0,7.5,moving,,-1.0
842,bus,10,50.0,67.5,moving,,1.0
842,bus,11,7.5,15.0,moving,,-1.0
842,bus,12,37.5,60.0,moving,,1.0
842,bus,13,15.0,27.5,moving,,-1.0
842,bus,14,50.0,47.5,moving,,1.0
842,bus,15,27.5,15.0,moving,,-1.0
842,bus,16,17.5,60.0,moving,,1.0
842,bus,17,15.0,47.5,moving,,-1.0
842,bus,18,50.0,27.5,moving,,1.0
842,bus,19,47.5,15.0,moving,,-1.0
842,bus,20,15.0,42.5,moving,,1.0
842,bus,21,22.5,60.0,moving,,-1.0
842,bus,22,42.5,15.0,moving,,1.0
842,bus,23,50.0,32.5,moving,,-1.0
843,drone,0,40.0,15.0,waiting_at_bus_station_for_delivery,162.89130012121026,
843,drone,1,18.0,18.0,moving_to_bus_station_finish_pickup,174.99729203210686,
843,bus,0,27.5,60.0,moving,,-1.0
843,bus,1,15.0,37.5,moving,,1.0
843,bus,2,50.0,37.5,moving,,-1.0
843,bus,3,37.5,15.0,moving,,1.0
843,bus,4,47.5,60.0,moving,,-1.0
843,bus,5,15.0,17.5,moving,,1.0
843,bus,6,50.0,57.5,moving,,-1.0
843,bus,7,17.5,15.0,moving,,1.0
843,bus,8,62.5,60.0,moving,,1.0
843,bus,9,15.0,2.5,moving,,-1.0
843,bus,10,50.0,72.5,moving,,1.0
843,bus,11,2.5,15.0,moving,,-1.0
843,bus,12,42.5,60.0,moving,,1.0
843,bus,13,15.0,22.5,moving,,-1.0
843,bus,14,50.0,52.5,moving,,1.0
843,bus,15,22.5,15.0,moving,,-1.0
843,bus,16,22.5,60.0,moving,,1.0
843,bus,17,15.0,42.5,moving,,-1.0
843,bus,18,50.0,32.5,moving,,1.0
843,bus,19,42.5,15.0,moving,,-1.0
843,bus,20,15.0,47.5,moving,,1.0
843,bus,21,17.5,60.0,moving,,-1.0
843,bus,22,47.5,15.0,moving,,1.0
843,bus,23,50.0,27.5,moving,,-1.0
844,drone,0,40.0,15.0,waiting_at_bus_station_for_delivery,162.89130012121026,
844,drone,1,20.0,15.0,waiting_at_bus_station_for_pickup_bus,171.39174075664286,
844,bus,0,25.0,60.0,at_station,,-1.0
844,bus,1,15.0,40.0,at_station,,1.0
844,bus,2,50.0,35.0,at_station,,-1.0
844,bus,3,40.0,15.0,at_station,,1.0
844,bus,4,45.0,60.0,at_station,,-1.0
844,bus,5,15.0,20.0,at_station,,1.0
844,bus,6,50.0,55.0,at_station,,-1.0
844,bus,7,20.0,15.0,at_station,,1.0
844,bus,8,65.0,60.0,at_station,,1.0
844,bus,9,15.0,0.0,at_station,,-1.0
844,bus,10,50.0,75.0,at_station,,1.0
844,bus,11,0.0,15.0,at_station,,-1.0
844,bus,12,45.0,60.0,at_station,,1.0
844,bus,13,15.0,20.0,at_station,,-1.0
844,bus,14,50.0,55.0,at_station,,1.0
844,bus,15,20.0,15.0,at_station,,-1.0
844,bus,16,25.0,60.0,at_station,,1.0
844,bus,17,15.0,40.0,at_station,,-1.0
844,bus,18,50.0,35.0,at_station,,1.0
844,bus,19,40.0,15.0,at_station,,-1.0
844,bus,20,15.0,50.0,at_station,,1.0
844,bus,21,15.0,60.0,at_station,,-1.0
844,bus,22,50.0,15.0,at_station,,1.0
844,bus,23,50.0,25.0,at_station,,-1.0
845,drone,0,40.0,15.0,waiting_at_bus_station_for_delivery,162.89130012121026,
845,drone,1,25.0,15.0,moving_to_bus_station_for_delivery,166.39174075664286,
845,bus,0,25.0,60.0,at_station,,-1.0
845,bus,1,15.0,40.0,at_station,,1.0
845,bus,2,50.0,35.0,at_station,,-1.0
845,bus,3,40.0,15.0,at_station,,1.0
845,bus,4,45.0,60.0,at_station,,-1.0
845,bus,5,15.0,20.0,at_station,,1.0
845,bus,6,50.0,55.0,at_station,,-1.0
845,bus,7,20.0,15.0,at_station,,1.0
845,bus,8,65.0,60.0,at_station,,1.0
845,bus,9,15.0,0.0,at_station,,-1.0
845,bus,10,50.0,75.0,at_station,,1.0
845,bus,11,0.0,15.0,at_station,,-1.0
845,bus,12,45.0,60.0,at_station,,1.0
845,bus,13,15.0,20.0,at_station,,-1.0
845,bus,14,50.0,55.0,at_station,,1.0
845,bus,15,20.0,15.0,at_station,,-1.0
845,bus,16,25.0,60.0,at_station,,1.0
845,bus,17,15.0,40.0,at_station,,-1.0
845,bus,18,50.0,35.0,at_station,,1.0
845,bus,19,40.0,15.0,at_station,,-1.0
845,bus,20,15.0,50.0,at_station,,1.0
845,bus,21,15.0,60.0,at_station,,-1.0
845,bus,22,50.0,15.0,at_station,,1.0
845,bus,23,50.0,25.0,at_station,,-1.0
846,drone,0,40.0,15.0,waiting_at_bus_station_for_delivery,162.89130012121026,
846,drone,1,30.0,15.0,moving_to_bus_station_for_delivery,161.39174075664286,
846,bus,0,25.0,60.0,at_station,,-1.0
846,bus,1,15.0,40.0,at_station,,1.0
846,bus,2,50.0,35.0,at_station,,-1.0
846,bus,3,40.0,15.0,at_station,,1.0
846,bus,4,45.0,60.0,at_station,,-1.0
846,bus,5,15.0,20.0,at_station,,1.0
846,bus,6,50.0,55.0,at_station,,-1.0
846,bus,7,20.0,15.0,at_station,,1.0
846,bus,8,65.0,60.0,at_station,,1.0
846,bus,9,15.0,0.0,at_station,,-1.0
846,bus,10,50.0,75.0,at_station,,1.0
846,bus,11,0.0,15.0,at_station,,-1.0
846,bus,12,45.0,60.0,at_station,,1.0
846,bus,13,15.0,20.0,at_station,,-1.0
846,bus,14,50.0,55.0,at_station,,1.0
846,bus,15,20.0,15.0,at_station,,-1.0
846,bus,16,25.0,60.0,at_station,,1.0
846,bus,17,15.0,40.0,at_station,,-1.0
846,bus,18,50.0,35.0,at_station,,1.0
846,bus,19,40.0,15.0,at_station,,-1.0
846,bus,20,15.0,50.0,at_station,,1.0
846,bus,21,15.0,60.0,at_station,,-1.0
846,bus,22,50.0,15.0,at_station,,1.0
846,bus,23,50.0,25.0,at_station,,-1.0
847,drone,0,40.0,15.0,waiting_at_bus_station_for_delivery,162.89130012121026,
847,drone,1,35.0,15.0,moving_to_bus_station_for_delivery,156.39174075664286,
847,bus,0,22.5,60.0,moving,,-1.0
847,bus,1,15.0,42.5,moving,,1.0
847,bus,2,50.0,32.5,moving,,-1.0
847,bus,3,42.5,15.0,moving,,1.0
847,bus,4,42.5,60.0,moving,,-1.0
847,bus,5,15.0,22.5,moving,,1.0
847,bus,6,50.0,52.5,moving,,-1.0
847,bus,7,22.5,15.0,moving,,1.0
847,bus,8,62.5,60.0,moving,,-1.0
847,bus,9,15.0,2.5,moving,,1.0
847,bus,10,50.0,72.5,moving,,-1.0
847,bus,11,2.5,15.0,moving,,1.0
847,bus,12,47.5,60.0,moving,,1.0
847,bus,13,15.0,17.5,moving,,-1.0
847,bus,14,50.0,57.5,moving,,1.0
847,bus,15,17.5,15.0,moving,,-1.0
847,bus,16,27.5,60.0,moving,,1.0
847,bus,17,15.0,37.5,moving,,-1.0
847,bus,18,50.0,37.5,moving,,1.0
847,bus,19,37.5,15.0,moving,,-1.0
847,bus,20,15.0,52.5,moving,,1.0
847,bus,21,15.0,57.5,moving,,-1.0
847,bus,22,50.0,17.5,moving,,1.0
847,bus,23,50.0,22.5,moving,,-1.0
848,drone,0,40.0,15.0,waiting_at_bus_station_for_delivery,162.89130012121026,
848,drone,1,40.0,15.0,moving_to_bus_station_for_delivery,151.39174075664286,
848,bus,0,17.5,60.0,moving,,-1.0
848,bus,1,15.0,47.5,moving,,1.0
848,bus,2,50.0,27.5,moving,,-1.0
848,bus,3,47.5,15.0,moving,,1.0
848,bus,4,37.5,60.0,moving,,-1.0
848,bus,5,15.0,27.5,moving,,1.0
848,bus,6,50.0,47.5,moving,,-1.0
848,bus,7,27.5,15.0,moving,,1.0
848,bus,8,57.5,60.0,moving,,-1.0
848,bus,9,15.0,7.5,moving,,1.0
848,bus,10,50.0,67.5,moving,,-1.0
848,bus,11,7.5,15.0,moving,,1.0
848,bus,12,52.5,60.0,moving,,1.0
848,bus,13,15.0,12.5,moving,,-1.0
848,bus,14,50.0,62.5,moving,,1.0
848,bus,15,12.5,15.0,moving,,-1.0
848,bus,16,32.5,60.0,moving,,1.0
848,bus,17,15.0,32.5,moving,,-1.0
848,bus,18,50.0,42.5,moving,,1.0
848,bus,19,32.5,15.0,moving,,-1.0
848,bus,20,15.0,57.5,moving,,1.0
848,bus,21,15.0,52.5,moving,,-1.0
848,bus,22,50.0,22.5,moving,,1.0
848,bus,23,50.0,17.5,moving,,-1.0
849,drone,0,40.0,15.0,waiting_at_bus_station_for_delivery,162.89130012121026,
849,drone,1,45.0,15.0,moving_to_bus_station_for_delivery,146.39174075664286,
849,bus,0,15.0,60.0,at_station,,-1.0
849,bus,1,15.0,50.0,at_station,,1.0
849,bus,2,50.0,25.0,at_station,,-1.0
849,bus,3,50.0,15.0,at_station,,1.0
849,bus,4,35.0,60.0,at_station,,-1.0
849,bus,5,15.0,30.0,at_station,,1.0
849,bus,6,50.0,45.0,at_station,,-1.0
849,bus,7,30.0,15.0,at_station,,1.0
849,bus,8,55.0,60.0,at_station,,-1.0
849,bus,9,15.0,10.0,at_station,,1.0
849,bus,10,50.0,65.0,at_station,,-1.0
849,bus,11,10.0,15.0,at_station,,1.0
849,bus,12,55.0,60.0,at_station,,1.0
849,bus,13,15.0,10.0,at_station,,-1.0
849,bus,14,50.0,65.0,at_station,,1.0
849,bus,15,10.0,15.0,at_station,,-1.0
849,bus,16,35.0,60.0,at_station,,1.0
849,bus,17,15.0,30.0,at_station,,-1.0
849,bus,18,50.0,45.0,at_station,,1.0
849,bus,19,30.0,15.0,at_station,,-1.0
849,bus,20,15.0,60.0,at_station,,1.0
849,bus,21,15.0,50.0,at_station,,-1.0
849,bus,22,50.0,25.0,at_station,,1.0
849,bus,23,50.0,15.0,at_station,,-1.0
850,drone,0,40.0,15.0,waiting_at_bus_station_for_delivery,162.89130012121026,
850,drone,1,50.0,15.0,waiting_at_bus_station_for_delivery,141.39174075664286,
850,bus,0,15.0,60.0,at_station,,-1.0
850,bus,1,15.0,50.0,at_station,,1.0
850,bus,2,50.0,25.0,at_station,,-1.0
850,bus,3,50.0,15.0,at_station,,1.0
850,bus,4,35.0,60.0,at_station,,-1.0
850,bus,5,15.0,30.0,at_station,,1.0
850,bus,6,50.0,45.0,at_station,,-1.0
850,bus,7,30.0,15.0,at_station,,1.0
850,bus,8,55.0,60.0,at_station,,-1.0
850,bus,9,15.0,10.0,at_station,,1.0
850,bus,10,50.0,65.0,at_station,,-1.0
850,bus,11,10.0,15.0,at_station,,1.0
850,bus,12,55.0,60.0,at_station,,1.0
850,bus,13,15.0,10.0,at_station,,-1.0
850,bus,14,50.0,65.0,at_station,,1.0
850,bus,15,10.0,15.0,at_station,,-1.0
850,bus,16,35.0,60.0,at_station,,1.0
850,bus,17,15.0,30.0,at_station,,-1.0
850,bus,18,50.0,45.0,at_station,,1.0
850,bus,19,30.0,15.0,at_station,,-1.0
850,bus,20,15.0,60.0,at_station,,1.0
850,bus,21,15.0,50.0,at_station,,-1.0
850,bus,22,50.0,25.0,at_station,,1.0
850,bus,23,50.0,15.0,at_station,,-1.0
851,drone,0,40.0,15.0,waiting_at_bus_station_for_delivery,162.89130012121026,
851,drone,1,50.0,15.0,waiting_at_bus_station_for_delivery,141.39174075664286,
851,bus,0,15.0,60.0,at_station,,-1.0
851,bus,1,15.0,50.0,at_station,,1.0
851,bus,2,50.0,25.0,at_station,,-1.0
851,bus,3,50.0,15.0,at_station,,1.0
851,bus,4,35.0,60.0,at_station,,-1.0
851,bus,5,15.0,30.0,at_station,,1.0
851,bus,6,50.0,45.0,at_station,,-1.0
851,bus,7,30.0,15.0,at_station,,1.0
851,bus,8,55.0,60.0,at_station,,-1.0
851,bus,9,15.0,10.0,at_station,,1.0
851,bus,10,50.0,65.0,at_station,,-1.0
851,bus,11,10.0,15.0,at_station,,1.0
851,bus,12,55.0,60.0,at_station,,1.0
851,bus,13,15.0,10.0,at_station,,-1.0
851,bus,14,50.0,65.0,at_station,,1.0
851,bus,15,10.0,15.0,at_station,,-1.0
851,bus,16,35.0,60.0,at_station,,1.0
851,bus,17,15.0,30.0,at_station,,-1.0
851,bus,18,50.0,45.0,at_station,,1.0
851,bus,19,30.0,15.0,at_station,,-1.0
851,bus,20,15.0,60.0,at_station,,1.0
851,bus,21,15.0,50.0,at_station,,-1.0
851,bus,22,50.0,25.0,at_station,,1.0
851,bus,23,50.0,15.0,at_station,,-1.0
852,drone,0,40.0,15.0,waiting_at_bus_station_for_delivery,162.89130012121026,
852,drone,1,50.0,15.0,waiting_at_bus_station_for_delivery,141.39174075664286,
852,bus,0,15.0,57.5,moving,,-1.0
852,bus,1,15.0,52.5,moving,,1.0
852,bus,2,50.0,22.5,moving,,-1.0
852,bus,3,50.0,17.5,moving,,1.0
852,bus,4,32.5,60.0,moving,,-1.0
852,bus,5,15.0,32.5,moving,,1.0
852,bus,6,50.0,42.5,moving,,-1.0
852,bus,7,32.5,15.0,moving,,1.0
852,bus,8,52.5,60.0,moving,,-1.0
852,bus,9,15.0,12.5,moving,,1.0
852,bus,10,50.0,62.5,moving,,-1.0
852,bus,11,12.5,15.0,moving,,1.0
852,bus,12,57.5,60.0,moving,,1.0
852,bus,13,15.0,7.5,moving,,-1.0
852,bus,14,50.0,67.5,moving,,1.0
852,bus,15,7.5,15.0,moving,,-1.0
852,bus,16,37.5,60.0,moving,,1.0
852,bus,17,15.0,27.5,moving,,-1.0
852,bus,18,50.0,47.5,moving,,1.0
852,bus,19,27.5,15.0,moving,,-1.0
852,bus,20,17.5,60.0,moving,,1.0
852,bus,21,15.0,47.5,moving,,-1.0
852,bus,22,50.0,27.5,moving,,1.0
852,bus,23,47.5,15.0,moving,,-1.0
853,drone,0,40.0,15.0,waiting_at_bus_station_for_delivery,162.89130012121026,
853,drone,1,50.0,15.0,waiting_at_bus_station_for_delivery,141.39174075664286,
853,bus,0,15.0,52.5,moving,,-1.0
853,bus,1,15.0,57.5,moving,,1.0
853,bus,2,50.0,17.5,moving,,-1.0
853,bus,3,50.0,22.5,moving,,1.0
853,bus,4,27.5,60.0,moving,,-1.0
853,bus,5,15.0,37.5,moving,,1.0
853,bus,6,50.0,37.5,moving,,-1.0
853,bus,7,37.5,15.0,moving,,1.0
853,bus,8,47.5,60.0,moving,,-1.0
853,bus,9,15.0,17.5,moving,,1.0
853,bus,10,50.0,57.5,moving,,-1.0
853,bus,11,17.5,15.0,moving,,1.0
853,bus,12,62.5,60.0,moving,,1.0
853,bus,13,15.0,2.5,moving,,-1.0
853,bus,14,50.0,72.5,moving,,1.0
853,bus,15,2.5,15.0,moving,,-1.0
853,bus,16,42.5,60.0,moving,,1.0
853,bus,17,15.0,22.5,moving,,-1.0
853,bus,18,50.0,52.5,moving,,1.0
853,bus,19,22.5,15.0,moving,,-1.0
853,bus,20,22.5,60.0,moving,,1.0
853,bus,21,15.0,42.5,moving,,-1.0
853,bus,22,50.0,32.5,moving,,1.0
853,bus,23,42.5,15.0,moving,,-1.0
854,drone,0,40.0,15.0,waiting_at_bus_station_for_delivery,162.89130012121026,
854,drone,1,50.0,15.0,waiting_at_bus_station_for_delivery,141.39174075664286,
854,bus,0,15.0,50.0,at_station,,-1.0
854,bus,1,15.0,60.0,at_station,,1.0
854,bus,2,50.0,15.0,at_station,,-1.0
854,bus,3,50.0,25.0,at_station,,1.0
854,bus,4,25.0,60.0,at_station,,-1.0
854,bus,5,15.0,40.0,at_station,,1.0
854,bus,6,50.0,35.0,at_station,,-1.0
854,bus,7,40.0,15.0,at_station,,1.0
854,bus,8,45.0,60.0,at_station,,-1.0
854,bus,9,15.0,20.0,at_station,,1.0
854,bus,10,50.0,55.0,at_station,,-1.0
854,bus,11,20.0,15.0,at_station,,1.0
854,bus,12,65.0,60.0,at_station,,1.0
854,bus,13,15.0,0.0,at_station,,-1.0
854,bus,14,50.0,75.0,at_station,,1.0
854,bus,15,0.0,15.0,at_station,,-1.0
854,bus,16,45.0,60.0,at_station,,1.0
854,bus,17,15.0,20.0,at_station,,-1.0
854,bus,18,50.0,55.0,at_station,,1.0
854,bus,19,20.0,15.0,at_station,,-1.0
854,bus,20,25.0,60.0,at_station,,1.0
854,bus,21,15.0,40.0,at_station,,-1.0
854,bus,22,50.0,35.0,at_station,,1.0
854,bus,23,40.0,15.0,at_station,,-1.0
855,drone,0,41.21267812518167,10.14928749927334,moving_to_delivery,157.89130012121026,
855,drone,1,50.0,15.0,waiting_at_bus_station_for_delivery,141.39174075664286,
855,bus,0,15.0,50.0,at_station,,-1.0
855,bus,1,15.0,60.0,at_station,,1.0
855,bus,2,50.0,15.0,at_station,,-1.0
855,bus,3,50.0,25.0,at_station,,1.0
855,bus,4,25.0,60.0,at_station,,-1.0
855,bus,5,15.0,40.0,at_station,,1.0
855,bus,6,50.0,35.0,at_station,,-1.0
855,bus,7,40.0,15.0,at_station,,1.0
855,bus,8,45.0,60.0,at_station,,-1.0
855,bus,9,15.0,20.0,at_station,,1.0
855,bus,10,50.0,55.0,at_station,,-1.0
855,bus,11,20.0,15.0,at_station,,1.0
855,bus,12,65.0,60.0,at_station,,1.0
855,bus,13,15.0,0.0,at_station,,-1.0
855,bus,14,50.0,75.0,at_station,,1.0
855,bus,15,0.0,15.0,at_station,,-1.0
855,bus,16,45.0,60.0,at_station,,1.0
855,bus,17,15.0,20.0,at_station,,-1.0
855,bus,18,50.0,55.0,at_station,,1.0
855,bus,19,20.0,15.0,at_station,,-1.0
855,bus,20,25.0,60.0,at_station,,1.0
855,bus,21,15.0,40.0,at_station,,-1.0
855,bus,22,50.0,35.0,at_station,,1.0
855,bus,23,40.0,15.0,at_station,,-1.0
856,drone,0,42.0,7.0,idle,154.64508886997496,
856,drone,1,50.0,15.0,waiting_at_bus_station_for_delivery,141.39174075664286,
856,bus,0,15.0,50.0,at_station,,-1.0
856,bus,1,15.0,60.0,at_station,,1.0
856,bus,2,50.0,15.0,at_station,,-1.0
856,bus,3,50.0,25.0,at_station,,1.0
856,bus,4,25.0,60.0,at_station,,-1.0
856,bus,5,15.0,40.0,at_station,,1.0
856,bus,6,50.0,35.0,at_station,,-1.0
856,bus,7,40.0,15.0,at_station,,1.0
856,bus,8,45.0,60.0,at_station,,-1.0
856,bus,9,15.0,20.0,at_station,,1.0
856,bus,10,50.0,55.0,at_station,,-1.0
856,bus,11,20.0,15.0,at_station,,1.0
856,bus,12,65.0,60.0,at_station,,1.0
856,bus,13,15.0,0.0,at_station,,-1.0
856,bus,14,50.0,75.0,at_station,,1.0
856,bus,15,0.0,15.0,at_station,,-1.0
856,bus,16,45.0,60.0,at_station,,1.0
856,bus,17,15.0,20.0,at_station,,-1.0
856,bus,18,50.0,55.0,at_station,,1.0
856,bus,19,20.0,15.0,at_station,,-1.0
856,bus,20,25.0,60.0,at_station,,1.0
856,bus,21,15.0,40.0,at_station,,-1.0
856,bus,22,50.0,35.0,at_station,,1.0
856,bus,23,40.0,15.0,at_station,,-1.0
857,drone,0,46.35281419360067,9.46028628333951,direct_transport_to_pickup,149.64508886997496,
857,drone,1,50.0,15.0,waiting_at_bus_station_for_delivery,141.39174075664286,
857,bus,0,15.0,47.5,moving,,-1.0
857,bus,1,17.5,60.0,moving,,1.0
857,bus,2,47.5,15.0,moving,,-1.0
857,bus,3,50.0,27.5,moving,,1.0
857,bus,4,22.5,60.0,moving,,-1.0
857,bus,5,15.0,42.5,moving,,1.0
857,bus,6,50.0,32.5,moving,,-1.0
857,bus,7,42.5,15.0,moving,,1.0
857,bus,8,42.5,60.0,moving,,-1.0
857,bus,9,15.0,22.5,moving,,1.0
857,bus,10,50.0,52.5,moving,,-1.0
857,bus,11,22.5,15.0,moving,,1.0
857,bus,12,62.5,60.0,moving,,-1.0
857,bus,13,15.0,2.5,moving,,1.0
857,bus,14,50.0,72.5,moving,,-1.0
857,bus,15,2.5,15.0,moving,,1.0
857,bus,16,47.5,60.0,moving,,1.0
857,bus,17,15.0,17.5,moving,,-1.0
857,bus,18,50.0,57.5,moving,,1.0
857,bus,19,17.5,15.0,moving,,-1.0
857,bus,20,27.5,60.0,moving,,1.0
857,bus,21,15.0,37.5,moving,,-1.0
857,bus,22,50.0,37.5,moving,,1.0
857,bus,23,37.5,15.0,moving,,-1.0
858,drone,0,50.705628387201344,11.92057256667902,direct_transport_to_pickup,144.64508886997496,
858,drone,1,50.0,15.0,waiting_at_bus_station_for_delivery,141.39174075664286,
858,bus,0,15.0,42.5,moving,,-1.0
858,bus,1,22.5,60.0,moving,,1.0
858,bus,2,42.5,15.0,moving,,-1.0
858,bus,3,50.0,32.5,moving,,1.0
858,bus,4,17.5,60.0,moving,,-1.0
858,bus,5,15.0,47.5,moving,,1.0
858,bus,6,50.0,27.5,moving,,-1.0
858,bus,7,47.5,15.0,moving,,1.0
858,bus,8,37.5,60.0,moving,,-1.0
858,bus,9,15.0,27.5,moving,,1.0
858,bus,10,50.0,47.5,moving,,-1.0
858,bus,11,27.5,15.0,moving,,1.0
858,bus,12,57.5,60.0,moving,,-1.0
858,bus,13,15.0,7.5,moving,,1.0
858,bus,14,50.0,67.5,moving,,-1.0
858,bus,15,7.5,15.0,moving,,1.0
858,bus,16,52.5,60.0,moving,,1.0
858,bus,17,15.0,12.5,moving,,-1.0
858,bus,18,50.0,62.5,moving,,1.0
858,bus,19,12.5,15.0,moving,,-1.0
858,bus,20,32.5,60.0,moving,,1.0
858,bus,21,15.0,32.5,moving,,-1.0
858,bus,22,50.0,42.5,moving,,1.0
858,bus,23,32.5,15.0,moving,,-1.0
859,drone,0,55.058442580802016,14.38085885001853,direct_transport_to_pickup,139.64508886997496,
859,drone,1,50.0,15.0,waiting_at_bus_station_for_delivery,141.39174075664286,
859,bus,0,15.0,40.0,at_station,,-1.0
859,bus,1,25.0,60.0,at_station,,1.0
859,bus,2,40.0,15.0,at_station,,-1.0
859,bus,3,50.0,35.0,at_station,,1.0
859,bus,4,15.0,60.0,at_station,,-1.0
859,bus,5,15.0,50.0,at_station,,1.0
859,bus,6,50.0,25.0,at_station,,-1.0
859,bus,7,50.0,15.0,at_station,,1.0
859,bus,8,35.0,60.0,at_station,,-1.0
859,bus,9,15.0,30.0,at_station,,1.0
859,bus,10,50.0,45.0,at_station,,-1.0
859,bus,11,30.0,15.0,at_station,,1.0
859,bus,12,55.0,60.0,at_station,,-1.0
859,bus,13,15.0,10.0,at_station,,1.0
859,bus,14,50.0,65.0,at_station,,-1.0
859,bus,15,10.0,15.0,at_station,,1.0
859,bus,16,55.0,60.0,at_station,,1.0
859,bus,17,15.0,10.0,at_station,,-1.0
859,bus,18,50.0,65.0,at_station,,1.0
859,bus,19,10.0,15.0,at_station,,-1.0
859,bus,20,35.0,60.0,at_station,,1.0
859,bus,21,15.0,30.0,at_station,,-1.0
859,bus,22,50.0,45.0,at_station,,1.0
859,bus,23,30.0,15.0,at_station,,-1.0
860,drone,0,59.41125677440269,16.84114513335804,direct_transport_to_pickup,134.64508886997496,
860,drone,1,54.789131426105754,13.563260572168273,moving_to_delivery,136.39174075664286,
860,bus,0,15.0,40.0,at_station,,-1.0
860,bus,1,25.0,60.0,at_station,,1.0
860,bus,2,40.0,15.0,at_station,,-1.0
860,bus,3,50.0,35.0,at_station,,1.0
860,bus,4,15.0,60.0,at_station,,-1.0
860,bus,5,15.0,50.0,at_station,,1.0
860,bus,6,50.0,25.0,at_station,,-1.0
860,bus,7,50.0,15.0,at_station,,1.0
860,bus,8,35.0,60.0,at_station,,-1.0
860,bus,9,15.0,30.0,at_station,,1.0
860,bus,10,50.0,45.0,at_station,,-1.0
860,bus,11,30.0,15.0,at_station,,1.0
860,bus,12,55.0,60.0,at_station,,-1.0
860,bus,13,15.0,10.0,at_station,,1.0
860,bus,14,50.0,65.0,at_station,,-1.0
860,bus,15,10.0,15.0,at_station,,1.0
860,bus,16,55.0,60.0,at_station,,1.0
860,bus,17,15.0,10.0,at_station,,-1.0
860,bus,18,50.0,65.0,at_station,,1.0
860,bus,19,10.0,15.0,at_station,,-1.0
860,bus,20,35.0,60.0,at_station,,1.0
860,bus,21,15.0,30.0,at_station,,-1.0
860,bus,22,50.0,45.0,at_station,,1.0
860,bus,23,30.0,15.0,at_station,,-1.0
861,drone,0,63.76407096800336,19.30143141669755,direct_transport_to_pickup,129.64508886997496,
861,drone,1,59.57826285221151,12.126521144336547,moving_to_delivery,131.39174075664286,
861,bus,0,15.0,40.0,at_station,,-1.0
861,bus,1,25.0,60.0,at_station,,1.0
861,bus,2,40.0,15.0,at_station,,-1.0
861,bus,3,50.0,35.0,at_station,,1.0
861,bus,4,15.0,60.0,at_station,,-1.0
861,bus,5,15.0,50.0,at_station,,1.0
861,bus,6,50.0,25.0,at_station,,-1.0
861,bus,7,50.0,15.0,at_station,,1.0
861,bus,8,35.0,60.0,at_station,,-1.0
861,bus,9,15.0,30.0,at_station,,1.0
861,bus,10,50.0,45.0,at_station,,-1.0
861,bus,11,30.0,15.0,at_station,,1.0
861,bus,12,55.0,60.0,at_station,,-1.0
861,bus,13,15.0,10.0,at_station,,1.0
861,bus,14,50.0,65.0,at_station,,-1.0
861,bus,15,10.0,15.0,at_station,,1.0
861,bus,16,55.0,60.0,at_station,,1.0
861,bus,17,15.0,10.0,at_station,,-1.0
861,bus,18,50.0,65.0,at_station,,1.0
861,bus,19,10.0,15.0,at_station,,-1.0
861,bus,20,35.0,60.0,at_station,,1.0
861,bus,21,15.0,30.0,at_station,,-1.0
861,bus,22,50.0,45.0,at_station,,1.0
861,bus,23,30.0,15.0,at_station,,-1.0
862,drone,0,65.0,20.0,direct_transport_to_delivery,128.22539924272914,
862,drone,1,60.0,12.0,idle,130.9514342477323,
862,bus,0,15.0,37.5,moving,,-1.0
862,bus,1,27.5,60.0,moving,,1.0
862,bus,2,37.5,15.0,moving,,-1.0
862,bus,3,50.0,37.5,moving,,1.0
862,bus,4,15.0,57.5,moving,,-1.0
862,bus,5,15.0,52.5,moving,,1.0
862,bus,6,50.0,22.5,moving,,-1.0
862,bus,7,50.0,17.5,moving,,1.0
862,bus,8,32.5,60.0,moving,,-1.0
862,bus,9,15.0,32.5,moving,,1.0
862,bus,10,50.0,42.5,moving,,-1.0
862,bus,11,32.5,15.0,moving,,1.0
862,bus,12,52.5,60.0,moving,,-1.0
862,bus,13,15.0,12.5,moving,,1.0
862,bus,14,50.0,62.5,moving,,-1.0
862,bus,15,12.5,15.0,moving,,1.0
862,bus,16,57.5,60.0,moving,,1.0
862,bus,17,15.0,7.5,moving,,-1.0
862,bus,18,50.0,67.5,moving,,1.0
862,bus,19,7.5,15.0,moving,,-1.0
862,bus,20,37.5,60.0,moving,,1.0
862,bus,21,15.0,27.5,moving,,-1.0
862,bus,22,50.0,47.5,moving,,1.0
862,bus,23,27.5,15.0,moving,,-1.0
863,drone,0,60.30828441591445,18.271473205863217,direct_transport_to_delivery,123.22539924272914,
863,drone,1,60.0,12.0,idle,130.9514342477323,
863,bus,0,15.0,32.5,moving,,-1.0
863,bus,1,32.5,60.0,moving,,1.0
863,bus,2,32.5,15.0,moving,,-1.0
863,bus,3,50.0,42.5,moving,,1.0
863,bus,4,15.0,52.5,moving,,-1.0
863,bus,5,15.0,57.5,moving,,1.0
863,bus,6,50.0,17.5,moving,,-1.0
863,bus,7,50.0,22.5,moving,,1.0
863,bus,8,27.5,60.0,moving,,-1.0
863,bus,9,15.0,37.5,moving,,1.0
863,bus,10,50.0,37.5,moving,,-1.0
863,bus,11,37.5,15.0,moving,,1.0
863,bus,12,47.5,60.0,moving,,-1.0
863,bus,13,15.0,17.5,moving,,1.0
863,bus,14,50.0,57.5,moving,,-1.0
863,bus,15,17.5,15.0,moving,,1.0
863,bus,16,62.5,60.0,moving,,1.0
863,bus,17,15.0,2.5,moving,,-1.0
863,bus,18,50.0,72.5,moving,,1.0
863,bus,19,2.5,15.0,moving,,-1.0
863,bus,20,42.5,60.0,moving,,1.0
863,bus,21,15.0,22.5,moving,,-1.0
863,bus,22,50.0,52.5,moving,,1.0
863,bus,23,22.5,15.0,moving,,-1.0
864,drone,0,55.6165688318289,16.542946411726437,direct_transport_to_delivery,118.22539924272914,
864,drone,1,60.0,12.0,idle,130.9514342477323,
864,bus,0,15.0,30.0,at_station,,-1.0
864,bus,1,35.0,60.0,at_station,,1.0
864,bus,2,30.0,15.0,at_station,,-1.0
864,bus,3,50.0,45.0,at_station,,1.0
864,bus,4,15.0,50.0,at_station,,-1.0
864,bus,5,15.0,60.0,at_station,,1.0
864,bus,6,50.0,15.0,at_station,,-1.0
864,bus,7,50.0,25.0,at_station,,1.0
864,bus,8,25.0,60.0,at_station,,-1.0
864,bus,9,15.0,40.0,at_station,,1.0
864,bus,10,50.0,35.0,at_station,,-1.0
864,bus,11,40.0,15.0,at_station,,1.0
864,bus,12,45.0,60.0,at_station,,-1.0
864,bus,13,15.0,20.0,at_station,,1.0
864,bus,14,50.0,55.0,at_station,,-1.0
864,bus,15,20.0,15.0,at_station,,1.0
864,bus,16,65.0,60.0,at_station,,1.0
864,bus,17,15.0,0.0,at_station,,-1.0
864,bus,18,50.0,75.0,at_station,,1.0
864,bus,19,0.0,15.0,at_station,,-1.0
864,bus,20,45.0,60.0,at_station,,1.0
864,bus,21,15.0,20.0,at_station,,-1.0
864,bus,22,50.0,55.0,at_station,,1.0
864,bus,23,20.0,15.0,at_station,,-1.0
865,drone,0,50.92485324774335,14.814419617589655,direct_transport_to_delivery,113.22539924272914,
865,drone,1,60.0,12.0,idle,130.9514342477323,
865,bus,0,15.0,30.0,at_station,,-1.0
865,bus,1,35.0,60.0,at_station,,1.0
865,bus,2,30.0,15.0,at_station,,-1.0
865,bus,3,50.0,45.0,at_station,,1.0
865,bus,4,15.0,50.0,at_station,,-1.0
865,bus,5,15.0,60.0,at_station,,1.0
865,bus,6,50.0,15.0,at_station,,-1.0
865,bus,7,50.0,25.0,at_station,,1.0
865,bus,8,25.0,60.0,at_station,,-1.0
865,bus,9,15.0,40.0,at_station,,1.0
865,bus,10,50.0,35.0,at_station,,-1.0
865,bus,11,40.0,15.0,at_station,,1.0
865,bus,12,45.0,60.0,at_station,,-1.0
865,bus,13,15.0,20.0,at_station,,1.0
865,bus,14,50.0,55.0,at_station,,-1.0
865,bus,15,20.0,15.0,at_station,,1.0
865,bus,16,65.0,60.0,at_station,,1.0
865,bus,17,15.0,0.0,at_station,,-1.0
865,bus,18,50.0,75.0,at_station,,1.0
865,bus,19,0.0,15.0,at_station,,-1.0
865,bus,20,45.0,60.0,at_station,,1.0
865,bus,21,15.0,20.0,at_station,,-1.0
865,bus,22,50.0,55.0,at_station,,1.0
865,bus,23,20.0,15.0,at_station,,-1.0
866,drone,0,46.2331376636578,13.085892823452873,direct_transport_to_delivery,108.22539924272914,
866,drone,1,60.0,12.0,idle,130.9514342477323,
866,bus,0,15.0,30.0,at_station,,-1.0
866,bus,1,35.0,60.0,at_station,,1.0
866,bus,2,30.0,15.0,at_station,,-1.0
866,bus,3,50.0,45.0,at_station,,1.0
866,bus,4,15.0,50.0,at_station,,-1.0
866,bus,5,15.0,60.0,at_station,,1.0
866,bus,6,50.0,15.0,at_station,,-1.0
866,bus,7,50.0,25.0,at_station,,1.0
866,bus,8,25.0,60.0,at_station,,-1.0
866,bus,9,15.0,40.0,at_station,,1.0
866,bus,10,50.0,35.0,at_station,,-1.0
866,bus,11,40.0,15.0,at_station,,1.0
866,bus,12,45.0,60.0,at_station,,-1.0
866,bus,13,15.0,20.0,at_station,,1.0
866,bus,14,50.0,55.0,at_station,,-1.0
866,bus,15,20.0,15.0,at_station,,1.0
866,bus,16,65.0,60.0,at_station,,1.0
866,bus,17,15.0,0.0,at_station,,-1.0
866,bus,18,50.0,75.0,at_station,,1.0
866,bus,19,0.0,15.0,at_station,,-1.0
866,bus,20,45.0,60.0,at_station,,1.0
866,bus,21,15.0,20.0,at_station,,-1.0
866,bus,22,50.0,55.0,at_station,,1.0
866,bus,23,20.0,15.0,at_station,,-1.0
867,drone,0,46.0,13.0,idle,107.97694251141255,
867,drone,1,60.0,12.0,idle,130.9514342477323,
867,bus,0,15.0,27.5,moving,,-1.0
867,bus,1,37.5,60.0,moving,,1.0
867,bus,2,27.5,15.0,moving,,-1.0
867,bus,3,50.0,47.5,moving,,1.0
867,bus,4,15.0,47.5,moving,,-1.0
867,bus,5,17.5,60.0,moving,,1.0
867,bus,6,47.5,15.0,moving,,-1.0
867,bus,7,50.0,27.5,moving,,1.0
867,bus,8,22.5,60.0,moving,,-1.0
867,bus,9,15.0,42.5,moving,,1.0
867,bus,10,50.0,32.5,moving,,-1.0
867,bus,11,42.5,15.0,moving,,1.0
867,bus,12,42.5,60.0,moving,,-1.0
867,bus,13,15.0,22.5,moving,,1.0
867,bus,14,50.0,52.5,moving,,-1.0
867,bus,15,22.5,15.0,moving,,1.0
867,bus,16,62.5,60.0,moving,,-1.0
867,bus,17,15.0,2.5,moving,,1.0
867,bus,18,50.0,72.5,moving,,-1.0
867,bus,19,2.5,15.0,moving,,1.0
867,bus,20,47.5,60.0,moving,,1.0
867,bus,21,15.0,17.5,moving,,-1.0
867,bus,22,50.0,57.5,moving,,1.0
867,bus,23,17.5,15.0,moving,,-1.0
868,drone,0,46.0,13.0,idle,107.97694251141255,
868,drone,1,60.0,12.0,idle,130.9514342477323,
868,bus,0,15.0,22.5,moving,,-1.0
868,bus,1,42.5,60.0,moving,,1.0
868,bus,2,22.5,15.0,moving,,-1.0
868,bus,3,50.0,52.5,moving,,1.0
868,bus,4,15.0,42.5,moving,,-1.0
868,bus,5,22.5,60.0,moving,,1.0
868,bus,6,42.5,15.0,moving,,-1.0
868,bus,7,50.0,32.5,moving,,1.0
868,bus,8,17.5,60.0,moving,,-1.0
868,bus,9,15.0,47.5,moving,,1.0
868,bus,10,50.0,27.5,moving,,-1.0
868,bus,11,47.5,15.0,moving,,1.0
868,bus,12,37.5,60.0,moving,,-1.0
868,bus,13,15.0,27.5,moving,,1.0
868,bus,14,50.0,47.5,moving,,-1.0
868,bus,15,27.5,15.0,moving,,1.0
868,bus,16,57.5,60.0,moving,,-1.0
868,bus,17,15.0,7.5,moving,,1.0
868,bus,18,50.0,67.5,moving,,-1.0
868,bus,19,7.5,15.0,moving,,1.0
868,bus,20,52.5,60.0,moving,,1.0
868,bus,21,15.0,12.5,moving,,-1.0
868,bus,22,50.0,62.5,moving,,1.0
868,bus,23,12.5,15.0,moving,,-1.0
869,drone,0,46.0,13.0,idle,107.97694251141255,
869,drone,1,60.0,12.0,idle,130.9514342477323,
869,bus,0,15.0,20.0,at_station,,-1.0
869,bus,1,45.0,60.0,at_station,,1.0
869,bus,2,20.0,15.0,at_station,,-1.0
869,bus,3,50.0,55.0,at_station,,1.0
869,bus,4,15.0,40.0,at_station,,-1.0
869,bus,5,25.0,60.0,at_station,,1.0
869,bus,6,40.0,15.0,at_station,,-1.0
869,bus,7,50.0,35.0,at_station,,1.0
869,bus,8,15.0,60.0,at_station,,-1.0
869,bus,9,15.0,50.0,at_station,,1.0
869,bus,10,50.0,25.0,at_station,,-1.0
869,bus,11,50.0,15.0,at_station,,1.0
869,bus,12,35.0,60.0,at_station,,-1.0
869,bus,13,15.0,30.0,at_station,,1.0
869,bus,14,50.0,45.0,at_station,,-1.0
869,bus,15,30.0,15.0,at_station,,1.0
869,bus,16,55.0,60.0,at_station,,-1.0
869,bus,17,15.0,10.0,at_station,,1.0
869,bus,18,50.0,65.0,at_station,,-1.0
869,bus,19,10.0,15.0,at_station,,1.0
869,bus,20,55.0,60.0,at_station,,1.0
869,bus,21,15.0,10.0,at_station,,-1.0
869,bus,22,50.0,65.0,at_station,,1.0
869,bus,23,10.0,15.0,at_station,,-1.0
870,drone,0,46.0,13.0,idle,107.97694251141255,
870,drone,1,60.0,12.0,idle,130.9514342477323,
870,bus,0,15.0,20.0,at_station,,-1.0
870,bus,1,45.0,60.0,at_station,,1.0
870,bus,2,20.0,15.0,at_station,,-1.0
870,bus,3,50.0,55.0,at_station,,1.0
870,bus,4,15.0,40.0,at_station,,-1.0
870,bus,5,25.0,60.0,at_station,,1.0
870,bus,6,40.0,15.0,at_station,,-1.0
870,bus,7,50.0,35.0,at_station,,1.0
870,bus,8,15.0,60.0,at_station,,-1.0
870,bus,9,15.0,50.0,at_station,,1.0
870,bus,10,50.0,25.0,at_station,,-1.0
870,bus,11,50.0,15.0,at_station,,1.0
870,bus,12,35.0,60.0,at_station,,-1.0
870,bus,13,15.0,30.0,at_station,,1.0
870,bus,14,50.0,45.0,at_station,,-1.0
870,bus,15,30.0,15.0,at_station,,1.0
870,bus,16,55.0,60.0,at_station,,-1.0
870,bus,17,15.0,10.0,at_station,,1.0
870,bus,18,50.0,65.0,at_station,,-1.0
870,bus,19,10.0,15.0,at_station,,1.0
870,bus,20,55.0,60.0,at_station,,1.0
870,bus,21,15.0,10.0,at_station,,-1.0
870,bus,22,50.0,65.0,at_station,,1.0
870,bus,23,10.0,15.0,at_station,,-1.0
871,drone,0,46.0,13.0,idle,107.97694251141255,
871,drone,1,60.0,12.0,idle,130.9514342477323,
871,bus,0,15.0,20.0,at_station,,-1.0
871,bus,1,45.0,60.0,at_station,,1.0
871,bus,2,20.0,15.0,at_station,,-1.0
871,bus,3,50.0,55.0,at_station,,1.0
871,bus,4,15.0,40.0,at_station,,-1.0
871,bus,5,25.0,60.0,at_station,,1.0
871,bus,6,40.0,15.0,at_station,,-1.0
871,bus,7,50.0,35.0,at_station,,1.0
871,bus,8,15.0,60.0,at_station,,-1.0
871,bus,9,15.0,50.0,at_station,,1.0
871,bus,10,50.0,25.0,at_station,,-1.0
871,bus,11,50.0,15.0,at_station,,1.0
871,bus,12,35.0,60.0,at_station,,-1.0
871,bus,13,15.0,30.0,at_station,,1.0
871,bus,14,50.0,45.0,at_station,,-1.0
871,bus,15,30.0,15.0,at_station,,1.0
871,bus,16,55.0,60.0,at_station,,-1.0
871,bus,17,15.0,10.0,at_station,,1.0
871,bus,18,50.0,65.0,at_station,,-1.0
871,bus,19,10.0,15.0,at_station,,1.0
871,bus,20,55.0,60.0,at_station,,1.0
871,bus,21,15.0,10.0,at_station,,-1.0
871,bus,22,50.0,65.0,at_station,,1.0
871,bus,23,10.0,15.0,at_station,,-1.0
872,drone,0,46.0,13.0,idle,107.97694251141255,
872,drone,1,60.0,12.0,idle,130.9514342477323,
872,bus,0,15.0,17.5,moving,,-1.0
872,bus,1,47.5,60.0,moving,,1.0
872,bus,2,17.5,15.0,moving,,-1.0
872,bus,3,50.0,57.5,moving,,1.0
872,bus,4,15.0,37.5,moving,,-1.0
872,bus,5,27.5,60.0,moving,,1.0
872,bus,6,37.5,15.0,moving,,-1.0
872,bus,7,50.0,37.5,moving,,1.0
872,bus,8,15.0,57.5,moving,,-1.0
872,bus,9,15.0,52.5,moving,,1.0
872,bus,10,50.0,22.5,moving,,-1.0
872,bus,11,50.0,17.5,moving,,1.0
872,bus,12,32.5,60.0,moving,,-1.0
872,bus,13,15.0,32.5,moving,,1.0
872,bus,14,50.0,42.5,moving,,-1.0
872,bus,15,32.5,15.0,moving,,1.0
872,bus,16,52.5,60.0,moving,,-1.0
872,bus,17,15.0,12.5,moving,,1.0
872,bus,18,50.0,62.5,moving,,-1.0
872,bus,19,12.5,15.0,moving,,1.0
872,bus,20,57.5,60.0,moving,,1.0
872,bus,21,15.0,7.5,moving,,-1.0
872,bus,22,50.0,67.5,moving,,1.0
872,bus,23,7.5,15.0,moving,,-1.0
873,drone,0,46.0,13.0,idle,107.97694251141255,
873,drone,1,60.0,12.0,idle,130.9514342477323,
873,bus,0,15.0,12.5,moving,,-1.0
873,bus,1,52.5,60.0,moving,,1.0
873,bus,2,12.5,15.0,moving,,-1.0
873,bus,3,50.0,62.5,moving,,1.0
873,bus,4,15.0,32.5,moving,,-1.0
873,bus,5,32.5,60.0,moving,,1.0
873,bus,6,32.5,15.0,moving,,-1.0
873,bus,7,50.0,42.5,moving,,1.0
873,bus,8,15.0,52.5,moving,,-1.0
873,bus,9,15.0,57.5,moving,,1.0
873,bus,10,50.0,17.5,moving,,-1.0
873,bus,11,50.0,22.5,moving,,1.0
873,bus,12,27.5,60.0,moving,,-1.0
873,bus,13,15.0,37.5,moving,,1.0
873,bus,14,50.0,37.5,moving,,-1.0
873,bus,15,37.5,15.0,moving,,1.0
873,bus,16,47.5,60.0,moving,,-1.0
873,bus,17,15.0,17.5,moving,,1.0
873,bus,18,50.0,57.5,moving,,-1.0
873,bus,19,17.5,15.0,moving,,1.0
873,bus,20,62.5,60.0,moving,,1.0
873,bus,21,15.0,2.5,moving,,-1.0
873,bus,22,50.0,72.5,moving,,1.0
873,bus,23,2.5,15.0,moving,,-1.0
874,drone,0,46.0,13.0,idle,107.97694251141255,
874,drone,1,60.0,12.0,idle,130.9514342477323,
874,bus,0,15.0,10.0,at_station,,-1.0
874,bus,1,55.0,60.0,at_station,,1.0
874,bus,2,10.0,15.0,at_station,,-1.0
874,bus,3,50.0,65.0,at_station,,1.0
874,bus,4,15.0,30.0,at_station,,-1.0
874,bus,5,35.0,60.0,at_station,,1.0
874,bus,6,30.0,15.0,at_station,,-1.0
874,bus,7,50.0,45.0,at_station,,1.0
874,bus,8,15.0,50.0,at_station,,-1.0
874,bus,9,15.0,60.0,at_station,,1.0
874,bus,10,50.0,15.0,at_station,,-1.0
874,bus,11,50.0,25.0,at_station,,1.0
874,bus,12,25.0,60.0,at_station,,-1.0
874,bus,13,15.0,40.0,at_station,,1.0
874,bus,14,50.0,35.0,at_station,,-1.0
874,bus,15,40.0,15.0,at_station,,1.0
874,bus,16,45.0,60.0,at_station,,-1.0
874,bus,17,15.0,20.0,at_station,,1.0
874,bus,18,50.0,55.0,at_station,,-1.0
874,bus,19,20.0,15.0,at_station,,1.0
874,bus,20,65.0,60.0,at_station,,1.0
874,bus,21,15.0,0.0,at_station,,-1.0
874,bus,22,50.0,75.0,at_station,,1.0
874,bus,23,0.0,15.0,at_station,,-1.0
875,drone,0,46.0,13.0,idle,107.97694251141255,
875,drone,1,60.0,12.0,idle,130.9514342477323,
875,bus,0,15.0,10.0,at_station,,-1.0
875,bus,1,55.0,60.0,at_station,,1.0
875,bus,2,10.0,15.0,at_station,,-1.0
875,bus,3,50.0,65.0,at_station,,1.0
875,bus,4,15.0,30.0,at_station,,-1.0
875,bus,5,35.0,60.0,at_station,,1.0
875,bus,6,30.0,15.0,at_station,,-1.0
875,bus,7,50.0,45.0,at_station,,1.0
875,bus,8,15.0,50.0,at_station,,-1.0
875,bus,9,15.0,60.0,at_station,,1.0
875,bus,10,50.0,15.0,at_station,,-1.0
875,bus,11,50.0,25.0,at_station,,1.0
875,bus,12,25.0,60.0,at_station,,-1.0
875,bus,13,15.0,40.0,at_station,,1.0
875,bus,14,50.0,35.0,at_station,,-1.0
875,bus,15,40.0,15.0,at_station,,1.0
875,bus,16,45.0,60.0,at_station,,-1.0
875,bus,17,15.0,20.0,at_station,,1.0
875,bus,18,50.0,55.0,at_station,,-1.0
875,bus,19,20.0,15.0,at_station,,1.0
875,bus,20,65.0,60.0,at_station,,1.0
875,bus,21,15.0,0.0,at_station,,-1.0
875,bus,22,50.0,75.0,at_station,,1.0
875,bus,23,0.0,15.0,at_station,,-1.0
876,drone,0,46.0,13.0,idle,107.97694251141255,
876,drone,1,60.0,12.0,idle,130.9514342477323,
876,bus,0,15.0,10.0,at_station,,-1.0
876,bus,1,55.0,60.0,at_station,,1.0
876,bus,2,10.0,15.0,at_station,,-1.0
876,bus,3,50.0,65.0,at_station,,1.0
876,bus,4,15.0,30.0,at_station,,-1.0
876,bus,5,35.0,60.0,at_station,,1.0
876,bus,6,30.0,15.0,at_station,,-1.0
876,bus,7,50.0,45.0,at_station,,1.0
876,bus,8,15.0,50.0,at_station,,-1.0
876,bus,9,15.0,60.0,at_station,,1.0
876,bus,10,50.0,15.0,at_station,,-1.0
876,bus,11,50.0,25.0,at_station,,1.0
876,bus,12,25.0,60.0,at_station,,-1.0
876,bus,13,15.0,40.0,at_station,,1.0
876,bus,14,50.0,35.0,at_station,,-1.0
876,bus,15,40.0,15.0,at_station,,1.0
876,bus,16,45.0,60.0,at_station,,-1.0
876,bus,17,15.0,20.0,at_station,,1.0
876,bus,18,50.0,55.0,at_station,,-1.0
876,bus,19,20.0,15.0,at_station,,1.0
876,bus,20,65.0,60.0,at_station,,1.0
876,bus,21,15.0,0.0,at_station,,-1.0
876,bus,22,50.0,75.0,at_station,,1.0
876,bus,23,0.0,15.0,at_station,,-1.0
877,drone,0,46.0,13.0,idle,107.97694251141255,
877,drone,1,60.0,12.0,idle,130.9514342477323,
877,bus,0,15.0,7.5,moving,,-1.0
877,bus,1,57.5,60.0,moving,,1.0
877,bus,2,7.5,15.0,moving,,-1.0
877,bus,3,50.0,67.5,moving,,1.0
877,bus,4,15.0,27.5,moving,,-1.0
877,bus,5,37.5,60.0,moving,,1.0
877,bus,6,27.5,15.0,moving,,-1.0
877,bus,7,50.0,47.5,moving,,1.0
877,bus,8,15.0,47.5,moving,,-1.0
877,bus,9,17.5,60.0,moving,,1.0
877,bus,10,47.5,15.0,moving,,-1.0
877,bus,11,50.0,27.5,moving,,1.0
877,bus,12,22.5,60.0,moving,,-1.0
877,bus,13,15.0,42.5,moving,,1.0
877,bus,14,50.0,32.5,moving,,-1.0
877,bus,15,42.5,15.0,moving,,1.0
877,bus,16,42.5,60.0,moving,,-1.0
877,bus,17,15.0,22.5,moving,,1.0
877,bus,18,50.0,52.5,moving,,-1.0
877,bus,19,22.5,15.0,moving,,1.0
877,bus,20,62.5,60.0,moving,,-1.0
877,bus,21,15.0,2.5,moving,,1.0
877,bus,22,50.0,72.5,moving,,-1.0
877,bus,23,2.5,15.0,moving,,1.0
878,drone,0,46.0,13.0,idle,107.97694251141255,
878,drone,1,60.0,12.0,idle,130.9514342477323,
878,bus,0,15.0,2.5,moving,,-1.0
878,bus,1,62.5,60.0,moving,,1.0
878,bus,2,2.5,15.0,moving,,-1.0
878,bus,3,50.0,72.5,moving,,1.0
878,bus,4,15.0,22.5,moving,,-1.0
878,bus,5,42.5,60.0,moving,,1.0
878,bus,6,22.5,15.0,moving,,-1.0
878,bus,7,50.0,52.5,moving,,1.0
878,bus,8,15.0,42.5,moving,,-1.0
878,bus,9,22.5,60.0,moving,,1.0
878,bus,10,42.5,15.0,moving,,-1.0
878,bus,11,50.0,32.5,moving,,1.0
878,bus,12,17.5,60.0,moving,,-1.0
878,bus,13,15.0,47.5,moving,,1.0
878,bus,14,50.0,27.5,moving,,-1.0
878,bus,15,47.5,15.0,moving,,1.0
878,bus,16,37.5,60.0,moving,,-1.0
878,bus,17,15.0,27.5,moving,,1.0
878,bus,18,50.0,47.5,moving,,-1.0
878,bus,19,27.5,15.0,moving,,1.0
878,bus,20,57.5,60.0,moving,,-1.0
878,bus,21,15.0,7.5,moving,,1.0
878,bus,22,50.0,67.5,moving,,-1.0
878,bus,23,7.5,15.0,moving,,1.0
879,drone,0,46.0,13.0,idle,107.97694251141255,
879,drone,1,60.0,12.0,idle,130.9514342477323,
879,bus,0,15.0,0.0,at_station,,-1.0
879,bus,1,65.0,60.0,at_station,,1.0
879,bus,2,0.0,15.0,at_station,,-1.0
879,bus,3,50.0,75.0,at_station,,1.0
879,bus,4,15.0,20.0,at_station,,-1.0
879,bus,5,45.0,60.0,at_station,,1.0
879,bus,6,20.0,15.0,at_station,,-1.0
879,bus,7,50.0,55.0,at_station,,1.0
879,bus,8,15.0,40.0,at_station,,-1.0
879,bus,9,25.0,60.0,at_station,,1.0
879,bus,10,40.0,15.0,at_station,,-1.0
879,bus,11,50.0,35.0,at_station,,1.0
879,bus,12,15.0,60.0,at_station,,-1.0
879,bus,13,15.0,50.0,at_station,,1.0
879,bus,14,50.0,25.0,at_station,,-1.0
879,bus,15,50.0,15.0,at_station,,1.0
879,bus,16,35.0,60.0,at_station,,-1.0
879,bus,17,15.0,30.0,at_station,,1.0
879,bus,18,50.0,45.0,at_station,,-1.0
879,bus,19,30.0,15.0,at_station,,1.0
879,bus,20,55.0,60.0,at_station,,-1.0
879,bus,21,15.0,10.0,at_station,,1.0
879,bus,22,50.0,65.0,at_station,,-1.0
879,bus,23,10.0,15.0,at_station,,1.0
880,drone,0,46.0,13.0,idle,107.97694251141255,
880,drone,1,60.0,12.0,idle,130.9514342477323,
880,bus,0,15.0,0.0,at_station,,-1.0
880,bus,1,65.0,60.0,at_station,,1.0
880,bus,2,0.0,15.0,at_station,,-1.0
880,bus,3,50.0,75.0,at_station,,1.0
880,bus,4,15.0,20.0,at_station,,-1.0
880,bus,5,45.0,60.0,at_station,,1.0
880,bus,6,20.0,15.0,at_station,,-1.0
880,bus,7,50.0,55.0,at_station,,1.0
880,bus,8,15.0,40.0,at_station,,-1.0
880,bus,9,25.0,60.0,at_station,,1.0
880,bus,10,40.0,15.0,at_station,,-1.0
880,bus,11,50.0,35.0,at_station,,1.0
880,bus,12,15.0,60.0,at_station,,-1.0
880,bus,13,15.0,50.0,at_station,,1.0
880,bus,14,50.0,25.0,at_station,,-1.0
880,bus,15,50.0,15.0,at_station,,1.0
880,bus,16,35.0,60.0,at_station,,-1.0
880,bus,17,15.0,30.0,at_station,,1.0
880,bus,18,50.0,45.0,at_station,,-1.0
880,bus,19,30.0,15.0,at_station,,1.0
880,bus,20,55.0,60.0,at_station,,-1.0
880,bus,21,15.0,10.0,at_station,,1.0
880,bus,22,50.0,65.0,at_station,,-1.0
880,bus,23,10.0,15.0,at_station,,1.0
881,drone,0,46.0,13.0,idle,107.97694251141255,
881,drone,1,60.0,12.0,idle,130.9514342477323,
881,bus,0,15.0,0.0,at_station,,-1.0
881,bus,1,65.0,60.0,at_station,,1.0
881,bus,2,0.0,15.0,at_station,,-1.0
881,bus,3,50.0,75.0,at_station,,1.0
881,bus,4,15.0,20.0,at_station,,-1.0
881,bus,5,45.0,60.0,at_station,,1.0
881,bus,6,20.0,15.0,at_station,,-1.0
881,bus,7,50.0,55.0,at_station,,1.0
881,bus,8,15.0,40.0,at_station,,-1.0
881,bus,9,25.0,60.0,at_station,,1.0
881,bus,10,40.0,15.0,at_station,,-1.0
881,bus,11,50.0,35.0,at_station,,1.0
881,bus,12,15.0,60.0,at_station,,-1.0
881,bus,13,15.0,50.0,at_station,,1.0
881,bus,14,50.0,25.0,at_station,,-1.0
881,bus,15,50.0,15.0,at_station,,1.0
881,bus,16,35.0,60.0,at_station,,-1.0
881,bus,17,15.0,30.0,at_station,,1.0
881,bus,18,50.0,45.0,at_station,,-1.0
881,bus,19,30.0,15.0,at_station,,1.0
881,bus,20,55.0,60.0,at_station,,-1.0
881,bus,21,15.0,10.0,at_station,,1.0
881,bus,22,50.0,65.0,at_station,,-1.0
881,bus,23,10.0,15.0,at_station,,1.0
882,drone,0,46.0,13.0,idle,107.97694251141255,
882,drone,1,60.0,12.0,idle,130.9514342477323,
882,bus,0,15.0,2.5,moving,,1.0
882,bus,1,62.5,60.0,moving,,-1.0
882,bus,2,2.5,15.0,moving,,1.0
882,bus,3,50.0,72.5,moving,,-1.0
882,bus,4,15.0,17.5,moving,,-1.0
882,bus,5,47.5,60.0,moving,,1.0
882,bus,6,17.5,15.0,moving,,-1.0
882,bus,7,50.0,57.5,moving,,1.0
882,bus,8,15.0,37.5,moving,,-1.0
882,bus,9,27.5,60.0,moving,,1.0
882,bus,10,37.5,15.0,moving,,-1.0
882,bus,11,50.0,37.5,moving,,1.0
882,bus,12,15.0,57.5,moving,,-1.0
882,bus,13,15.0,52.5,moving,,1.0
882,bus,14,50.0,22.5,moving,,-1.0
882,bus,15,50.0,17.5,moving,,1.0
882,bus,16,32.5,60.0,moving,,-1.0
882,bus,17,15.0,32.5,moving,,1.0
882,bus,18,50.0,42.5,moving,,-1.0
882,bus,19,32.5,15.0,moving,,1.0
882,bus,20,52.5,60.0,moving,,-1.0
882,bus,21,15.0,12.5,moving,,1.0
882,bus,22,50.0,62.5,moving,,-1.0
882,bus,23,12.5,15.0,moving,,1.0
883,drone,0,46.0,13.0,idle,107.97694251141255,
883,drone,1,60.0,12.0,idle,130.9514342477323,
883,bus,0,15.0,7.5,moving,,1.0
883,bus,1,57.5,60.0,moving,,-1.0
883,bus,2,7.5,15.0,moving,,1.0
883,bus,3,50.0,67.5,moving,,-1.0
883,bus,4,15.0,12.5,moving,,-1.0
883,bus,5,52.5,60.0,moving,,1.0
883,bus,6,12.5,15.0,moving,,-1.0
883,bus,7,50.0,62.5,moving,,1.0
883,bus,8,15.0,32.5,moving,,-1.0
883,bus,9,32.5,60.0,moving,,1.0
883,bus,10,32.5,15.0,moving,,-1.0
883,bus,11,50.0,42.5,moving,,1.0
883,bus,12,15.0,52.5,moving,,-1.0
883,bus,13,15.0,57.5,moving,,1.0
883,bus,14,50.0,17.5,moving,,-1.0
883,bus,15,50.0,22.5,moving,,1.0
883,bus,16,27.5,60.0,moving,,-1.0
883,bus,17,15.0,37.5,moving,,1.0
883,bus,18,50.0,37.5,moving,,-1.0
883,bus,19,37.5,15.0,moving,,1.0
883,bus,20,47.5,60.0,moving,,-1.0
883,bus,21,15.0,17.5,moving,,1.0
883,bus,22,50.0,57.5,moving,,-1.0
883,bus,23,17.5,15.0,moving,,1.0
884,drone,0,46.0,13.0,idle,107.97694251141255,
884,drone,1,60.0,12.0,idle,130.9514342477323,
884,bus,0,15.0,10.0,at_station,,1.0
884,bus,1,55.0,60.0,at_station,,-1.0
884,bus,2,10.0,15.0,at_station,,1.0
884,bus,3,50.0,65.0,at_station,,-1.0
884,bus,4,15.0,10.0,at_station,,-1.0
884,bus,5,55.0,60.0,at_station,,1.0
884,bus,6,10.0,15.0,at_station,,-1.0
884,bus,7,50.0,65.0,at_station,,1.0
884,bus,8,15.0,30.0,at_station,,-1.0
884,bus,9,35.0,60.0,at_station,,1.0
884,bus,10,30.0,15.0,at_station,,-1.0
884,bus,11,50.0,45.0,at_station,,1.0
884,bus,12,15.0,50.0,at_station,,-1.0
884,bus,13,15.0,60.0,at_station,,1.0
884,bus,14,50.0,15.0,at_station,,-1.0
884,bus,15,50.0,25.0,at_station,,1.0
884,bus,16,25.0,60.0,at_station,,-1.0
884,bus,17,15.0,40.0,at_station,,1.0
884,bus,18,50.0,35.0,at_station,,-1.0
884,bus,19,40.0,15.0,at_station,,1.0
884,bus,20,45.0,60.0,at_station,,-1.0
884,bus,21,15.0,20.0,at_station,,1.0
884,bus,22,50.0,55.0,at_station,,-1.0
884,bus,23,20.0,15.0,at_station,,1.0
885,drone,0,46.0,13.0,idle,107.97694251141255,
885,drone,1,60.0,12.0,idle,130.9514342477323,
885,bus,0,15.0,10.0,at_station,,1.0
885,bus,1,55.0,60.0,at_station,,-1.0
885,bus,2,10.0,15.0,at_station,,1.0
885,bus,3,50.0,65.0,at_station,,-1.0
885,bus,4,15.0,10.0,at_station,,-1.0
885,bus,5,55.0,60.0,at_station,,1.0
885,bus,6,10.0,15.0,at_station,,-1.0
885,bus,7,50.0,65.0,at_station,,1.0
885,bus,8,15.0,30.0,at_station,,-1.0
885,bus,9,35.0,60.0,at_station,,1.0
885,bus,10,30.0,15.0,at_station,,-1.0
885,bus,11,50.0,45.0,at_station,,1.0
885,bus,12,15.0,50.0,at_station,,-1.0
885,bus,13,15.0,60.0,at_station,,1.0
885,bus,14,50.0,15.0,at_station,,-1.0
885,bus,15,50.0,25.0,at_station,,1.0
885,bus,16,25.0,60.0,at_station,,-1.0
885,bus,17,15.0,40.0,at_station,,1.0
885,bus,18,50.0,35.0,at_station,,-1.0
885,bus,19,40.0,15.0,at_station,,1.0
885,bus,20,45.0,60.0,at_station,,-1.0
885,bus,21,15.0,20.0,at_station,,1.0
885,bus,22,50.0,55.0,at_station,,-1.0
885,bus,23,20.0,15.0,at_station,,1.0
886,drone,0,46.0,13.0,idle,107.97694251141255,
886,drone,1,60.0,12.0,idle,130.9514342477323,
886,bus,0,15.0,10.0,at_station,,1.0
886,bus,1,55.0,60.0,at_station,,-1.0
886,bus,2,10.0,15.0,at_station,,1.0
886,bus,3,50.0,65.0,at_station,,-1.0
886,bus,4,15.0,10.0,at_station,,-1.0
886,bus,5,55.0,60.0,at_station,,1.0
886,bus,6,10.0,15.0,at_station,,-1.0
886,bus,7,50.0,65.0,at_station,,1.0
886,bus,8,15.0,30.0,at_station,,-1.0
886,bus,9,35.0,60.0,at_station,,1.0
886,bus,10,30.0,15.0,at_station,,-1.0
886,bus,11,50.0,45.0,at_station,,1.0
886,bus,12,15.0,50.0,at_station,,-1.0
886,bus,13,15.0,60.0,at_station,,1.0
886,bus,14,50.0,15.0,at_station,,-1.0
886,bus,15,50.0,25.0,at_station,,1.0
886,bus,16,25.0,60.0,at_station,,-1.0
886,bus,17,15.0,40.0,at_station,,1.0
886,bus,18,50.0,35.0,at_station,,-1.0
886,bus,19,40.0,15.0,at_station,,1.0
886,bus,20,45.0,60.0,at_station,,-1.0
886,bus,21,15.0,20.0,at_station,,1.0
886,bus,22,50.0,55.0,at_station,,-1.0
886,bus,23,20.0,15.0,at_station,,1.0
887,drone,0,46.0,13.0,idle,107.97694251141255,
887,drone,1,60.0,12.0,idle,130.9514342477323,
887,bus,0,15.0,12.5,moving,,1.0
887,bus,1,52.5,60.0,moving,,-1.0
887,bus,2,12.5,15.0,moving,,1.0
887,bus,3,50.0,62.5,moving,,-1.0
887,bus,4,15.0,7.5,moving,,-1.0
887,bus,5,57.5,60.0,moving,,1.0
887,bus,6,7.5,15.0,moving,,-1.0
887,bus,7,50.0,67.5,moving,,1.0
887,bus,8,15.0,27.5,moving,,-1.0
887,bus,9,37.5,60.0,moving,,1.0
887,bus,10,27.5,15.0,moving,,-1.0
887,bus,11,50.0,47.5,moving,,1.0
887,bus,12,15.0,47.5,moving,,-1.0
887,bus,13,17.5,60.0,moving,,1.0
887,bus,14,47.5,15.0,moving,,-1.0
887,bus,15,50.0,27.5,moving,,1.0
887,bus,16,22.5,60.0,moving,,-1.0
887,bus,17,15.0,42.5,moving,,1.0
887,bus,18,50.0,32.5,moving,,-1.0
887,bus,19,42.5,15.0,moving,,1.0
887,bus,20,42.5,60.0,moving,,-1.0
887,bus,21,15.0,22.5,moving,,1.0
887,bus,22,50.0,52.5,moving,,-1.0
887,bus,23,22.5,15.0,moving,,1.0
888,drone,0,46.0,13.0,idle,107.97694251141255,
888,drone,1,60.0,12.0,idle,130.9514342477323,
888,bus,0,15.0,17.5,moving,,1.0
888,bus,1,47.5,60.0,moving,,-1.0
888,bus,2,17.5,15.0,moving,,1.0
888,bus,3,50.0,57.5,moving,,-1.0
888,bus,4,15.0,2.5,moving,,-1.0
888,bus,5,62.5,60.0,moving,,1.0
888,bus,6,2.5,15.0,moving,,-1.0
888,bus,7,50.0,72.5,moving,,1.0
888,bus,8,15.0,22.5,moving,,-1.0
888,bus,9,42.5,60.0,moving,,1.0
888,bus,10,22.5,15.0,moving,,-1.0
888,bus,11,50.0,52.5,moving,,1.0
888,bus,12,15.0,42.5,moving,,-1.0
888,bus,13,22.5,60.0,moving,,1.0
888,bus,14,42.5,15.0,moving,,-1.0
888,bus,15,50.0,32.5,moving,,1.0
888,bus,16,17.5,60.0,moving,,-1.0
888,bus,17,15.0,47.5,moving,,1.0
888,bus,18,50.0,27.5,moving,,-1.0
888,bus,19,47.5,15.0,moving,,1.0
888,bus,20,37.5,60.0,moving,,-1.0
888,bus,21,15.0,27.5,moving,,1.0
888,bus,22,50.0,47.5,moving,,-1.0
888,bus,23,27.5,15.0,moving,,1.0
889,drone,0,46.0,13.0,idle,107.97694251141255,
889,drone,1,60.0,12.0,idle,130.9514342477323,
889,bus,0,15.0,20.0,at_station,,1.0
889,bus,1,45.0,60.0,at_station,,-1.0
889,bus,2,20.0,15.0,at_station,,1.0
889,bus,3,50.0,55.0,at_station,,-1.0
889,bus,4,15.0,0.0,at_station,,-1.0
889,bus,5,65.0,60.0,at_station,,1.0
889,bus,6,0.0,15.0,at_station,,-1.0
889,bus,7,50.0,75.0,at_station,,1.0
889,bus,8,15.0,20.0,at_station,,-1.0
889,bus,9,45.0,60.0,at_station,,1.0
889,bus,10,20.0,15.0,at_station,,-1.0
889,bus,11,50.0,55.0,at_station,,1.0
889,bus,12,15.0,40.0,at_station,,-1.0
889,bus,13,25.0,60.0,at_station,,1.0
889,bus,14,40.0,15.0,at_station,,-1.0
889,bus,15,50.0,35.0,at_station,,1.0
889,bus,16,15.0,60.0,at_station,,-1.0
889,bus,17,15.0,50.0,at_station,,1.0
889,bus,18,50.0,25.0,at_station,,-1.0
889,bus,19,50.0,15.0,at_station,,1.0
889,bus,20,35.0,60.0,at_station,,-1.0
889,bus,21,15.0,30.0,at_station,,1.0
889,bus,22,50.0,45.0,at_station,,-1.0
889,bus,23,30.0,15.0,at_station,,1.0
890,drone,0,46.0,13.0,idle,107.97694251141255,
890,drone,1,60.0,12.0,idle,130.9514342477323,
890,bus,0,15.0,20.0,at_station,,1.0
890,bus,1,45.0,60.0,at_station,,-1.0
890,bus,2,20.0,15.0,at_station,,1.0
890,bus,3,50.0,55.0,at_station,,-1.0
890,bus,4,15.0,0.0,at_station,,-1.0
890,bus,5,65.0,60.0,at_station,,1.0
890,bus,6,0.0,15.0,at_station,,-1.0
890,bus,7,50.0,75.0,at_station,,1.0
890,bus,8,15.0,20.0,at_station,,-1.0
890,bus,9,45.0,60.0,at_station,,1.0
890,bus,10,20.0,15.0,at_station,,-1.0
890,bus,11,50.0,55.0,at_station,,1.0
890,bus,12,15.0,40.0,at_station,,-1.0
890,bus,13,25.0,60.0,at_station,,1.0
890,bus,14,40.0,15.0,at_station,,-1.0
890,bus,15,50.0,35.0,at_station,,1.0
890,bus,16,15.0,60.0,at_station,,-1.0
890,bus,17,15.0,50.0,at_station,,1.0
890,bus,18,50.0,25.0,at_station,,-1.0
890,bus,19,50.0,15.0,at_station,,1.0
890,bus,20,35.0,60.0,at_station,,-1.0
890,bus,21,15.0,30.0,at_station,,1.0
890,bus,22,50.0,45.0,at_station,,-1.0
890,bus,23,30.0,15.0,at_station,,1.0
891,drone,0,46.0,13.0,idle,107.97694251141255,
891,drone,1,60.0,12.0,idle,130.9514342477323,
891,bus,0,15.0,20.0,at_station,,1.0
891,bus,1,45.0,60.0,at_station,,-1.0
891,bus,2,20.0,15.0,at_station,,1.0
891,bus,3,50.0,55.0,at_station,,-1.0
891,bus,4,15.0,0.0,at_station,,-1.0
891,bus,5,65.0,60.0,at_station,,1.0
891,bus,6,0.0,15.0,at_station,,-1.0
891,bus,7,50.0,75.0,at_station,,1.0
891,bus,8,15.0,20.0,at_station,,-1.0
891,bus,9,45.0,60.0,at_station,,1.0
891,bus,10,20.0,15.0,at_station,,-1.0
891,bus,11,50.0,55.0,at_station,,1.0
891,bus,12,15.0,40.0,at_station,,-1.0
891,bus,13,25.0,60.0,at_station,,1.0
891,bus,14,40.0,15.0,at_station,,-1.0
891,bus,15,50.0,35.0,at_station,,1.0
891,bus,16,15.0,60.0,at_station,,-1.0
891,bus,17,15.0,50.0,at_station,,1.0
891,bus,18,50.0,25.0,at_station,,-1.0
891,bus,19,50.0,15.0,at_station,,1.0
891,bus,20,35.0,60.0,at_station,,-1.0
891,bus,21,15.0,30.0,at_station,,1.0
891,bus,22,50.0,45.0,at_station,,-1.0
891,bus,23,30.0,15.0,at_station,,1.0
892,drone,0,46.0,13.0,idle,107.97694251141255,
892,drone,1,60.0,12.0,idle,130.9514342477323,
892,bus,0,15.0,22.5,moving,,1.0
892,bus,1,42.5,60.0,moving,,-1.0
892,bus,2,22.5,15.0,moving,,1.0
892,bus,3,50.0,52.5,moving,,-1.0
892,bus,4,15.0,2.5,moving,,1.0
892,bus,5,62.5,60.0,moving,,-1.0
892,bus,6,2.5,15.0,moving,,1.0
892,bus,7,50.0,72.5,moving,,-1.0
892,bus,8,15.0,17.5,moving,,-1.0
892,bus,9,47.5,60.0,moving,,1.0
892,bus,10,17.5,15.0,moving,,-1.0
892,bus,11,50.0,57.5,moving,,1.0
892,bus,12,15.0,37.5,moving,,-1.0
892,bus,13,27.5,60.0,moving,,1.0
892,bus,14,37.5,15.0,moving,,-1.0
892,bus,15,50.0,37.5,moving,,1.0
892,bus,16,15.0,57.5,moving,,-1.0
892,bus,17,15.0,52.5,moving,,1.0
892,bus,18,50.0,22.5,moving,,-1.0
892,bus,19,50.0,17.5,moving,,1.0
892,bus,20,32.5,60.0,moving,,-1.0
892,bus,21,15.0,32.5,moving,,1.0
892,bus,22,50.0,42.5,moving,,-1.0
892,bus,23,32.5,15.0,moving,,1.0
893,drone,0,46.0,13.0,idle,107.97694251141255,
893,drone,1,60.0,12.0,idle,130.9514342477323,
893,bus,0,15.0,27.5,moving,,1.0
893,bus,1,37.5,60.0,moving,,-1.0
893,bus,2,27.5,15.0,moving,,1.0
893,bus,3,50.0,47.5,moving,,-1.0
893,bus,4,15.0,7.5,moving,,1.0
893,bus,5,57.5,60.0,moving,,-1.0
893,bus,6,7.5,15.0,moving,,1.0
893,bus,7,50.0,67.5,moving,,-1.0
893,bus,8,15.0,12.5,moving,,-1.0
893,bus,9,52.5,60.0,moving,,1.0
893,bus,10,12.5,15.0,moving,,-1.0
893,bus,11,50.0,62.5,moving,,1.0
893,bus,12,15.0,32.5,moving,,-1.0
893,bus,13,32.5,60.0,moving,,1.0
893,bus,14,32.5,15.0,moving,,-1.0
893,bus,15,50.0,42.5,moving,,1.0
893,bus,16,15.0,52.5,moving,,-1.0
893,bus,17,15.0,57.5,moving,,1.0
893,bus,18,50.0,17.5,moving,,-1.0
893,bus,19,50.0,22.5,moving,,1.0
893,bus,20,27.5,60.0,moving,,-1.0
893,bus,21,15.0,37.5,moving,,1.0
893,bus,22,50.0,37.5,moving,,-1.0
893,bus,23,37.5,15.0,moving,,1.0
894,drone,0,46.0,13.0,idle,107.97694251141255,
894,drone,1,60.0,12.0,idle,130.9514342477323,
894,bus,0,15.0,30.0,at_station,,1.0
894,bus,1,35.0,60.0,at_station,,-1.0
894,bus,2,30.0,15.0,at_station,,1.0
894,bus,3,50.0,45.0,at_station,,-1.0
894,bus,4,15.0,10.0,at_station,,1.0
894,bus,5,55.0,60.0,at_station,,-1.0
894,bus,6,10.0,15.0,at_station,,1.0
894,bus,7,50.0,65.0,at_station,,-1.0
894,bus,8,15.0,10.0,at_station,,-1.0
894,bus,9,55.0,60.0,at_station,,1.0
894,bus,10,10.0,15.0,at_station,,-1.0
894,bus,11,50.0,65.0,at_station,,1.0
894,bus,12,15.0,30.0,at_station,,-1.0
894,bus,13,35.0,60.0,at_station,,1.0
894,bus,14,30.0,15.0,at_station,,-1.0
894,bus,15,50.0,45.0,at_station,,1.0
894,bus,16,15.0,50.0,at_station,,-1.0
894,bus,17,15.0,60.0,at_station,,1.0
894,bus,18,50.0,15.0,at_station,,-1.0
894,bus,19,50.0,25.0,at_station,,1.0
894,bus,20,25.0,60.0,at_station,,-1.0
894,bus,21,15.0,40.0,at_station,,1.0
894,bus,22,50.0,35.0,at_station,,-1.0
894,bus,23,40.0,15.0,at_station,,1.0
895,drone,0,46.0,13.0,idle,107.97694251141255,
895,drone,1,60.0,12.0,idle,130.9514342477323,
895,bus,0,15.0,30.0,at_station,,1.0
895,bus,1,35.0,60.0,at_station,,-1.0
895,bus,2,30.0,15.0,at_station,,1.0
895,bus,3,50.0,45.0,at_station,,-1.0
895,bus,4,15.0,10.0,at_station,,1.0
895,bus,5,55.0,60.0,at_station,,-1.0
895,bus,6,10.0,15.0,at_station,,1.0
895,bus,7,50.0,65.0,at_station,,-1.0
895,bus,8,15.0,10.0,at_station,,-1.0
895,bus,9,55.0,60.0,at_station,,1.0
895,bus,10,10.0,15.0,at_station,,-1.0
895,bus,11,50.0,65.0,at_station,,1.0
895,bus,12,15.0,30.0,at_station,,-1.0
895,bus,13,35.0,60.0,at_station,,1.0
895,bus,14,30.0,15.0,at_station,,-1.0
895,bus,15,50.0,45.0,at_station,,1.0
895,bus,16,15.0,50.0,at_station,,-1.0
895,bus,17,15.0,60.0,at_station,,1.0
895,bus,18,50.0,15.0,at_station,,-1.0
895,bus,19,50.0,25.0,at_station,,1.0
895,bus,20,25.0,60.0,at_station,,-1.0
895,bus,21,15.0,40.0,at_station,,1.0
895,bus,22,50.0,35.0,at_station,,-1.0
895,bus,23,40.0,15.0,at_station,,1.0
896,drone,0,46.0,13.0,idle,107.97694251141255,
896,drone,1,60.0,12.0,idle,130.9514342477323,
896,bus,0,15.0,30.0,at_station,,1.0
896,bus,1,35.0,60.0,at_station,,-1.0
896,bus,2,30.0,15.0,at_station,,1.0
896,bus,3,50.0,45.0,at_station,,-1.0
896,bus,4,15.0,10.0,at_station,,1.0
896,bus,5,55.0,60.0,at_station,,-1.0
896,bus,6,10.0,15.0,at_station,,1.0
896,bus,7,50.0,65.0,at_station,,-1.0
896,bus,8,15.0,10.0,at_station,,-1.0
896,bus,9,55.0,60.0,at_station,,1.0
896,bus,10,10.0,15.0,at_station,,-1.0
896,bus,11,50.0,65.0,at_station,,1.0
896,bus,12,15.0,30.0,at_station,,-1.0
896,bus,13,35.0,60.0,at_station,,1.0
896,bus,14,30.0,15.0,at_station,,-1.0
896,bus,15,50.0,45.0,at_station,,1.0
896,bus,16,15.0,50.0,at_station,,-1.0
896,bus,17,15.0,60.0,at_station,,1.0
896,bus,18,50.0,15.0,at_station,,-1.0
896,bus,19,50.0,25.0,at_station,,1.0
896,bus,20,25.0,60.0,at_station,,-1.0
896,bus,21,15.0,40.0,at_station,,1.0
896,bus,22,50.0,35.0,at_station,,-1.0
896,bus,23,40.0,15.0,at_station,,1.0
897,drone,0,46.0,13.0,idle,107.97694251141255,
897,drone,1,60.0,12.0,idle,130.9514342477323,
897,bus,0,15.0,32.5,moving,,1.0
897,bus,1,32.5,60.0,moving,,-1.0
897,bus,2,32.5,15.0,moving,,1.0
897,bus,3,50.0,42.5,moving,,-1.0
897,bus,4,15.0,12.5,moving,,1.0
897,bus,5,52.5,60.0,moving,,-1.0
897,bus,6,12.5,15.0,moving,,1.0
897,bus,7,50.0,62.5,moving,,-1.0
897,bus,8,15.0,7.5,moving,,-1.0
897,bus,9,57.5,60.0,moving,,1.0
897,bus,10,7.5,15.0,moving,,-1.0
897,bus,11,50.0,67.5,moving,,1.0
897,bus,12,15.0,27.5,moving,,-1.0
897,bus,13,37.5,60.0,moving,,1.0
897,bus,14,27.5,15.0,moving,,-1.0
897,bus,15,50.0,47.5,moving,,1.0
897,bus,16,15.0,47.5,moving,,-1.0
897,bus,17,17.5,60.0,moving,,1.0
897,bus,18,47.5,15.0,moving,,-1.0
897,bus,19,50.0,27.5,moving,,1.0
897,bus,20,22.5,60.0,moving,,-1.0
897,bus,21,15.0,42.5,moving,,1.0
897,bus,22,50.0,32.5,moving,,-1.0
897,bus,23,42.5,15.0,moving,,1.0
898,drone,0,46.0,13.0,idle,107.97694251141255,
898,drone,1,60.0,12.0,idle,130.9514342477323,
898,bus,0,15.0,37.5,moving,,1.0
898,bus,1,27.5,60.0,moving,,-1.0
898,bus,2,37.5,15.0,moving,,1.0
898,bus,3,50.0,37.5,moving,,-1.0
898,bus,4,15.0,17.5,moving,,1.0
898,bus,5,47.5,60.0,moving,,-1.0
898,bus,6,17.5,15.0,moving,,1.0
898,bus,7,50.0,57.5,moving,,-1.0
898,bus,8,15.0,2.5,moving,,-1.0
898,bus,9,62.5,60.0,moving,,1.0
898,bus,10,2.5,15.0,moving,,-1.0
898,bus,11,50.0,72.5,moving,,1.0
898,bus,12,15.0,22.5,moving,,-1.0
898,bus,13,42.5,60.0,moving,,1.0
898,bus,14,22.5,15.0,moving,,-1.0
898,bus,15,50.0,52.5,moving,,1.0
898,bus,16,15.0,42.5,moving,,-1.0
898,bus,17,22.5,60.0,moving,,1.0
898,bus,18,42.5,15.0,moving,,-1.0
898,bus,19,50.0,32.5,moving,,1.0
898,bus,20,17.5,60.0,moving,,-1.0
898,bus,21,15.0,47.5,moving,,1.0
898,bus,22,50.0,27.5,moving,,-1.0
898,bus,23,47.5,15.0,moving,,1.0
899,drone,0,46.0,13.0,idle,107.97694251141255,
899,drone,1,60.0,12.0,idle,130.9514342477323,
899,bus,0,15.0,40.0,at_station,,1.0
899,bus,1,25.0,60.0,at_station,,-1.0
899,bus,2,40.0,15.0,at_station,,1.0
899,bus,3,50.0,35.0,at_station,,-1.0
899,bus,4,15.0,20.0,at_station,,1.0
899,bus,5,45.0,60.0,at_station,,-1.0
899,bus,6,20.0,15.0,at_station,,1.0
899,bus,7,50.0,55.0,at_station,,-1.0
899,bus,8,15.0,0.0,at_station,,-1.0
899,bus,9,65.0,60.0,at_station,,1.0
899,bus,10,0.0,15.0,at_station,,-1.0
899,bus,11,50.0,75.0,at_station,,1.0
899,bus,12,15.0,20.0,at_station,,-1.0
899,bus,13,45.0,60.0,at_station,,1.0
899,bus,14,20.0,15.0,at_station,,-1.0
899,bus,15,50.0,55.0,at_station,,1.0
899,bus,16,15.0,40.0,at_station,,-1.0
899,bus,17,25.0,60.0,at_station,,1.0
899,bus,18,40.0,15.0,at_station,,-1.0
899,bus,19,50.0,35.0,at_station,,1.0
899,bus,20,15.0,60.0,at_station,,-1.0
899,bus,21,15.0,50.0,at_station,,1.0
899,bus,22,50.0,25.0,at_station,,-1.0
899,bus,23,50.0,15.0,at_station,,1.0
900,drone,0,46.0,13.0,idle,107.97694251141255,
900,drone,1,60.0,12.0,idle,130.9514342477323,
900,bus,0,15.0,40.0,at_station,,1.0
900,bus,1,25.0,60.0,at_station,,-1.0
900,bus,2,40.0,15.0,at_station,,1.0
900,bus,3,50.0,35.0,at_station,,-1.0
900,bus,4,15.0,20.0,at_station,,1.0
900,bus,5,45.0,60.0,at_station,,-1.0
900,bus,6,20.0,15.0,at_station,,1.0
900,bus,7,50.0,55.0,at_station,,-1.0
900,bus,8,15.0,0.0,at_station,,-1.0
900,bus,9,65.0,60.0,at_station,,1.0
900,bus,10,0.0,15.0,at_station,,-1.0
900,bus,11,50.0,75.0,at_station,,1.0
900,bus,12,15.0,20.0,at_station,,-1.0
900,bus,13,45.0,60.0,at_station,,1.0
900,bus,14,20.0,15.0,at_station,,-1.0
900,bus,15,50.0,55.0,at_station,,1.0
900,bus,16,15.0,40.0,at_station,,-1.0
900,bus,17,25.0,60.0,at_station,,1.0
900,bus,18,40.0,15.0,at_station,,-1.0
900,bus,19,50.0,35.0,at_station,,1.0
900,bus,20,15.0,60.0,at_station,,-1.0
900,bus,21,15.0,50.0,at_station,,1.0
900,bus,22,50.0,25.0,at_station,,-1.0
900,bus,23,50.0,15.0,at_station,,1.0
901,drone,0,46.0,13.0,idle,107.97694251141255,
901,drone,1,60.0,12.0,idle,130.9514342477323,
901,bus,0,15.0,40.0,at_station,,1.0
901,bus,1,25.0,60.0,at_station,,-1.0
901,bus,2,40.0,15.0,at_station,,1.0
901,bus,3,50.0,35.0,at_station,,-1.0
901,bus,4,15.0,20.0,at_station,,1.0
901,bus,5,45.0,60.0,at_station,,-1.0
901,bus,6,20.0,15.0,at_station,,1.0
901,bus,7,50.0,55.0,at_station,,-1.0
901,bus,8,15.0,0.0,at_station,,-1.0
901,bus,9,65.0,60.0,at_station,,1.0
901,bus,10,0.0,15.0,at_station,,-1.0
901,bus,11,50.0,75.0,at_station,,1.0
901,bus,12,15.0,20.0,at_station,,-1.0
901,bus,13,45.0,60.0,at_station,,1.0
901,bus,14,20.0,15.0,at_station,,-1.0
901,bus,15,50.0,55.0,at_station,,1.0
901,bus,16,15.0,40.0,at_station,,-1.0
901,bus,17,25.0,60.0,at_station,,1.0
901,bus,18,40.0,15.0,at_station,,-1.0
901,bus,19,50.0,35.0,at_station,,1.0
901,bus,20,15.0,60.0,at_station,,-1.0
901,bus,21,15.0,50.0,at_station,,1.0
901,bus,22,50.0,25.0,at_station,,-1.0
901,bus,23,50.0,15.0,at_station,,1.0
902,drone,0,46.0,13.0,idle,107.97694251141255,
902,drone,1,60.0,12.0,idle,130.9514342477323,
902,bus,0,15.0,42.5,moving,,1.0
902,bus,1,22.5,60.0,moving,,-1.0
902,bus,2,42.5,15.0,moving,,1.0
902,bus,3,50.0,32.5,moving,,-1.0
902,bus,4,15.0,22.5,moving,,1.0
902,bus,5,42.5,60.0,moving,,-1.0
902,bus,6,22.5,15.0,moving,,1.0
902,bus,7,50.0,52.5,moving,,-1.0
902,bus,8,15.0,2.5,moving,,1.0
902,bus,9,62.5,60.0,moving,,-1.0
902,bus,10,2.5,15.0,moving,,1.0
902,bus,11,50.0,72.5,moving,,-1.0
902,bus,12,15.0,17.5,moving,,-1.0
902,bus,13,47.5,60.0,moving,,1.0
902,bus,14,17.5,15.0,moving,,-1.0
902,bus,15,50.0,57.5,moving,,1.0
902,bus,16,15.0,37.5,moving,,-1.0
902,bus,17,27.5,60.0,moving,,1.0
902,bus,18,37.5,15.0,moving,,-1.0
902,bus,19,50.0,37.5,moving,,1.0
902,bus,20,15.0,57.5,moving,,-1.0
902,bus,21,15.0,52.5,moving,,1.0
902,bus,22,50.0,22.5,moving,,-1.0
902,bus,23,50.0,17.5,moving,,1.0
903,drone,0,46.0,13.0,idle,107.97694251141255,
903,drone,1,60.0,12.0,idle,130.9514342477323,
903,bus,0,15.0,47.5,moving,,1.0
903,bus,1,17.5,60.0,moving,,-1.0
903,bus,2,47.5,15.0,moving,,1.0
903,bus,3,50.0,27.5,moving,,-1.0
903,bus,4,15.0,27.5,moving,,1.0
903,bus,5,37.5,60.0,moving,,-1.0
903,bus,6,27.5,15.0,moving,,1.0
903,bus,7,50.0,47.5,moving,,-1.0
903,bus,8,15.0,7.5,moving,,1.0
903,bus,9,57.5,60.0,moving,,-1.0
903,bus,10,7.5,15.0,moving,,1.0
903,bus,11,50.0,67.5,moving,,-1.0
903,bus,12,15.0,12.5,moving,,-1.0
903,bus,13,52.5,60.0,moving,,1.0
903,bus,14,12.5,15.0,moving,,-1.0
903,bus,15,50.0,62.5,moving,,1.0
903,bus,16,15.0,32.5,moving,,-1.0
903,bus,17,32.5,60.0,moving,,1.0
903,bus,18,32.5,15.0,moving,,-1.0
903,bus,19,50.0,42.5,moving,,1.0
903,bus,20,15.0,52.5,moving,,-1.0
903,bus,21,15.0,57.5,moving,,1.0
903,bus,22,50.0,17.5,moving,,-1.0
903,bus,23,50.0,22.5,moving,,1.0
904,drone,0,46.0,13.0,idle,107.97694251141255,
904,drone,1,60.0,12.0,idle,130.9514342477323,
904,bus,0,15.0,50.0,at_station,,1.0
904,bus,1,15.0,60.0,at_station,,-1.0
904,bus,2,50.0,15.0,at_station,,1.0
904,bus,3,50.0,25.0,at_station,,-1.0
904,bus,4,15.0,30.0,at_station,,1.0
904,bus,5,35.0,60.0,at_station,,-1.0
904,bus,6,30.0,15.0,at_station,,1.0
904,bus,7,50.0,45.0,at_station,,-1.0
904,bus,8,15.0,10.0,at_station,,1.0
904,bus,9,55.0,60.0,at_station,,-1.0
904,bus,10,10.0,15.0,at_station,,1.0
904,bus,11,50.0,65.0,at_station,,-1.0
904,bus,12,15.0,10.0,at_station,,-1.0
904,bus,13,55.0,60.0,at_station,,1.0
904,bus,14,10.0,15.0,at_station,,-1.0
904,bus,15,50.0,65.0,at_station,,1.0
904,bus,16,15.0,30.0,at_station,,-1.0
904,bus,17,35.0,60.0,at_station,,1.0
904,bus,18,30.0,15.0,at_station,,-1.0
904,bus,19,50.0,45.0,at_station,,1.0
904,bus,20,15.0,50.0,at_station,,-1.0
904,bus,21,15.0,60.0,at_station,,1.0
904,bus,22,50.0,15.0,at_station,,-1.0
904,bus,23,50.0,25.0,at_station,,1.0
905,drone,0,46.0,13.0,idle,107.97694251141255,
905,drone,1,60.0,12.0,idle,130.9514342477323,
905,bus,0,15.0,50.0,at_station,,1.0
905,bus,1,15.0,60.0,at_station,,-1.0
905,bus,2,50.0,15.0,at_station,,1.0
905,bus,3,50.0,25.0,at_station,,-1.0
905,bus,4,15.0,30.0,at_station,,1.0
905,bus,5,35.0,60.0,at_station,,-1.0
905,bus,6,30.0,15.0,at_station,,1.0
905,bus,7,50.0,45.0,at_station,,-1.0
905,bus,8,15.0,10.0,at_station,,1.0
905,bus,9,55.0,60.0,at_station,,-1.0
905,bus,10,10.0,15.0,at_station,,1.0
905,bus,11,50.0,65.0,at_station,,-1.0
905,bus,12,15.0,10.0,at_station,,-1.0
905,bus,13,55.0,60.0,at_station,,1.0
905,bus,14,10.0,15.0,at_station,,-1.0
905,bus,15,50.0,65.0,at_station,,1.0
905,bus,16,15.0,30.0,at_station,,-1.0
905,bus,17,35.0,60.0,at_station,,1.0
905,bus,18,30.0,15.0,at_station,,-1.0
905,bus,19,50.0,45.0,at_station,,1.0
905,bus,20,15.0,50.0,at_station,,-1.0
905,bus,21,15.0,60.0,at_station,,1.0
905,bus,22,50.0,15.0,at_station,,-1.0
905,bus,23,50.0,25.0,at_station,,1.0
906,drone,0,46.0,13.0,idle,107.97694251141255,
906,drone,1,60.0,12.0,idle,130.9514342477323,
906,bus,0,15.0,50.0,at_station,,1.0
906,bus,1,15.0,60.0,at_station,,-1.0
906,bus,2,50.0,15.0,at_station,,1.0
906,bus,3,50.0,25.0,at_station,,-1.0
906,bus,4,15.0,30.0,at_station,,1.0
906,bus,5,35.0,60.0,at_station,,-1.0
906,bus,6,30.0,15.0,at_station,,1.0
906,bus,7,50.0,45.0,at_station,,-1.0
906,bus,8,15.0,10.0,at_station,,1.0
906,bus,9,55.0,60.0,at_station,,-1.0
906,bus,10,10.0,15.0,at_station,,1.0
906,bus,11,50.0,65.0,at_station,,-1.0
906,bus,12,15.0,10.0,at_station,,-1.0
906,bus,13,55.0,60.0,at_station,,1.0
906,bus,14,10.0,15.0,at_station,,-1.0
906,bus,15,50.0,65.0,at_station,,1.0
906,bus,16,15.0,30.0,at_station,,-1.0
906,bus,17,35.0,60.0,at_station,,1.0
906,bus,18,30.0,15.0,at_station,,-1.0
906,bus,19,50.0,45.0,at_station,,1.0
906,bus,20,15.0,50.0,at_station,,-1.0
906,bus,21,15.0,60.0,at_station,,1.0
906,bus,22,50.0,15.0,at_station,,-1.0
906,bus,23,50.0,25.0,at_station,,1.0
907,drone,0,46.0,13.0,idle,107.97694251141255,
907,drone,1,60.0,12.0,idle,130.9514342477323,
907,bus,0,15.0,52.5,moving,,1.0
907,bus,1,15.0,57.5,moving,,-1.0
907,bus,2,50.0,17.5,moving,,1.0
907,bus,3,50.0,22.5,moving,,-1.0
907,bus,4,15.0,32.5,moving,,1.0
907,bus,5,32.5,60.0,moving,,-1.0
907,bus,6,32.5,15.0,moving,,1.0
907,bus,7,50.0,42.5,moving,,-1.0
907,bus,8,15.0,12.5,moving,,1.0
907,bus,9,52.5,60.0,moving,,-1.0
907,bus,10,12.5,15.0,moving,,1.0
907,bus,11,50.0,62.5,moving,,-1.0
907,bus,12,15.0,7.5,moving,,-1.0
907,bus,13,57.5,60.0,moving,,1.0
907,bus,14,7.5,15.0,moving,,-1.0
907,bus,15,50.0,67.5,moving,,1.0
907,bus,16,15.0,27.5,moving,,-1.0
907,bus,17,37.5,60.0,moving,,1.0
907,bus,18,27.5,15.0,moving,,-1.0
907,bus,19,50.0,47.5,moving,,1.0
907,bus,20,15.0,47.5,moving,,-1.0
907,bus,21,17.5,60.0,moving,,1.0
907,bus,22,47.5,15.0,moving,,-1.0
907,bus,23,50.0,27.5,moving,,1.0
908,drone,0,46.0,13.0,idle,107.97694251141255,
908,drone,1,60.0,12.0,idle,130.9514342477323,
908,bus,0,15.0,57.5,moving,,1.0
908,bus,1,15.0,52.5,moving,,-1.0
908,bus,2,50.0,22.5,moving,,1.0
908,bus,3,50.0,17.5,moving,,-1.0
908,bus,4,15.0,37.5,moving,,1.0
908,bus,5,27.5,60.0,moving,,-1.0
908,bus,6,37.5,15.0,moving,,1.0
908,bus,7,50.0,37.5,moving,,-1.0
908,bus,8,15.0,17.5,moving,,1.0
908,bus,9,47.5,60.0,moving,,-1.0
908,bus,10,17.5,15.0,moving,,1.0
908,bus,11,50.0,57.5,moving,,-1.0
908,bus,12,15.0,2.5,moving,,-1.0
908,bus,13,62.5,60.0,moving,,1.0
908,bus,14,2.5,15.0,moving,,-1.0
908,bus,15,50.0,72.5,moving,,1.0
908,bus,16,15.0,22.5,moving,,-1.0
908,bus,17,42.5,60.0,moving,,1.0
908,bus,18,22.5,15.0,moving,,-1.0
908,bus,19,50.0,52.5,moving,,1.0
908,bus,20,15.0,42.5,moving,,-1.0
908,bus,21,22.5,60.0,moving,,1.0
908,bus,22,42.5,15.0,moving,,-1.0
908,bus,23,50.0,32.5,moving,,1.0
909,drone,0,46.0,13.0,idle,107.97694251141255,
909,drone,1,60.0,12.0,idle,130.9514342477323,
909,bus,0,15.0,60.0,at_station,,1.0
909,bus,1,15.0,50.0,at_station,,-1.0
909,bus,2,50.0,25.0,at_station,,1.0
909,bus,3,50.0,15.0,at_station,,-1.0
909,bus,4,15.0,40.0,at_station,,1.0
909,bus,5,25.0,60.0,at_station,,-1.0
909,bus,6,40.0,15.0,at_station,,1.0
909,bus,7,50.0,35.0,at_station,,-1.0
909,bus,8,15.0,20.0,at_station,,1.0
909,bus,9,45.0,60.0,at_station,,-1.0
909,bus,10,20.0,15.0,at_station,,1.0
909,bus,11,50.0,55.0,at_station,,-1.0
909,bus,12,15.0,0.0,at_station,,-1.0
909,bus,13,65.0,60.0,at_station,,1.0
909,bus,14,0.0,15.0,at_station,,-1.0
909,bus,15,50.0,75.0,at_station,,1.0
909,bus,16,15.0,20.0,at_station,,-1.0
909,bus,17,45.0,60.0,at_station,,1.0
909,bus,18,20.0,15.0,at_station,,-1.0
909,bus,19,50.0,55.0,at_station,,1.0
909,bus,20,15.0,40.0,at_station,,-1.0
909,bus,21,25.0,60.0,at_station,,1.0
909,bus,22,40.0,15.0,at_station,,-1.0
909,bus,23,50.0,35.0,at_station,,1.0
910,drone,0,46.0,13.0,idle,107.97694251141255,
910,drone,1,60.0,12.0,idle,130.9514342477323,
910,bus,0,15.0,60.0,at_station,,1.0
910,bus,1,15.0,50.0,at_station,,-1.0
910,bus,2,50.0,25.0,at_station,,1.0
910,bus,3,50.0,15.0,at_station,,-1.0
910,bus,4,15.0,40.0,at_station,,1.0
910,bus,5,25.0,60.0,at_station,,-1.0
910,bus,6,40.0,15.0,at_station,,1.0
910,bus,7,50.0,35.0,at_station,,-1.0
910,bus,8,15.0,20.0,at_station,,1.0
910,bus,9,45.0,60.0,at_station,,-1.0
910,bus,10,20.0,15.0,at_station,,1.0
910,bus,11,50.0,55.0,at_station,,-1.0
910,bus,12,15.0,0.0,at_station,,-1.0
910,bus,13,65.0,60.0,at_station,,1.0
910,bus,14,0.0,15.0,at_station,,-1.0
910,bus,15,50.0,75.0,at_station,,1.0
910,bus,16,15.0,20.0,at_station,,-1.0
910,bus,17,45.0,60.0,at_station,,1.0
910,bus,18,20.0,15.0,at_station,,-1.0
910,bus,19,50.0,55.0,at_station,,1.0
910,bus,20,15.0,40.0,at_station,,-1.0
910,bus,21,25.0,60.0,at_station,,1.0
910,bus,22,40.0,15.0,at_station,,-1.0
910,bus,23,50.0,35.0,at_station,,1.0
911,drone,0,46.0,13.0,idle,107.97694251141255,
911,drone,1,60.0,12.0,idle,130.9514342477323,
911,bus,0,15.0,60.0,at_station,,1.0
911,bus,1,15.0,50.0,at_station,,-1.0
911,bus,2,50.0,25.0,at_station,,1.0
911,bus,3,50.0,15.0,at_station,,-1.0
911,bus,4,15.0,40.0,at_station,,1.0
911,bus,5,25.0,60.0,at_station,,-1.0
911,bus,6,40.0,15.0,at_station,,1.0
911,bus,7,50.0,35.0,at_station,,-1.0
911,bus,8,15.0,20.0,at_station,,1.0
911,bus,9,45.0,60.0,at_station,,-1.0
911,bus,10,20.0,15.0,at_station,,1.0
911,bus,11,50.0,55.0,at_station,,-1.0
911,bus,12,15.0,0.0,at_station,,-1.0
911,bus,13,65.0,60.0,at_station,,1.0
911,bus,14,0.0,15.0,at_station,,-1.0
911,bus,15,50.0,75.0,at_station,,1.0
911,bus,16,15.0,20.0,at_station,,-1.0
911,bus,17,45.0,60.0,at_station,,1.0
911,bus,18,20.0,15.0,at_station,,-1.0
911,bus,19,50.0,55.0,at_station,,1.0
911,bus,20,15.0,40.0,at_station,,-1.0
911,bus,21,25.0,60.0,at_station,,1.0
911,bus,22,40.0,15.0,at_station,,-1.0
911,bus,23,50.0,35.0,at_station,,1.0
912,drone,0,46.0,13.0,idle,107.97694251141255,
912,drone,1,60.0,12.0,idle,130.9514342477323,
912,bus,0,17.5,60.0,moving,,1.0
912,bus,1,15.0,47.5,moving,,-1.0
912,bus,2,50.0,27.5,moving,,1.0
912,bus,3,47.5,15.0,moving,,-1.0
912,bus,4,15.0,42.5,moving,,1.0
912,bus,5,22.5,60.0,moving,,-1.0
912,bus,6,42.5,15.0,moving,,1.0
912,bus,7,50.0,32.5,moving,,-1.0
912,bus,8,15.0,22.5,moving,,1.0
912,bus,9,42.5,60.0,moving,,-1.0
912,bus,10,22.5,15.0,moving,,1.0
912,bus,11,50.0,52.5,moving,,-1.0
912,bus,12,15.0,2.5,moving,,1.0
912,bus,13,62.5,60.0,moving,,-1.0
912,bus,14,2.5,15.0,moving,,1.0
912,bus,15,50.0,72.5,moving,,-1.0
912,bus,16,15.0,17.5,moving,,-1.0
912,bus,17,47.5,60.0,moving,,1.0
912,bus,18,17.5,15.0,moving,,-1.0
912,bus,19,50.0,57.5,moving,,1.0
912,bus,20,15.0,37.5,moving,,-1.0
912,bus,21,27.5,60.0,moving,,1.0
912,bus,22,37.5,15.0,moving,,-1.0
912,bus,23,50.0,37.5,moving,,1.0
913,drone,0,46.0,13.0,idle,107.97694251141255,
913,drone,1,60.0,12.0,idle,130.9514342477323,
913,bus,0,22.5,60.0,moving,,1.0
913,bus,1,15.0,42.5,moving,,-1.0
913,bus,2,50.0,32.5,moving,,1.0
913,bus,3,42.5,15.0,moving,,-1.0
913,bus,4,15.0,47.5,moving,,1.0
913,bus,5,17.5,60.0,moving,,-1.0
913,bus,6,47.5,15.0,moving,,1.0
913,bus,7,50.0,27.5,moving,,-1.0
913,bus,8,15.0,27.5,moving,,1.0
913,bus,9,37.5,60.0,moving,,-1.0
913,bus,10,27.5,15.0,moving,,1.0
913,bus,11,50.0,47.5,moving,,-1.0
913,bus,12,15.0,7.5,moving,,1.0
913,bus,13,57.5,60.0,moving,,-1.0
913,bus,14,7.5,15.0,moving,,1.0
913,bus,15,50.0,67.5,moving,,-1.0
913,bus,16,15.0,12.5,moving,,-1.0
913,bus,17,52.5,60.0,moving,,1.0
913,bus,18,12.5,15.0,moving,,-1.0
913,bus,19,50.0,62.5,moving,,1.0
913,bus,20,15.0,32.5,moving,,-1.0
913,bus,21,32.5,60.0,moving,,1.0
913,bus,22,32.5,15.0,moving,,-1.0
913,bus,23,50.0,42.5,moving,,1.0
914,drone,0,46.0,13.0,idle,107.97694251141255,
914,drone,1,60.0,12.0,idle,130.9514342477323,
914,bus,0,25.0,60.0,at_station,,1.0
914,bus,1,15.0,40.0,at_station,,-1.0
914,bus,2,50.0,35.0,at_station,,1.0
914,bus,3,40.0,15.0,at_station,,-1.0
914,bus,4,15.0,50.0,at_station,,1.0
914,bus,5,15.0,60.0,at_station,,-1.0
914,bus,6,50.0,15.0,at_station,,1.0
914,bus,7,50.0,25.0,at_station,,-1.0
914,bus,8,15.0,30.0,at_station,,1.0
914,bus,9,35.0,60.0,at_station,,-1.0
914,bus,10,30.0,15.0,at_station,,1.0
914,bus,11,50.0,45.0,at_station,,-1.0
914,bus,12,15.0,10.0,at_station,,1.0
914,bus,13,55.0,60.0,at_station,,-1.0
914,bus,14,10.0,15.0,at_station,,1.0
914,bus,15,50.0,65.0,at_station,,-1.0
914,bus,16,15.0,10.0,at_station,,-1.0
914,bus,17,55.0,60.0,at_station,,1.0
914,bus,18,10.0,15.0,at_station,,-1.0
914,bus,19,50.0,65.0,at_station,,1.0
914,bus,20,15.0,30.0,at_station,,-1.0
914,bus,21,35.0,60.0,at_station,,1.0
914,bus,22,30.0,15.0,at_station,,-1.0
914,bus,23,50.0,45.0,at_station,,1.0
915,drone,0,46.0,13.0,idle,107.97694251141255,
915,drone,1,60.0,12.0,idle,130.9514342477323,
915,bus,0,25.0,60.0,at_station,,1.0
915,bus,1,15.0,40.0,at_station,,-1.0
915,bus,2,50.0,35.0,at_station,,1.0
915,bus,3,40.0,15.0,at_station,,-1.0
915,bus,4,15.0,50.0,at_station,,1.0
915,bus,5,15.0,60.0,at_station,,-1.0
915,bus,6,50.0,15.0,at_station,,1.0
915,bus,7,50.0,25.0,at_station,,-1.0
915,bus,8,15.0,30.0,at_station,,1.0
915,bus,9,35.0,60.0,at_station,,-1.0
915,bus,10,30.0,15.0,at_station,,1.0
915,bus,11,50.0,45.0,at_station,,-1.0
915,bus,12,15.0,10.0,at_station,,1.0
915,bus,13,55.0,60.0,at_station,,-1.0
915,bus,14,10.0,15.0,at_station,,1.0
915,bus,15,50.0,65.0,at_station,,-1.0
915,bus,16,15.0,10.0,at_station,,-1.0
915,bus,17,55.0,60.0,at_station,,1.0
915,bus,18,10.0,15.0,at_station,,-1.0
915,bus,19,50.0,65.0,at_station,,1.0
915,bus,20,15.0,30.0,at_station,,-1.0
915,bus,21,35.0,60.0,at_station,,1.0
915,bus,22,30.0,15.0,at_station,,-1.0
915,bus,23,50.0,45.0,at_station,,1.0
916,drone,0,46.0,13.0,idle,107.97694251141255,
916,drone,1,60.0,12.0,idle,130.9514342477323,
916,bus,0,25.0,60.0,at_station,,1.0
916,bus,1,15.0,40.0,at_station,,-1.0
916,bus,2,50.0,35.0,at_station,,1.0
916,bus,3,40.0,15.0,at_station,,-1.0
916,bus,4,15.0,50.0,at_station,,1.0
916,bus,5,15.0,60.0,at_station,,-1.0
916,bus,6,50.0,15.0,at_station,,1.0
916,bus,7,50.0,25.0,at_station,,-1.0
916,bus,8,15.0,30.0,at_station,,1.0
916,bus,9,35.0,60.0,at_station,,-1.0
916,bus,10,30.0,15.0,at_station,,1.0
916,bus,11,50.0,45.0,at_station,,-1.0
916,bus,12,15.0,10.0,at_station,,1.0
916,bus,13,55.0,60.0,at_station,,-1.0
916,bus,14,10.0,15.0,at_station,,1.0
916,bus,15,50.0,65.0,at_station,,-1.0
916,bus,16,15.0,10.0,at_station,,-1.0
916,bus,17,55.0,60.0,at_station,,1.0
916,bus,18,10.0,15.0,at_station,,-1.0
916,bus,19,50.0,65.0,at_station,,1.0
916,bus,20,15.0,30.0,at_station,,-1.0
916,bus,21,35.0,60.0,at_station,,1.0
916,bus,22,30.0,15.0,at_station,,-1.0
916,bus,23,50.0,45.0,at_station,,1.0
917,drone,0,46.0,13.0,idle,107.97694251141255,
917,drone,1,60.0,12.0,idle,130.9514342477323,
917,bus,0,27.5,60.0,moving,,1.0
917,bus,1,15.0,37.5,moving,,-1.0
917,bus,2,50.0,37.5,moving,,1.0
917,bus,3,37.5,15.0,moving,,-1.0
917,bus,4,15.0,52.5,moving,,1.0
917,bus,5,15.0,57.5,moving,,-1.0
917,bus,6,50.0,17.5,moving,,1.0
917,bus,7,50.0,22.5,moving,,-1.0
917,bus,8,15.0,32.5,moving,,1.0
917,bus,9,32.5,60.0,moving,,-1.0
917,bus,10,32.5,15.0,moving,,1.0
917,bus,11,50.0,42.5,moving,,-1.0
917,bus,12,15.0,12.5,moving,,1.0
917,bus,13,52.5,60.0,moving,,-1.0
917,bus,14,12.5,15.0,moving,,1.0
917,bus,15,50.0,62.5,moving,,-1.0
917,bus,16,15.0,7.5,moving,,-1.0
917,bus,17,57.5,60.0,moving,,1.0
917,bus,18,7.5,15.0,moving,,-1.0
917,bus,19,50.0,67.5,moving,,1.0
917,bus,20,15.0,27.5,moving,,-1.0
917,bus,21,37.5,60.0,moving,,1.0
917,bus,22,27.5,15.0,moving,,-1.0
917,bus,23,50.0,47.5,moving,,1.0
918,drone,0,46.0,13.0,idle,107.97694251141255,
918,drone,1,60.0,12.0,idle,130.9514342477323,
918,bus,0,32.5,60.0,moving,,1.0
918,bus,1,15.0,32.5,moving,,-1.0
918,bus,2,50.0,42.5,moving,,1.0
918,bus,3,32.5,15.0,moving,,-1.0
918,bus,4,15.0,57.5,moving,,1.0
918,bus,5,15.0,52.5,moving,,-1.0
918,bus,6,50.0,22.5,moving,,1.0
918,bus,7,50.0,17.5,moving,,-1.0
918,bus,8,15.0,37.5,moving,,1.0
918,bus,9,27.5,60.0,moving,,-1.0
918,bus,10,37.5,15.0,moving,,1.0
918,bus,11,50.0,37.5,moving,,-1.0
918,bus,12,15.0,17.5,moving,,1.0
918,bus,13,47.5,60.0,moving,,-1.0
918,bus,14,17.5,15.0,moving,,1.0
918,bus,15,50.0,57.5,moving,,-1.0
918,bus,16,15.0,2.5,moving,,-1.0
918,bus,17,62.5,60.0,moving,,1.0
918,bus,18,2.5,15.0,moving,,-1.0
918,bus,19,50.0,72.5,moving,,1.0
918,bus,20,15.0,22.5,moving,,-1.0
918,bus,21,42.5,60.0,moving,,1.0
918,bus,22,22.5,15.0,moving,,-1.0
918,bus,23,50.0,52.5,moving,,1.0
919,drone,0,46.0,13.0,idle,107.97694251141255,
919,drone,1,60.0,12.0,idle,130.9514342477323,
919,bus,0,35.0,60.0,at_station,,1.0
919,bus,1,15.0,30.0,at_station,,-1.0
919,bus,2,50.0,45.0,at_station,,1.0
919,bus,3,30.0,15.0,at_station,,-1.0
919,bus,4,15.0,60.0,at_station,,1.0
919,bus,5,15.0,50.0,at_station,,-1.0
919,bus,6,50.0,25.0,at_station,,1.0
919,bus,7,50.0,15.0,at_station,,-1.0
919,bus,8,15.0,40.0,at_station,,1.0
919,bus,9,25.0,60.0,at_station,,-1.0
919,bus,10,40.0,15.0,at_station,,1.0
919,bus,11,50.0,35.0,at_station,,-1.0
919,bus,12,15.0,20.0,at_station,,1.0
919,bus,13,45.0,60.0,at_station,,-1.0
919,bus,14,20.0,15.0,at_station,,1.0
919,bus,15,50.0,55.0,at_station,,-1.0
919,bus,16,15.0,0.0,at_station,,-1.0
919,bus,17,65.0,60.0,at_station,,1.0
919,bus,18,0.0,15.0,at_station,,-1.0
919,bus,19,50.0,75.0,at_station,,1.0
919,bus,20,15.0,20.0,at_station,,-1.0
919,bus,21,45.0,60.0,at_station,,1.0
919,bus,22,20.0,15.0,at_station,,-1.0
919,bus,23,50.0,55.0,at_station,,1.0
920,drone,0,46.0,13.0,idle,107.97694251141255,
920,drone,1,60.0,12.0,idle,130.9514342477323,
920,bus,0,35.0,60.0,at_station,,1.0
920,bus,1,15.0,30.0,at_station,,-1.0
920,bus,2,50.0,45.0,at_station,,1.0
920,bus,3,30.0,15.0,at_station,,-1.0
920,bus,4,15.0,60.0,at_station,,1.0
920,bus,5,15.0,50.0,at_station,,-1.0
920,bus,6,50.0,25.0,at_station,,1.0
920,bus,7,50.0,15.0,at_station,,-1.0
920,bus,8,15.0,40.0,at_station,,1.0
920,bus,9,25.0,60.0,at_station,,-1.0
920,bus,10,40.0,15.0,at_station,,1.0
920,bus,11,50.0,35.0,at_station,,-1.0
920,bus,12,15.0,20.0,at_station,,1.0
920,bus,13,45.0,60.0,at_station,,-1.0
920,bus,14,20.0,15.0,at_station,,1.0
920,bus,15,50.0,55.0,at_station,,-1.0
920,bus,16,15.0,0.0,at_station,,-1.0
920,bus,17,65.0,60.0,at_station,,1.0
920,bus,18,0.0,15.0,at_station,,-1.0
920,bus,19,50.0,75.0,at_station,,1.0
920,bus,20,15.0,20.0,at_station,,-1.0
920,bus,21,45.0,60.0,at_station,,1.0
920,bus,22,20.0,15.0,at_station,,-1.0
920,bus,23,50.0,55.0,at_station,,1.0
921,drone,0,46.0,13.0,idle,107.97694251141255,
921,drone,1,60.0,12.0,idle,130.9514342477323,
921,bus,0,35.0,60.0,at_station,,1.0
921,bus,1,15.0,30.0,at_station,,-1.0
921,bus,2,50.0,45.0,at_station,,1.0
921,bus,3,30.0,15.0,at_station,,-1.0
921,bus,4,15.0,60.0,at_station,,1.0
921,bus,5,15.0,50.0,at_station,,-1.0
921,bus,6,50.0,25.0,at_station,,1.0
921,bus,7,50.0,15.0,at_station,,-1.0
921,bus,8,15.0,40.0,at_station,,1.0
921,bus,9,25.0,60.0,at_station,,-1.0
921,bus,10,40.0,15.0,at_station,,1.0
921,bus,11,50.0,35.0,at_station,,-1.0
921,bus,12,15.0,20.0,at_station,,1.0
921,bus,13,45.0,60.0,at_station,,-1.0
921,bus,14,20.0,15.0,at_station,,1.0
921,bus,15,50.0,55.0,at_station,,-1.0
921,bus,16,15.0,0.0,at_station,,-1.0
921,bus,17,65.0,60.0,at_station,,1.0
921,bus,18,0.0,15.0,at_station,,-1.0
921,bus,19,50.0,75.0,at_station,,1.0
921,bus,20,15.0,20.0,at_station,,-1.0
921,bus,21,45.0,60.0,at_station,,1.0
921,bus,22,20.0,15.0,at_station,,-1.0
921,bus,23,50.0,55.0,at_station,,1.0
922,drone,0,46.0,13.0,idle,107.97694251141255,
922,drone,1,60.0,12.0,idle,130.9514342477323,
922,bus,0,37.5,60.0,moving,,1.0
922,bus,1,15.0,27.5,moving,,-1.0
922,bus,2,50.0,47.5,moving,,1.0
922,bus,3,27.5,15.0,moving,,-1.0
922,bus,4,17.5,60.0,moving,,1.0
922,bus,5,15.0,47.5,moving,,-1.0
922,bus,6,50.0,27.5,moving,,1.0
922,bus,7,47.5,15.0,moving,,-1.0
922,bus,8,15.0,42.5,moving,,1.0
922,bus,9,22.5,60.0,moving,,-1.0
922,bus,10,42.5,15.0,moving,,1.0
922,bus,11,50.0,32.5,moving,,-1.0
922,bus,12,15.0,22.5,moving,,1.0
922,bus,13,42.5,60.0,moving,,-1.0
922,bus,14,22.5,15.0,moving,,1.0
922,bus,15,50.0,52.5,moving,,-1.0
922,bus,16,15.0,2.5,moving,,1.0
922,bus,17,62.5,60.0,moving,,-1.0
922,bus,18,2.5,15.0,moving,,1.0
922,bus,19,50.0,72.5,moving,,-1.0
922,bus,20,15.0,17.5,moving,,-1.0
922,bus,21,47.5,60.0,moving,,1.0
922,bus,22,17.5,15.0,moving,,-1.0
922,bus,23,50.0,57.5,moving,,1.0
923,drone,0,46.0,13.0,idle,107.97694251141255,
923,drone,1,60.0,12.0,idle,130.9514342477323,
923,bus,0,42.5,60.0,moving,,1.0
923,bus,1,15.0,22.5,moving,,-1.0
923,bus,2,50.0,52.5,moving,,1.0
923,bus,3,22.5,15.0,moving,,-1.0
923,bus,4,22.5,60.0,moving,,1.0
923,bus,5,15.0,42.5,moving,,-1.0
923,bus,6,50.0,32.5,moving,,1.0
923,bus,7,42.5,15.0,moving,,-1.0
923,bus,8,15.0,47.5,moving,,1.0
923,bus,9,17.5,60.0,moving,,-1.0
923,bus,10,47.5,15.0,moving,,1.0
923,bus,11,50.0,27.5,moving,,-1.0
923,bus,12,15.0,27.5,moving,,1.0
923,bus,13,37.5,60.0,moving,,-1.0
923,bus,14,27.5,15.0,moving,,1.0
923,bus,15,50.0,47.5,moving,,-1.0
923,bus,16,15.0,7.5,moving,,1.0
923,bus,17,57.5,60.0,moving,,-1.0
923,bus,18,7.5,15.0,moving,,1.0
923,bus,19,50.0,67.5,moving,,-1.0
923,bus,20,15.0,12.5,moving,,-1.0
923,bus,21,52.5,60.0,moving,,1.0
923,bus,22,12.5,15.0,moving,,-1.0
923,bus,23,50.0,62.5,moving,,1.0
924,drone,0,46.0,13.0,idle,107.97694251141255,
924,drone,1,60.0,12.0,idle,130.9514342477323,
924,bus,0,45.0,60.0,at_station,,1.0
924,bus,1,15.0,20.0,at_station,,-1.0
924,bus,2,50.0,55.0,at_station,,1.0
924,bus,3,20.0,15.0,at_station,,-1.0
924,bus,4,25.0,60.0,at_station,,1.0
924,bus,5,15.0,40.0,at_station,,-1.0
924,bus,6,50.0,35.0,at_station,,1.0
924,bus,7,40.0,15.0,at_station,,-1.0
924,bus,8,15.0,50.0,at_station,,1.0
924,bus,9,15.0,60.0,at_station,,-1.0
924,bus,10,50.0,15.0,at_station,,1.0
924,bus,11,50.0,25.0,at_station,,-1.0
924,bus,12,15.0,30.0,at_station,,1.0
924,bus,13,35.0,60.0,at_station,,-1.0
924,bus,14,30.0,15.0,at_station,,1.0
924,bus,15,50.0,45.0,at_station,,-1.0
924,bus,16,15.0,10.0,at_station,,1.0
924,bus,17,55.0,60.0,at_station,,-1.0
924,bus,18,10.0,15.0,at_station,,1.0
924,bus,19,50.0,65.0,at_station,,-1.0
924,bus,20,15.0,10.0,at_station,,-1.0
924,bus,21,55.0,60.0,at_station,,1.0
924,bus,22,10.0,15.0,at_station,,-1.0
924,bus,23,50.0,65.0,at_station,,1.0
925,drone,0,46.0,13.0,idle,107.97694251141255,
925,drone,1,60.0,12.0,idle,130.9514342477323,
925,bus,0,45.0,60.0,at_station,,1.0
925,bus,1,15.0,20.0,at_station,,-1.0
925,bus,2,50.0,55.0,at_station,,1.0
925,bus,3,20.0,15.0,at_station,,-1.0
925,bus,4,25.0,60.0,at_station,,1.0
925,bus,5,15.0,40.0,at_station,,-1.0
925,bus,6,50.0,35.0,at_station,,1.0
925,bus,7,40.0,15.0,at_station,,-1.0
925,bus,8,15.0,50.0,at_station,,1.0
925,bus,9,15.0,60.0,at_station,,-1.0
925,bus,10,50.0,15.0,at_station,,1.0
925,bus,11,50.0,25.0,at_station,,-1.0
925,bus,12,15.0,30.0,at_station,,1.0
925,bus,13,35.0,60.0,at_station,,-1.0
925,bus,14,30.0,15.0,at_station,,1.0
925,bus,15,50.0,45.0,at_station,,-1.0
925,bus,16,15.0,10.0,at_station,,1.0
925,bus,17,55.0,60.0,at_station,,-1.0
925,bus,18,10.0,15.0,at_station,,1.0
925,bus,19,50.0,65.0,at_station,,-1.0
925,bus,20,15.0,10.0,at_station,,-1.0
925,bus,21,55.0,60.0,at_station,,1.0
925,bus,22,10.0,15.0,at_station,,-1.0
925,bus,23,50.0,65.0,at_station,,1.0
926,drone,0,46.0,13.0,idle,107.97694251141255,
926,drone,1,60.0,12.0,idle,130.9514342477323,
926,bus,0,45.0,60.0,at_station,,1.0
926,bus,1,15.0,20.0,at_station,,-1.0
926,bus,2,50.0,55.0,at_station,,1.0
926,bus,3,20.0,15.0,at_station,,-1.0
926,bus,4,25.0,60.0,at_station,,1.0
926,bus,5,15.0,40.0,at_station,,-1.0
926,bus,6,50.0,35.0,at_station,,1.0
926,bus,7,40.0,15.0,at_station,,-1.0
926,bus,8,15.0,50.0,at_station,,1.0
926,bus,9,15.0,60.0,at_station,,-1.0
926,bus,10,50.0,15.0,at_station,,1.0
926,bus,11,50.0,25.0,at_station,,-1.0
926,bus,12,15.0,30.0,at_station,,1.0
926,bus,13,35.0,60.0,at_station,,-1.0
926,bus,14,30.0,15.0,at_station,,1.0
926,bus,15,50.0,45.0,at_station,,-1.0
926,bus,16,15.0,10.0,at_station,,1.0
926,bus,17,55.0,60.0,at_station,,-1.0
926,bus,18,10.0,15.0,at_station,,1.0
926,bus,19,50.0,65.0,at_station,,-1.0
926,bus,20,15.0,10.0,at_station,,-1.0
926,bus,21,55.0,60.0,at_station,,1.0
926,bus,22,10.0,15.0,at_station,,-1.0
926,bus,23,50.0,65.0,at_station,,1.0
927,drone,0,46.0,13.0,idle,107.97694251141255,
927,drone,1,60.0,12.0,idle,130.9514342477323,
927,bus,0,47.5,60.0,moving,,1.0
927,bus,1,15.0,17.5,moving,,-1.0
927,bus,2,50.0,57.5,moving,,1.0
927,bus,3,17.5,15.0,moving,,-1.0
927,bus,4,27.5,60.0,moving,,1.0
927,bus,5,15.0,37.5,moving,,-1.0
927,bus,6,50.0,37.5,moving,,1.0
927,bus,7,37.5,15.0,moving,,-1.0
927,bus,8,15.0,52.5,moving,,1.0
927,bus,9,15.0,57.5,moving,,-1.0
927,bus,10,50.0,17.5,moving,,1.0
927,bus,11,50.0,22.5,moving,,-1.0
927,bus,12,15.0,32.5,moving,,1.0
927,bus,13,32.5,60.0,moving,,-1.0
927,bus,14,32.5,15.0,moving,,1.0
927,bus,15,50.0,42.5,moving,,-1.0
927,bus,16,15.0,12.5,moving,,1.0
927,bus,17,52.5,60.0,moving,,-1.0
927,bus,18,12.5,15.0,moving,,1.0
927,bus,19,50.0,62.5,moving,,-1.0
927,bus,20,15.0,7.5,moving,,-1.0
927,bus,21,57.5,60.0,moving,,1.0
927,bus,22,7.5,15.0,moving,,-1.0
927,bus,23,50.0,67.5,moving,,1.0
928,drone,0,46.0,13.0,idle,107.97694251141255,
928,drone,1,60.0,12.0,idle,130.9514342477323,
928,bus,0,52.5,60.0,moving,,1.0
928,bus,1,15.0,12.5,moving,,-1.0
928,bus,2,50.0,62.5,moving,,1.0
928,bus,3,12.5,15.0,moving,,-1.0
928,bus,4,32.5,60.0,moving,,1.0
928,bus,5,15.0,32.5,moving,,-1.0
928,bus,6,50.0,42.5,moving,,1.0
928,bus,7,32.5,15.0,moving,,-1.0
928,bus,8,15.0,57.5,moving,,1.0
928,bus,9,15.0,52.5,moving,,-1.0
928,bus,10,50.0,22.5,moving,,1.0
928,bus,11,50.0,17.5,moving,,-1.0
928,bus,12,15.0,37.5,moving,,1.0
928,bus,13,27.5,60.0,moving,,-1.0
928,bus,14,37.5,15.0,moving,,1.0
928,bus,15,50.0,37.5,moving,,-1.0
928,bus,16,15.0,17.5,moving,,1.0
928,bus,17,47.5,60.0,moving,,-1.0
928,bus,18,17.5,15.0,moving,,1.0
928,bus,19,50.0,57.5,moving,,-1.0
928,bus,20,15.0,2.5,moving,,-1.0
928,bus,21,62.5,60.0,moving,,1.0
928,bus,22,2.5,15.0,moving,,-1.0
928,bus,23,50.0,72.5,moving,,1.0
929,drone,0,46.0,13.0,idle,107.97694251141255,
929,drone,1,60.0,12.0,idle,130.9514342477323,
929,bus,0,55.0,60.0,at_station,,1.0
929,bus,1,15.0,10.0,at_station,,-1.0
929,bus,2,50.0,65.0,at_station,,1.0
929,bus,3,10.0,15.0,at_station,,-1.0
929,bus,4,35.0,60.0,at_station,,1.0
929,bus,5,15.0,30.0,at_station,,-1.0
929,bus,6,50.0,45.0,at_station,,1.0
929,bus,7,30.0,15.0,at_station,,-1.0
929,bus,8,15.0,60.0,at_station,,1.0
929,bus,9,15.0,50.0,at_station,,-1.0
929,bus,10,50.0,25.0,at_station,,1.0
929,bus,11,50.0,15.0,at_station,,-1.0
929,bus,12,15.0,40.0,at_station,,1.0
929,bus,13,25.0,60.0,at_station,,-1.0
929,bus,14,40.0,15.0,at_station,,1.0
929,bus,15,50.0,35.0,at_station,,-1.0
929,bus,16,15.0,20.0,at_station,,1.0
929,bus,17,45.0,60.0,at_station,,-1.0
929,bus,18,20.0,15.0,at_station,,1.0
929,bus,19,50.0,55.0,at_station,,-1.0
929,bus,20,15.0,0.0,at_station,,-1.0
929,bus,21,65.0,60.0,at_station,,1.0
929,bus,22,0.0,15.0,at_station,,-1.0
929,bus,23,50.0,75.0,at_station,,1.0
930,drone,0,46.0,13.0,idle,107.97694251141255,
930,drone,1,60.0,12.0,idle,130.9514342477323,
930,bus,0,55.0,60.0,at_station,,1.0
930,bus,1,15.0,10.0,at_station,,-1.0
930,bus,2,50.0,65.0,at_station,,1.0
930,bus,3,10.0,15.0,at_station,,-1.0
930,bus,4,35.0,60.0,at_station,,1.0
930,bus,5,15.0,30.0,at_station,,-1.0
930,bus,6,50.0,45.0,at_station,,1.0
930,bus,7,30.0,15.0,at_station,,-1.0
930,bus,8,15.0,60.0,at_station,,1.0
930,bus,9,15.0,50.0,at_station,,-1.0
930,bus,10,50.0,25.0,at_station,,1.0
930,bus,11,50.0,15.0,at_station,,-1.0
930,bus,12,15.0,40.0,at_station,,1.0
930,bus,13,25.0,60.0,at_station,,-1.0
930,bus,14,40.0,15.0,at_station,,1.0
930,bus,15,50.0,35.0,at_station,,-1.0
930,bus,16,15.0,20.0,at_station,,1.0
930,bus,17,45.0,60.0,at_station,,-1.0
930,bus,18,20.0,15.0,at_station,,1.0
930,bus,19,50.0,55.0,at_station,,-1.0
930,bus,20,15.0,0.0,at_station,,-1.0
930,bus,21,65.0,60.0,at_station,,1.0
930,bus,22,0.0,15.0,at_station,,-1.0
930,bus,23,50.0,75.0,at_station,,1.0
931,drone,0,46.0,13.0,idle,107.97694251141255,
931,drone,1,60.0,12.0,idle,130.9514342477323,
931,bus,0,55.0,60.0,at_station,,1.0
931,bus,1,15.0,10.0,at_station,,-1.0
931,bus,2,50.0,65.0,at_station,,1.0
931,bus,3,10.0,15.0,at_station,,-1.0
931,bus,4,35.0,60.0,at_station,,1.0
931,bus,5,15.0,30.0,at_station,,-1.0
931,bus,6,50.0,45.0,at_station,,1.0
931,bus,7,30.0,15.0,at_station,,-1.0
931,bus,8,15.0,60.0,at_station,,1.0
931,bus,9,15.0,50.0,at_station,,-1.0
931,bus,10,50.0,25.0,at_station,,1.0
931,bus,11,50.0,15.0,at_station,,-1.0
931,bus,12,15.0,40.0,at_station,,1.0
931,bus,13,25.0,60.0,at_station,,-1.0
931,bus,14,40.0,15.0,at_station,,1.0
931,bus,15,50.0,35.0,at_station,,-1.0
931,bus,16,15.0,20.0,at_station,,1.0
931,bus,17,45.0,60.0,at_station,,-1.0
931,bus,18,20.0,15.0,at_station,,1.0
931,bus,19,50.0,55.0,at_station,,-1.0
931,bus,20,15.0,0.0,at_station,,-1.0
931,bus,21,65.0,60.0,at_station,,1.0
931,bus,22,0.0,15.0,at_station,,-1.0
931,bus,23,50.0,75.0,at_station,,1.0
932,drone,0,46.0,13.0,idle,107.97694251141255,
932,drone,1,60.0,12.0,idle,130.9514342477323,
932,bus,0,57.5,60.0,moving,,1.0
932,bus,1,15.0,7.5,moving,,-1.0
932,bus,2,50.0,67.5,moving,,1.0
932,bus,3,7.5,15.0,moving,,-1.0
932,bus,4,37.5,60.0,moving,,1.0
932,bus,5,15.0,27.5,moving,,-1.0
932,bus,6,50.0,47.5,moving,,1.0
932,bus,7,27.5,15.0,moving,,-1.0
932,bus,8,17.5,60.0,moving,,1.0
932,bus,9,15.0,47.5,moving,,-1.0
932,bus,10,50.0,27.5,moving,,1.0
932,bus,11,47.5,15.0,moving,,-1.0
932,bus,12,15.0,42.5,moving,,1.0
932,bus,13,22.5,60.0,moving,,-1.0
932,bus,14,42.5,15.0,moving,,1.0
932,bus,15,50.0,32.5,moving,,-1.0
932,bus,16,15.0,22.5,moving,,1.0
932,bus,17,42.5,60.0,moving,,-1.0
932,bus,18,22.5,15.0,moving,,1.0
932,bus,19,50.0,52.5,moving,,-1.0
932,bus,20,15.0,2.5,moving,,1.0
932,bus,21,62.5,60.0,moving,,-1.0
932,bus,22,2.5,15.0,moving,,1.0
932,bus,23,50.0,72.5,moving,,-1.0
933,drone,0,46.0,13.0,idle,107.97694251141255,
933,drone,1,60.0,12.0,idle,130.9514342477323,
933,bus,0,62.5,60.0,moving,,1.0
933,bus,1,15.0,2.5,moving,,-1.0
933,bus,2,50.0,72.5,moving,,1.0
933,bus,3,2.5,15.0,moving,,-1.0
933,bus,4,42.5,60.0,moving,,1.0
933,bus,5,15.0,22.5,moving,,-1.0
933,bus,6,50.0,52.5,moving,,1.0
933,bus,7,22.5,15.0,moving,,-1.0
933,bus,8,22.5,60.0,moving,,1.0
933,bus,9,15.0,42.5,moving,,-1.0
933,bus,10,50.0,32.5,moving,,1.0
933,bus,11,42.5,15.0,moving,,-1.0
933,bus,12,15.0,47.5,moving,,1.0
933,bus,13,17.5,60.0,moving,,-1.0
933,bus,14,47.5,15.0,moving,,1.0
933,bus,15,50.0,27.5,moving,,-1.0
933,bus,16,15.0,27.5,moving,,1.0
933,bus,17,37.5,60.0,moving,,-1.0
933,bus,18,27.5,15.0,moving,,1.0
933,bus,19,50.0,47.5,moving,,-1.0
933,bus,20,15.0,7.5,moving,,1.0
933,bus,21,57.5,60.0,moving,,-1.0
933,bus,22,7.5,15.0,moving,,1.0
933,bus,23,50.0,67.5,moving,,-1.0
934,drone,0,46.0,13.0,idle,107.97694251141255,
934,drone,1,60.0,12.0,idle,130.9514342477323,
934,bus,0,65.0,60.0,at_station,,1.0
934,bus,1,15.0,0.0,at_station,,-1.0
934,bus,2,50.0,75.0,at_station,,1.0
934,bus,3,0.0,15.0,at_station,,-1.0
934,bus,4,45.0,60.0,at_station,,1.0
934,bus,5,15.0,20.0,at_station,,-1.0
934,bus,6,50.0,55.0,at_station,,1.0
934,bus,7,20.0,15.0,at_station,,-1.0
934,bus,8,25.0,60.0,at_station,,1.0
934,bus,9,15.0,40.0,at_station,,-1.0
934,bus,10,50.0,35.0,at_station,,1.0
934,bus,11,40.0,15.0,at_station,,-1.0
934,bus,12,15.0,50.0,at_station,,1.0
934,bus,13,15.0,60.0,at_station,,-1.0
934,bus,14,50.0,15.0,at_station,,1.0
934,bus,15,50.0,25.0,at_station,,-1.0
934,bus,16,15.0,30.0,at_station,,1.0
934,bus,17,35.0,60.0,at_station,,-1.0
934,bus,18,30.0,15.0,at_station,,1.0
934,bus,19,50.0,45.0,at_station,,-1.0
934,bus,20,15.0,10.0,at_station,,1.0
934,bus,21,55.0,60.0,at_station,,-1.0
934,bus,22,10.0,15.0,at_station,,1.0
934,bus,23,50.0,65.0,at_station,,-1.0
935,drone,0,46.0,13.0,idle,107.97694251141255,
935,drone,1,60.0,12.0,idle,130.9514342477323,
935,bus,0,65.0,60.0,at_station,,1.0
935,bus,1,15.0,0.0,at_station,,-1.0
935,bus,2,50.0,75.0,at_station,,1.0
935,bus,3,0.0,15.0,at_station,,-1.0
935,bus,4,45.0,60.0,at_station,,1.0
935,bus,5,15.0,20.0,at_station,,-1.0
935,bus,6,50.0,55.0,at_station,,1.0
935,bus,7,20.0,15.0,at_station,,-1.0
935,bus,8,25.0,60.0,at_station,,1.0
935,bus,9,15.0,40.0,at_station,,-1.0
935,bus,10,50.0,35.0,at_station,,1.0
935,bus,11,40.0,15.0,at_station,,-1.0
935,bus,12,15.0,50.0,at_station,,1.0
935,bus,13,15.0,60.0,at_station,,-1.0
935,bus,14,50.0,15.0,at_station,,1.0
935,bus,15,50.0,25.0,at_station,,-1.0
935,bus,16,15.0,30.0,at_station,,1.0
935,bus,17,35.0,60.0,at_station,,-1.0
935,bus,18,30.0,15.0,at_station,,1.0
935,bus,19,50.0,45.0,at_station,,-1.0
935,bus,20,15.0,10.0,at_station,,1.0
935,bus,21,55.0,60.0,at_station,,-1.0
935,bus,22,10.0,15.0,at_station,,1.0
935,bus,23,50.0,65.0,at_station,,-1.0
936,drone,0,46.0,13.0,idle,107.97694251141255,
936,drone,1,60.0,12.0,idle,130.9514342477323,
936,bus,0,65.0,60.0,at_station,,1.0
936,bus,1,15.0,0.0,at_station,,-1.0
936,bus,2,50.0,75.0,at_station,,1.0
936,bus,3,0.0,15.0,at_station,,-1.0
936,bus,4,45.0,60.0,at_station,,1.0
936,bus,5,15.0,20.0,at_station,,-1.0
936,bus,6,50.0,55.0,at_station,,1.0
936,bus,7,20.0,15.0,at_station,,-1.0
936,bus,8,25.0,60.0,at_station,,1.0
936,bus,9,15.0,40.0,at_station,,-1.0
936,bus,10,50.0,35.0,at_station,,1.0
936,bus,11,40.0,15.0,at_station,,-1.0
936,bus,12,15.0,50.0,at_station,,1.0
936,bus,13,15.0,60.0,at_station,,-1.0
936,bus,14,50.0,15.0,at_station,,1.0
936,bus,15,50.0,25.0,at_station,,-1.0
936,bus,16,15.0,30.0,at_station,,1.0
936,bus,17,35.0,60.0,at_station,,-1.0
936,bus,18,30.0,15.0,at_station,,1.0
936,bus,19,50.0,45.0,at_station,,-1.0
936,bus,20,15.0,10.0,at_station,,1.0
936,bus,21,55.0,60.0,at_station,,-1.0
936,bus,22,10.0,15.0,at_station,,1.0
936,bus,23,50.0,65.0,at_station,,-1.0
937,drone,0,46.0,13.0,idle,107.97694251141255,
937,drone,1,60.0,12.0,idle,130.9514342477323,
937,bus,0,62.5,60.0,moving,,-1.0
937,bus,1,15.0,2.5,moving,,1.0
937,bus,2,50.0,72.5,moving,,-1.0
937,bus,3,2.5,15.0,moving,,1.0
937,bus,4,47.5,60.0,moving,,1.0
937,bus,5,15.0,17.5,moving,,-1.0
937,bus,6,50.0,57.5,moving,,1.0
937,bus,7,17.5,15.0,moving,,-1.0
937,bus,8,27.5,60.0,moving,,1.0
937,bus,9,15.0,37.5,moving,,-1.0
937,bus,10,50.0,37.5,moving,,1.0
937,bus,11,37.5,15.0,moving,,-1.0
937,bus,12,15.0,52.5,moving,,1.0
937,bus,13,15.0,57.5,moving,,-1.0
937,bus,14,50.0,17.5,moving,,1.0
937,bus,15,50.0,22.5,moving,,-1.0
937,bus,16,15.0,32.5,moving,,1.0
937,bus,17,32.5,60.0,moving,,-1.0
937,bus,18,32.5,15.0,moving,,1.0
937,bus,19,50.0,42.5,moving,,-1.0
937,bus,20,15.0,12.5,moving,,1.0
937,bus,21,52.5,60.0,moving,,-1.0
937,bus,22,12.5,15.0,moving,,1.0
937,bus,23,50.0,62.5,moving,,-1.0
938,drone,0,46.0,13.0,idle,107.97694251141255,
938,drone,1,60.0,12.0,idle,130.9514342477323,
938,bus,0,57.5,60.0,moving,,-1.0
938,bus,1,15.0,7.5,moving,,1.0
938,bus,2,50.0,67.5,moving,,-1.0
938,bus,3,7.5,15.0,moving,,1.0
938,bus,4,52.5,60.0,moving,,1.0
938,bus,5,15.0,12.5,moving,,-1.0
938,bus,6,50.0,62.5,moving,,1.0
938,bus,7,12.5,15.0,moving,,-1.0
938,bus,8,32.5,60.0,moving,,1.0
938,bus,9,15.0,32.5,moving,,-1.0
938,bus,10,50.0,42.5,moving,,1.0
938,bus,11,32.5,15.0,moving,,-1.0
938,bus,12,15.0,57.5,moving,,1.0
938,bus,13,15.0,52.5,moving,,-1.0
938,bus,14,50.0,22.5,moving,,1.0
938,bus,15,50.0,17.5,moving,,-1.0
938,bus,16,15.0,37.5,moving,,1.0
938,bus,17,27.5,60.0,moving,,-1.0
938,bus,18,37.5,15.0,moving,,1.0
938,bus,19,50.0,37.5,moving,,-1.0
938,bus,20,15.0,17.5,moving,,1.0
938,bus,21,47.5,60.0,moving,,-1.0
938,bus,22,17.5,15.0,moving,,1.0
938,bus,23,50.0,57.5,moving,,-1.0
939,drone,0,46.0,13.0,idle,107.97694251141255,
939,drone,1,60.0,12.0,idle,130.9514342477323,
939,bus,0,55.0,60.0,at_station,,-1.0
939,bus,1,15.0,10.0,at_station,,1.0
939,bus,2,50.0,65.0,at_station,,-1.0
939,bus,3,10.0,15.0,at_station,,1.0
939,bus,4,55.0,60.0,at_station,,1.0
939,bus,5,15.0,10.0,at_station,,-1.0
939,bus,6,50.0,65.0,at_station,,1.0
939,bus,7,10.0,15.0,at_station,,-1.0
939,bus,8,35.0,60.0,at_station,,1.0
939,bus,9,15.0,30.0,at_station,,-1.0
939,bus,10,50.0,45.0,at_station,,1.0
939,bus,11,30.0,15.0,at_station,,-1.0
939,bus,12,15.0,60.0,at_station,,1.0
939,bus,13,15.0,50.0,at_station,,-1.0
939,bus,14,50.0,25.0,at_station,,1.0
939,bus,15,50.0,15.0,at_station,,-1.0
939,bus,16,15.0,40.0,at_station,,1.0
939,bus,17,25.0,60.0,at_station,,-1.0
939,bus,18,40.0,15.0,at_station,,1.0
939,bus,19,50.0,35.0,at_station,,-1.0
939,bus,20,15.0,20.0,at_station,,1.0
939,bus,21,45.0,60.0,at_station,,-1.0
939,bus,22,20.0,15.0,at_station,,1.0
939,bus,23,50.0,55.0,at_station,,-1.0
940,drone,0,46.0,13.0,idle,107.97694251141255,
940,drone,1,60.0,12.0,idle,130.9514342477323,
940,bus,0,55.0,60.0,at_station,,-1.0
940,bus,1,15.0,10.0,at_station,,1.0
940,bus,2,50.0,65.0,at_station,,-1.0
940,bus,3,10.0,15.0,at_station,,1.0
940,bus,4,55.0,60.0,at_station,,1.0
940,bus,5,15.0,10.0,at_station,,-1.0
940,bus,6,50.0,65.0,at_station,,1.0
940,bus,7,10.0,15.0,at_station,,-1.0
940,bus,8,35.0,60.0,at_station,,1.0
940,bus,9,15.0,30.0,at_station,,-1.0
940,bus,10,50.0,45.0,at_station,,1.0
940,bus,11,30.0,15.0,at_station,,-1.0
940,bus,12,15.0,60.0,at_station,,1.0
940,bus,13,15.0,50.0,at_station,,-1.0
940,bus,14,50.0,25.0,at_station,,1.0
940,bus,15,50.0,15.0,at_station,,-1.0
940,bus,16,15.0,40.0,at_station,,1.0
940,bus,17,25.0,60.0,at_station,,-1.0
940,bus,18,40.0,15.0,at_station,,1.0
940,bus,19,50.0,35.0,at_station,,-1.0
940,bus,20,15.0,20.0,at_station,,1.0
940,bus,21,45.0,60.0,at_station,,-1.0
940,bus,22,20.0,15.0,at_station,,1.0
940,bus,23,50.0,55.0,at_station,,-1.0
941,drone,0,46.0,13.0,idle,107.97694251141255,
941,drone,1,60.0,12.0,idle,130.9514342477323,
941,bus,0,55.0,60.0,at_station,,-1.0
941,bus,1,15.0,10.0,at_station,,1.0
941,bus,2,50.0,65.0,at_station,,-1.0
941,bus,3,10.0,15.0,at_station,,1.0
941,bus,4,55.0,60.0,at_station,,1.0
941,bus,5,15.0,10.0,at_station,,-1.0
941,bus,6,50.0,65.0,at_station,,1.0
941,bus,7,10.0,15.0,at_station,,-1.0
941,bus,8,35.0,60.0,at_station,,1.0
941,bus,9,15.0,30.0,at_station,,-1.0
941,bus,10,50.0,45.0,at_station,,1.0
941,bus,11,30.0,15.0,at_station,,-1.0
941,bus,12,15.0,60.0,at_station,,1.0
941,bus,13,15.0,50.0,at_station,,-1.0
941,bus,14,50.0,25.0,at_station,,1.0
941,bus,15,50.0,15.0,at_station,,-1.0
941,bus,16,15.0,40.0,at_station,,1.0
941,bus,17,25.0,60.0,at_station,,-1.0
941,bus,18,40.0,15.0,at_station,,1.0
941,bus,19,50.0,35.0,at_station,,-1.0
941,bus,20,15.0,20.0,at_station,,1.0
941,bus,21,45.0,60.0,at_station,,-1.0
941,bus,22,20.0,15.0,at_station,,1.0
941,bus,23,50.0,55.0,at_station,,-1.0
942,drone,0,46.0,13.0,idle,107.97694251141255,
942,drone,1,60.0,12.0,idle,130.9514342477323,
942,bus,0,52.5,60.0,moving,,-1.0
942,bus,1,15.0,12.5,moving,,1.0
942,bus,2,50.0,62.5,moving,,-1.0
942,bus,3,12.5,15.0,moving,,1.0
942,bus,4,57.5,60.0,moving,,1.0
942,bus,5,15.0,7.5,moving,,-1.0
942,bus,6,50.0,67.5,moving,,1.0
942,bus,7,7.5,15.0,moving,,-1.0
942,bus,8,37.5,60.0,moving,,1.0
942,bus,9,15.0,27.5,moving,,-1.0
942,bus,10,50.0,47.5,moving,,1.0
942,bus,11,27.5,15.0,moving,,-1.0
942,bus,12,17.5,60.0,moving,,1.0
942,bus,13,15.0,47.5,moving,,-1.0
942,bus,14,50.0,27.5,moving,,1.0
942,bus,15,47.5,15.0,moving,,-1.0
942,bus,16,15.0,42.5,moving,,1.0
942,bus,17,22.5,60.0,moving,,-1.0
942,bus,18,42.5,15.0,moving,,1.0
942,bus,19,50.0,32.5,moving,,-1.0
942,bus,20,15.0,22.5,moving,,1.0
942,bus,21,42.5,60.0,moving,,-1.0
942,bus,22,22.5,15.0,moving,,1.0
942,bus,23,50.0,52.5,moving,,-1.0
943,drone,0,46.0,13.0,idle,107.97694251141255,
943,drone,1,60.0,12.0,idle,130.9514342477323,
943,bus,0,47.5,60.0,moving,,-1.0
943,bus,1,15.0,17.5,moving,,1.0
943,bus,2,50.0,57.5,moving,,-1.0
943,bus,3,17.5,15.0,moving,,1.0
943,bus,4,62.5,60.0,moving,,1.0
943,bus,5,15.0,2.5,moving,,-1.0
943,bus,6,50.0,72.5,moving,,1.0
943,bus,7,2.5,15.0,moving,,-1.0
943,bus,8,42.5,60.0,moving,,1.0
943,bus,9,15.0,22.5,moving,,-1.0
943,bus,10,50.0,52.5,moving,,1.0
943,bus,11,22.5,15.0,moving,,-1.0
943,bus,12,22.5,60.0,moving,,1.0
943,bus,13,15.0,42.5,moving,,-1.0
943,bus,14,50.0,32.5,moving,,1.0
943,bus,15,42.5,15.0,moving,,-1.0
943,bus,16,15.0,47.5,moving,,1.0
943,bus,17,17.5,60.0,moving,,-1.0
943,bus,18,47.5,15.0,moving,,1.0
943,bus,19,50.0,27.5,moving,,-1.0
943,bus,20,15.0,27.5,moving,,1.0
943,bus,21,37.5,60.0,moving,,-1.0
943,bus,22,27.5,15.0,moving,,1.0
943,bus,23,50.0,47.5,moving,,-1.0
944,drone,0,46.0,13.0,idle,107.97694251141255,
944,drone,1,60.0,12.0,idle,130.9514342477323,
944,bus,0,45.0,60.0,at_station,,-1.0
944,bus,1,15.0,20.0,at_station,,1.0
944,bus,2,50.0,55.0,at_station,,-1.0
944,bus,3,20.0,15.0,at_station,,1.0
944,bus,4,65.0,60.0,at_station,,1.0
944,bus,5,15.0,0.0,at_station,,-1.0
944,bus,6,50.0,75.0,at_station,,1.0
944,bus,7,0.0,15.0,at_station,,-1.0
944,bus,8,45.0,60.0,at_station,,1.0
944,bus,9,15.0,20.0,at_station,,-1.0
944,bus,10,50.0,55.0,at_station,,1.0
944,bus,11,20.0,15.0,at_station,,-1.0
944,bus,12,25.0,60.0,at_station,,1.0
944,bus,13,15.0,40.0,at_station,,-1.0
944,bus,14,50.0,35.0,at_station,,1.0
944,bus,15,40.0,15.0,at_station,,-1.0
944,bus,16,15.0,50.0,at_station,,1.0
944,bus,17,15.0,60.0,at_station,,-1.0
944,bus,18,50.0,15.0,at_station,,1.0
944,bus,19,50.0,25.0,at_station,,-1.0
944,bus,20,15.0,30.0,at_station,,1.0
944,bus,21,35.0,60.0,at_station,,-1.0
944,bus,22,30.0,15.0,at_station,,1.0
944,bus,23,50.0,45.0,at_station,,-1.0
945,drone,0,46.0,13.0,idle,107.97694251141255,
945,drone,1,60.0,12.0,idle,130.9514342477323,
945,bus,0,45.0,60.0,at_station,,-1.0
945,bus,1,15.0,20.0,at_station,,1.0
945,bus,2,50.0,55.0,at_station,,-1.0
945,bus,3,20.0,15.0,at_station,,1.0
945,bus,4,65.0,60.0,at_station,,1.0
945,bus,5,15.0,0.0,at_station,,-1.0
945,bus,6,50.0,75.0,at_station,,1.0
945,bus,7,0.0,15.0,at_station,,-1.0
945,bus,8,45.0,60.0,at_station,,1.0
945,bus,9,15.0,20.0,at_station,,-1.0
945,bus,10,50.0,55.0,at_station,,1.0
945,bus,11,20.0,15.0,at_station,,-1.0
945,bus,12,25.0,60.0,at_station,,1.0
945,bus,13,15.0,40.0,at_station,,-1.0
945,bus,14,50.0,35.0,at_station,,1.0
945,bus,15,40.0,15.0,at_station,,-1.0
945,bus,16,15.0,50.0,at_station,,1.0
945,bus,17,15.0,60.0,at_station,,-1.0
945,bus,18,50.0,15.0,at_station,,1.0
945,bus,19,50.0,25.0,at_station,,-1.0
945,bus,20,15.0,30.0,at_station,,1.0
945,bus,21,35.0,60.0,at_station,,-1.0
945,bus,22,30.0,15.0,at_station,,1.0
945,bus,23,50.0,45.0,at_station,,-1.0
946,drone,0,46.0,13.0,idle,107.97694251141255,
946,drone,1,60.0,12.0,idle,130.9514342477323,
946,bus,0,45.0,60.0,at_station,,-1.0
946,bus,1,15.0,20.0,at_station,,1.0
946,bus,2,50.0,55.0,at_station,,-1.0
946,bus,3,20.0,15.0,at_station,,1.0
946,bus,4,65.0,60.0,at_station,,1.0
946,bus,5,15.0,0.0,at_station,,-1.0
946,bus,6,50.0,75.0,at_station,,1.0
946,bus,7,0.0,15.0,at_station,,-1.0
946,bus,8,45.0,60.0,at_station,,1.0
946,bus,9,15.0,20.0,at_station,,-1.0
946,bus,10,50.0,55.0,at_station,,1.0
946,bus,11,20.0,15.0,at_station,,-1.0
946,bus,12,25.0,60.0,at_station,,1.0
946,bus,13,15.0,40.0,at_station,,-1.0
946,bus,14,50.0,35.0,at_station,,1.0
946,bus,15,40.0,15.0,at_station,,-1.0
946,bus,16,15.0,50.0,at_station,,1.0
946,bus,17,15.0,60.0,at_station,,-1.0
946,bus,18,50.0,15.0,at_station,,1.0
946,bus,19,50.0,25.0,at_station,,-1.0
946,bus,20,15.0,30.0,at_station,,1.0
946,bus,21,35.0,60.0,at_station,,-1.0
946,bus,22,30.0,15.0,at_station,,1.0
946,bus,23,50.0,45.0,at_station,,-1.0
947,drone,0,46.0,13.0,idle,107.97694251141255,
947,drone,1,60.0,12.0,idle,130.9514342477323,
947,bus,0,42.5,60.0,moving,,-1.0
947,bus,1,15.0,22.5,moving,,1.0
947,bus,2,50.0,52.5,moving,,-1.0
947,bus,3,22.5,15.0,moving,,1.0
947,bus,4,62.5,60.0,moving,,-1.0
947,bus,5,15.0,2.5,moving,,1.0
947,bus,6,50.0,72.5,moving,,-1.0
947,bus,7,2.5,15.0,moving,,1.0
947,bus,8,47.5,60.0,moving,,1.0
947,bus,9,15.0,17.5,moving,,-1.0
947,bus,10,50.0,57.5,moving,,1.0
947,bus,11,17.5,15.0,moving,,-1.0
947,bus,12,27.5,60.0,moving,,1.0
947,bus,13,15.0,37.5,moving,,-1.0
947,bus,14,50.0,37.5,moving,,1.0
947,bus,15,37.5,15.0,moving,,-1.0
947,bus,16,15.0,52.5,moving,,1.0
947,bus,17,15.0,57.5,moving,,-1.0
947,bus,18,50.0,17.5,moving,,1.0
947,bus,19,50.0,22.5,moving,,-1.0
947,bus,20,15.0,32.5,moving,,1.0
947,bus,21,32.5,60.0,moving,,-1.0
947,bus,22,32.5,15.0,moving,,1.0
947,bus,23,50.0,42.5,moving,,-1.0
948,drone,0,46.0,13.0,idle,107.97694251141255,
948,drone,1,60.0,12.0,idle,130.9514342477323,
948,bus,0,37.5,60.0,moving,,-1.0
948,bus,1,15.0,27.5,moving,,1.0
948,bus,2,50.0,47.5,moving,,-1.0
948,bus,3,27.5,15.0,moving,,1.0
948,bus,4,57.5,60.0,moving,,-1.0
948,bus,5,15.0,7.5,moving,,1.0
948,bus,6,50.0,67.5,moving,,-1.0
948,bus,7,7.5,15.0,moving,,1.0
948,bus,8,52.5,60.0,moving,,1.0
948,bus,9,15.0,12.5,moving,,-1.0
948,bus,10,50.0,62.5,moving,,1.0
948,bus,11,12.5,15.0,moving,,-1.0
948,bus,12,32.5,60.0,moving,,1.0
948,bus,13,15.0,32.5,moving,,-1.0
948,bus,14,50.0,42.5,moving,,1.0
948,bus,15,32.5,15.0,moving,,-1.0
948,bus,16,15.0,57.5,moving,,1.0
948,bus,17,15.0,52.5,moving,,-1.0
948,bus,18,50.0,22.5,moving,,1.0
948,bus,19,50.0,17.5,moving,,-1.0
948,bus,20,15.0,37.5,moving,,1.0
948,bus,21,27.5,60.0,moving,,-1.0
948,bus,22,37.5,15.0,moving,,1.0
948,bus,23,50.0,37.5,moving,,-1.0
949,drone,0,46.0,13.0,idle,107.97694251141255,
949,drone,1,60.0,12.0,idle,130.9514342477323,
949,bus,0,35.0,60.0,at_station,,-1.0
949,bus,1,15.0,30.0,at_station,,1.0
949,bus,2,50.0,45.0,at_station,,-1.0
949,bus,3,30.0,15.0,at_station,,1.0
949,bus,4,55.0,60.0,at_station,,-1.0
949,bus,5,15.0,10.0,at_station,,1.0
949,bus,6,50.0,65.0,at_station,,-1.0
949,bus,7,10.0,15.0,at_station,,1.0
949,bus,8,55.0,60.0,at_station,,1.0
949,bus,9,15.0,10.0,at_station,,-1.0
949,bus,10,50.0,65.0,at_station,,1.0
949,bus,11,10.0,15.0,at_station,,-1.0
949,bus,12,35.0,60.0,at_station,,1.0
949,bus,13,15.0,30.0,at_station,,-1.0
949,bus,14,50.0,45.0,at_station,,1.0
949,bus,15,30.0,15.0,at_station,,-1.0
949,bus,16,15.0,60.0,at_station,,1.0
949,bus,17,15.0,50.0,at_station,,-1.0
949,bus,18,50.0,25.0,at_station,,1.0
949,bus,19,50.0,15.0,at_station,,-1.0
949,bus,20,15.0,40.0,at_station,,1.0
949,bus,21,25.0,60.0,at_station,,-1.0
949,bus,22,40.0,15.0,at_station,,1.0
949,bus,23,50.0,35.0,at_station,,-1.0
950,drone,0,46.0,13.0,idle,107.97694251141255,
950,drone,1,60.0,12.0,idle,130.9514342477323,
950,bus,0,35.0,60.0,at_station,,-1.0
950,bus,1,15.0,30.0,at_station,,1.0
950,bus,2,50.0,45.0,at_station,,-1.0
950,bus,3,30.0,15.0,at_station,,1.0
950,bus,4,55.0,60.0,at_station,,-1.0
950,bus,5,15.0,10.0,at_station,,1.0
950,bus,6,50.0,65.0,at_station,,-1.0
950,bus,7,10.0,15.0,at_station,,1.0
950,bus,8,55.0,60.0,at_station,,1.0
950,bus,9,15.0,10.0,at_station,,-1.0
950,bus,10,50.0,65.0,at_station,,1.0
950,bus,11,10.0,15.0,at_station,,-1.0
950,bus,12,35.0,60.0,at_station,,1.0
950,bus,13,15.0,30.0,at_station,,-1.0
950,bus,14,50.0,45.0,at_station,,1.0
950,bus,15,30.0,15.0,at_station,,-1.0
950,bus,16,15.0,60.0,at_station,,1.0
950,bus,17,15.0,50.0,at_station,,-1.0
950,bus,18,50.0,25.0,at_station,,1.0
950,bus,19,50.0,15.0,at_station,,-1.0
950,bus,20,15.0,40.0,at_station,,1.0
950,bus,21,25.0,60.0,at_station,,-1.0
950,bus,22,40.0,15.0,at_station,,1.0
950,bus,23,50.0,35.0,at_station,,-1.0
951,drone,0,46.0,13.0,idle,107.97694251141255,
951,drone,1,60.0,12.0,idle,130.9514342477323,
951,bus,0,35.0,60.0,at_station,,-1.0
951,bus,1,15.0,30.0,at_station,,1.0
951,bus,2,50.0,45.0,at_station,,-1.0
951,bus,3,30.0,15.0,at_station,,1.0
951,bus,4,55.0,60.0,at_station,,-1.0
951,bus,5,15.0,10.0,at_station,,1.0
951,bus,6,50.0,65.0,at_station,,-1.0
951,bus,7,10.0,15.0,at_station,,1.0
951,bus,8,55.0,60.0,at_station,,1.0
951,bus,9,15.0,10.0,at_station,,-1.0
951,bus,10,50.0,65.0,at_station,,1.0
951,bus,11,10.0,15.0,at_station,,-1.0
951,bus,12,35.0,60.0,at_station,,1.0
951,bus,13,15.0,30.0,at_station,,-1.0
951,bus,14,50.0,45.0,at_station,,1.0
951,bus,15,30.0,15.0,at_station,,-1.0
951,bus,16,15.0,60.0,at_station,,1.0
951,bus,17,15.0,50.0,at_station,,-1.0
951,bus,18,50.0,25.0,at_station,,1.0
951,bus,19,50.0,15.0,at_station,,-1.0
951,bus,20,15.0,40.0,at_station,,1.0
951,bus,21,25.0,60.0,at_station,,-1.0
951,bus,22,40.0,15.0,at_station,,1.0
951,bus,23,50.0,35.0,at_station,,-1.0
952,drone,0,46.0,13.0,idle,107.97694251141255,
952,drone,1,60.0,12.0,idle,130.9514342477323,
952,bus,0,32.5,60.0,moving,,-1.0
952,bus,1,15.0,32.5,moving,,1.0
952,bus,2,50.0,42.5,moving,,-1.0
952,bus,3,32.5,15.0,moving,,1.0
952,bus,4,52.5,60.0,moving,,-1.0
952,bus,5,15.0,12.5,moving,,1.0
952,bus,6,50.0,62.5,moving,,-1.0
952,bus,7,12.5,15.0,moving,,1.0
952,bus,8,57.5,60.0,moving,,1.0
952,bus,9,15.0,7.5,moving,,-1.0
952,bus,10,50.0,67.5,moving,,1.0
952,bus,11,7.5,15.0,moving,,-1.0
952,bus,12,37.5,60.0,moving,,1.0
952,bus,13,15.0,27.5,moving,,-1.0
952,bus,14,50.0,47.5,moving,,1.0
952,bus,15,27.5,15.0,moving,,-1.0
952,bus,16,17.5,60.0,moving,,1.0
952,bus,17,15.0,47.5,moving,,-1.0
952,bus,18,50.0,27.5,moving,,1.0
952,bus,19,47.5,15.0,moving,,-1.0
952,bus,20,15.0,42.5,moving,,1.0
952,bus,21,22.5,60.0,moving,,-1.0
952,bus,22,42.5,15.0,moving,,1.0
952,bus,23,50.0,32.5,moving,,-1.0
953,drone,0,46.0,13.0,idle,107.97694251141255,
953,drone,1,60.0,12.0,idle,130.9514342477323,
953,bus,0,27.5,60.0,moving,,-1.0
953,bus,1,15.0,37.5,moving,,1.0
953,bus,2,50.0,37.5,moving,,-1.0
953,bus,3,37.5,15.0,moving,,1.0
953,bus,4,47.5,60.0,moving,,-1.0
953,bus,5,15.0,17.5,moving,,1.0
953,bus,6,50.0,57.5,moving,,-1.0
953,bus,7,17.5,15.0,moving,,1.0
953,bus,8,62.5,60.0,moving,,1.0
953,bus,9,15.0,2.5,moving,,-1.0
953,bus,10,50.0,72.5,moving,,1.0
953,bus,11,2.5,15.0,moving,,-1.0
953,bus,12,42.5,60.0,moving,,1.0
953,bus,13,15.0,22.5,moving,,-1.0
953,bus,14,50.0,52.5,moving,,1.0
953,bus,15,22.5,15.0,moving,,-1.0
953,bus,16,22.5,60.0,moving,,1.0
953,bus,17,15.0,42.5,moving,,-1.0
953,bus,18,50.0,32.5,moving,,1.0
953,bus,19,42.5,15.0,moving,,-1.0
953,bus,20,15.0,47.5,moving,,1.0
953,bus,21,17.5,60.0,moving,,-1.0
953,bus,22,47.5,15.0,moving,,1.0
953,bus,23,50.0,27.5,moving,,-1.0
954,drone,0,46.0,13.0,idle,107.97694251141255,
954,drone,1,60.0,12.0,idle,130.9514342477323,
954,bus,0,25.0,60.0,at_station,,-1.0
954,bus,1,15.0,40.0,at_station,,1.0
954,bus,2,50.0,35.0,at_station,,-1.0
954,bus,3,40.0,15.0,at_station,,1.0
954,bus,4,45.0,60.0,at_station,,-1.0
954,bus,5,15.0,20.0,at_station,,1.0
954,bus,6,50.0,55.0,at_station,,-1.0
954,bus,7,20.0,15.0,at_station,,1.0
954,bus,8,65.0,60.0,at_station,,1.0
954,bus,9,15.0,0.0,at_station,,-1.0
954,bus,10,50.0,75.0,at_station,,1.0
954,bus,11,0.0,15.0,at_station,,-1.0
954,bus,12,45.0,60.0,at_station,,1.0
954,bus,13,15.0,20.0,at_station,,-1.0
954,bus,14,50.0,55.0,at_station,,1.0
954,bus,15,20.0,15.0,at_station,,-1.0
954,bus,16,25.0,60.0,at_station,,1.0
954,bus,17,15.0,40.0,at_station,,-1.0
954,bus,18,50.0,35.0,at_station,,1.0
954,bus,19,40.0,15.0,at_station,,-1.0
954,bus,20,15.0,50.0,at_station,,1.0
954,bus,21,15.0,60.0,at_station,,-1.0
954,bus,22,50.0,15.0,at_station,,1.0
954,bus,23,50.0,25.0,at_station,,-1.0
955,drone,0,46.0,13.0,idle,107.97694251141255,
955,drone,1,60.0,12.0,idle,130.9514342477323,
955,bus,0,25.0,60.0,at_station,,-1.0
955,bus,1,15.0,40.0,at_station,,1.0
955,bus,2,50.0,35.0,at_station,,-1.0
955,bus,3,40.0,15.0,at_station,,1.0
955,bus,4,45.0,60.0,at_station,,-1.0
955,bus,5,15.0,20.0,at_station,,1.0
955,bus,6,50.0,55.0,at_station,,-1.0
955,bus,7,20.0,15.0,at_station,,1.0
955,bus,8,65.0,60.0,at_station,,1.0
955,bus,9,15.0,0.0,at_station,,-1.0
955,bus,10,50.0,75.0,at_station,,1.0
955,bus,11,0.0,15.0,at_station,,-1.0
955,bus,12,45.0,60.0,at_station,,1.0
955,bus,13,15.0,20.0,at_station,,-1.0
955,bus,14,50.0,55.0,at_station,,1.0
955,bus,15,20.0,15.0,at_station,,-1.0
955,bus,16,25.0,60.0,at_station,,1.0
955,bus,17,15.0,40.0,at_station,,-1.0
955,bus,18,50.0,35.0,at_station,,1.0
955,bus,19,40.0,15.0,at_station,,-1.0
955,bus,20,15.0,50.0,at_station,,1.0
955,bus,21,15.0,60.0,at_station,,-1.0
955,bus,22,50.0,15.0,at_station,,1.0
955,bus,23,50.0,25.0,at_station,,-1.0
956,drone,0,46.0,13.0,idle,107.97694251141255,
956,drone,1,60.0,12.0,idle,130.9514342477323,
956,bus,0,25.0,60.0,at_station,,-1.0
956,bus,1,15.0,40.0,at_station,,1.0
956,bus,2,50.0,35.0,at_station,,-1.0
956,bus,3,40.0,15.0,at_station,,1.0
956,bus,4,45.0,60.0,at_station,,-1.0
956,bus,5,15.0,20.0,at_station,,1.0
956,bus,6,50.0,55.0,at_station,,-1.0
956,bus,7,20.0,15.0,at_station,,1.0
956,bus,8,65.0,60.0,at_station,,1.0
956,bus,9,15.0,0.0,at_station,,-1.0
956,bus,10,50.0,75.0,at_station,,1.0
956,bus,11,0.0,15.0,at_station,,-1.0
956,bus,12,45.0,60.0,at_station,,1.0
956,bus,13,15.0,20.0,at_station,,-1.0
956,bus,14,50.0,55.0,at_station,,1.0
956,bus,15,20.0,15.0,at_station,,-1.0
956,bus,16,25.0,60.0,at_station,,1.0
956,bus,17,15.0,40.0,at_station,,-1.0
956,bus,18,50.0,35.0,at_station,,1.0
956,bus,19,40.0,15.0,at_station,,-1.0
956,bus,20,15.0,50.0,at_station,,1.0
956,bus,21,15.0,60.0,at_station,,-1.0
956,bus,22,50.0,15.0,at_station,,1.0
956,bus,23,50.0,25.0,at_station,,-1.0
957,drone,0,46.0,13.0,idle,107.97694251141255,
957,drone,1,60.0,12.0,idle,130.9514342477323,
957,bus,0,22.5,60.0,moving,,-1.0
957,bus,1,15.0,42.5,moving,,1.0
957,bus,2,50.0,32.5,moving,,-1.0
957,bus,3,42.5,15.0,moving,,1.0
957,bus,4,42.5,60.0,moving,,-1.0
957,bus,5,15.0,22.5,moving,,1.0
957,bus,6,50.0,52.5,moving,,-1.0
957,bus,7,22.5,15.0,moving,,1.0
957,bus,8,62.5,60.0,moving,,-1.0
957,bus,9,15.0,2.5,moving,,1.0
957,bus,10,50.0,72.5,moving,,-1.0
957,bus,11,2.5,15.0,moving,,1.0
957,bus,12,47.5,60.0,moving,,1.0
957,bus,13,15.0,17.5,moving,,-1.0
957,bus,14,50.0,57.5,moving,,1.0
957,bus,15,17.5,15.0,moving,,-1.0
957,bus,16,27.5,60.0,moving,,1.0
957,bus,17,15.0,37.5,moving,,-1.0
957,bus,18,50.0,37.5,moving,,1.0
957,bus,19,37.5,15.0,moving,,-1.0
957,bus,20,15.0,52.5,moving,,1.0
957,bus,21,15.0,57.5,moving,,-1.0
957,bus,22,50.0,17.5,moving,,1.0
957,bus,23,50.0,22.5,moving,,-1.0
958,drone,0,46.0,13.0,idle,107.97694251141255,
958,drone,1,60.0,12.0,idle,130.9514342477323,
958,bus,0,17.5,60.0,moving,,-1.0
958,bus,1,15.0,47.5,moving,,1.0
958,bus,2,50.0,27.5,moving,,-1.0
958,bus,3,47.5,15.0,moving,,1.0
958,bus,4,37.5,60.0,moving,,-1.0
958,bus,5,15.0,27.5,moving,,1.0
958,bus,6,50.0,47.5,moving,,-1.0
958,bus,7,27.5,15.0,moving,,1.0
958,bus,8,57.5,60.0,moving,,-1.0
958,bus,9,15.0,7.5,moving,,1.0
958,bus,10,50.0,67.5,moving,,-1.0
958,bus,11,7.5,15.0,moving,,1.0
958,bus,12,52.5,60.0,moving,,1.0
958,bus,13,15.0,12.5,moving,,-1.0
958,bus,14,50.0,62.5,moving,,1.0
958,bus,15,12.5,15.0,moving,,-1.0
958,bus,16,32.5,60.0,moving,,1.0
958,bus,17,15.0,32.5,moving,,-1.0
958,bus,18,50.0,42.5,moving,,1.0
958,bus,19,32.5,15.0,moving,,-1.0
958,bus,20,15.0,57.5,moving,,1.0
958,bus,21,15.0,52.5,moving,,-1.0
958,bus,22,50.0,22.5,moving,,1.0
958,bus,23,50.0,17.5,moving,,-1.0
959,drone,0,46.0,13.0,idle,107.97694251141255,
959,drone,1,60.0,12.0,idle,130.9514342477323,
959,bus,0,15.0,60.0,at_station,,-1.0
959,bus,1,15.0,50.0,at_station,,1.0
959,bus,2,50.0,25.0,at_station,,-1.0
959,bus,3,50.0,15.0,at_station,,1.0
959,bus,4,35.0,60.0,at_station,,-1.0
959,bus,5,15.0,30.0,at_station,,1.0
959,bus,6,50.0,45.0,at_station,,-1.0
959,bus,7,30.0,15.0,at_station,,1.0
959,bus,8,55.0,60.0,at_station,,-1.0
959,bus,9,15.0,10.0,at_station,,1.0
959,bus,10,50.0,65.0,at_station,,-1.0
959,bus,11,10.0,15.0,at_station,,1.0
959,bus,12,55.0,60.0,at_station,,1.0
959,bus,13,15.0,10.0,at_station,,-1.0
959,bus,14,50.0,65.0,at_station,,1.0
959,bus,15,10.0,15.0,at_station,,-1.0
959,bus,16,35.0,60.0,at_station,,1.0
959,bus,17,15.0,30.0,at_station,,-1.0
959,bus,18,50.0,45.0,at_station,,1.0
959,bus,19,30.0,15.0,at_station,,-1.0
959,bus,20,15.0,60.0,at_station,,1.0
959,bus,21,15.0,50.0,at_station,,-1.0
959,bus,22,50.0,25.0,at_station,,1.0
959,bus,23,50.0,15.0,at_station,,-1.0
960,drone,0,46.0,13.0,idle,107.97694251141255,
960,drone,1,60.0,12.0,idle,130.9514342477323,
960,bus,0,15.0,60.0,at_station,,-1.0
960,bus,1,15.0,50.0,at_station,,1.0
960,bus,2,50.0,25.0,at_station,,-1.0
960,bus,3,50.0,15.0,at_station,,1.0
960,bus,4,35.0,60.0,at_station,,-1.0
960,bus,5,15.0,30.0,at_station,,1.0
960,bus,6,50.0,45.0,at_station,,-1.0
960,bus,7,30.0,15.0,at_station,,1.0
960,bus,8,55.0,60.0,at_station,,-1.0
960,bus,9,15.0,10.0,at_station,,1.0
960,bus,10,50.0,65.0,at_station,,-1.0
960,bus,11,10.0,15.0,at_station,,1.0
960,bus,12,55.0,60.0,at_station,,1.0
960,bus,13,15.0,10.0,at_station,,-1.0
960,bus,14,50.0,65.0,at_station,,1.0
960,bus,15,10.0,15.0,at_station,,-1.0
960,bus,16,35.0,60.0,at_station,,1.0
960,bus,17,15.0,30.0,at_station,,-1.0
960,bus,18,50.0,45.0,at_station,,1.0
960,bus,19,30.0,15.0,at_station,,-1.0
960,bus,20,15.0,60.0,at_station,,1.0
960,bus,21,15.0,50.0,at_station,,-1.0
960,bus,22,50.0,25.0,at_station,,1.0
960,bus,23,50.0,15.0,at_station,,-1.0
961,drone,0,46.0,13.0,idle,107.97694251141255,
961,drone,1,60.0,12.0,idle,130.9514342477323,
961,bus,0,15.0,60.0,at_station,,-1.0
961,bus,1,15.0,50.0,at_station,,1.0
961,bus,2,50.0,25.0,at_station,,-1.0
961,bus,3,50.0,15.0,at_station,,1.0
961,bus,4,35.0,60.0,at_station,,-1.0
961,bus,5,15.0,30.0,at_station,,1.0
961,bus,6,50.0,45.0,at_station,,-1.0
961,bus,7,30.0,15.0,at_station,,1.0
961,bus,8,55.0,60.0,at_station,,-1.0
961,bus,9,15.0,10.0,at_station,,1.0
961,bus,10,50.0,65.0,at_station,,-1.0
961,bus,11,10.0,15.0,at_station,,1.0
961,bus,12,55.0,60.0,at_station,,1.0
961,bus,13,15.0,10.0,at_station,,-1.0
961,bus,14,50.0,65.0,at_station,,1.0
961,bus,15,10.0,15.0,at_station,,-1.0
961,bus,16,35.0,60.0,at_station,,1.0
961,bus,17,15.0,30.0,at_station,,-1.0
961,bus,18,50.0,45.0,at_station,,1.0
961,bus,19,30.0,15.0,at_station,,-1.0
961,bus,20,15.0,60.0,at_station,,1.0
961,bus,21,15.0,50.0,at_station,,-1.0
961,bus,22,50.0,25.0,at_station,,1.0
961,bus,23,50.0,15.0,at_station,,-1.0
962,drone,0,46.0,13.0,idle,107.97694251141255,
962,drone,1,60.0,12.0,idle,130.9514342477323,
962,bus,0,15.0,57.5,moving,,-1.0
962,bus,1,15.0,52.5,moving,,1.0
962,bus,2,50.0,22.5,moving,,-1.0
962,bus,3,50.0,17.5,moving,,1.0
962,bus,4,32.5,60.0,moving,,-1.0
962,bus,5,15.0,32.5,moving,,1.0
962,bus,6,50.0,42.5,moving,,-1.0
962,bus,7,32.5,15.0,moving,,1.0
962,bus,8,52.5,60.0,moving,,-1.0
962,bus,9,15.0,12.5,moving,,1.0
962,bus,10,50.0,62.5,moving,,-1.0
962,bus,11,12.5,15.0,moving,,1.0
962,bus,12,57.5,60.0,moving,,1.0
962,bus,13,15.0,7.5,moving,,-1.0
962,bus,14,50.0,67.5,moving,,1.0
962,bus,15,7.5,15.0,moving,,-1.0
962,bus,16,37.5,60.0,moving,,1.0
962,bus,17,15.0,27.5,moving,,-1.0
962,bus,18,50.0,47.5,moving,,1.0
962,bus,19,27.5,15.0,moving,,-1.0
962,bus,20,17.5,60.0,moving,,1.0
962,bus,21,15.0,47.5,moving,,-1.0
962,bus,22,50.0,27.5,moving,,1.0
962,bus,23,47.5,15.0,moving,,-1.0
963,drone,0,46.0,13.0,idle,107.97694251141255,
963,drone,1,60.0,12.0,idle,130.9514342477323,
963,bus,0,15.0,52.5,moving,,-1.0
963,bus,1,15.0,57.5,moving,,1.0
963,bus,2,50.0,17.5,moving,,-1.0
963,bus,3,50.0,22.5,moving,,1.0
963,bus,4,27.5,60.0,moving,,-1.0
963,bus,5,15.0,37.5,moving,,1.0
963,bus,6,50.0,37.5,moving,,-1.0
963,bus,7,37.5,15.0,moving,,1.0
963,bus,8,47.5,60.0,moving,,-1.0
963,bus,9,15.0,17.5,moving,,1.0
963,bus,10,50.0,57.5,moving,,-1.0
963,bus,11,17.5,15.0,moving,,1.0
963,bus,12,62.5,60.0,moving,,1.0
963,bus,13,15.0,2.5,moving,,-1.0
963,bus,14,50.0,72.5,moving,,1.0
963,bus,15,2.5,15.0,moving,,-1.0
963,bus,16,42.5,60.0,moving,,1.0
963,bus,17,15.0,22.5,moving,,-1.0
963,bus,18,50.0,52.5,moving,,1.0
963,bus,19,22.5,15.0,moving,,-1.0
963,bus,20,22.5,60.0,moving,,1.0
963,bus,21,15.0,42.5,moving,,-1.0
963,bus,22,50.0,32.5,moving,,1.0
963,bus,23,42.5,15.0,moving,,-1.0
964,drone,0,46.0,13.0,idle,107.97694251141255,
964,drone,1,60.0,12.0,idle,130.9514342477323,
964,bus,0,15.0,50.0,at_station,,-1.0
964,bus,1,15.0,60.0,at_station,,1.0
964,bus,2,50.0,15.0,at_station,,-1.0
964,bus,3,50.0,25.0,at_station,,1.0
964,bus,4,25.0,60.0,at_station,,-1.0
964,bus,5,15.0,40.0,at_station,,1.0
964,bus,6,50.0,35.0,at_station,,-1.0
964,bus,7,40.0,15.0,at_station,,1.0
964,bus,8,45.0,60.0,at_station,,-1.0
964,bus,9,15.0,20.0,at_station,,1.0
964,bus,10,50.0,55.0,at_station,,-1.0
964,bus,11,20.0,15.0,at_station,,1.0
964,bus,12,65.0,60.0,at_station,,1.0
964,bus,13,15.0,0.0,at_station,,-1.0
964,bus,14,50.0,75.0,at_station,,1.0
964,bus,15,0.0,15.0,at_station,,-1.0
964,bus,16,45.0,60.0,at_station,,1.0
964,bus,17,15.0,20.0,at_station,,-1.0
964,bus,18,50.0,55.0,at_station,,1.0
964,bus,19,20.0,15.0,at_station,,-1.0
964,bus,20,25.0,60.0,at_station,,1.0
964,bus,21,15.0,40.0,at_station,,-1.0
964,bus,22,50.0,35.0,at_station,,1.0
964,bus,23,40.0,15.0,at_station,,-1.0
965,drone,0,46.0,13.0,idle,107.97694251141255,
965,drone,1,60.0,12.0,idle,130.9514342477323,
965,bus,0,15.0,50.0,at_station,,-1.0
965,bus,1,15.0,60.0,at_station,,1.0
965,bus,2,50.0,15.0,at_station,,-1.0
965,bus,3,50.0,25.0,at_station,,1.0
965,bus,4,25.0,60.0,at_station,,-1.0
965,bus,5,15.0,40.0,at_station,,1.0
965,bus,6,50.0,35.0,at_station,,-1.0
965,bus,7,40.0,15.0,at_station,,1.0
965,bus,8,45.0,60.0,at_station,,-1.0
965,bus,9,15.0,20.0,at_station,,1.0
965,bus,10,50.0,55.0,at_station,,-1.0
965,bus,11,20.0,15.0,at_station,,1.0
965,bus,12,65.0,60.0,at_station,,1.0
965,bus,13,15.0,0.0,at_station,,-1.0
965,bus,14,50.0,75.0,at_station,,1.0
965,bus,15,0.0,15.0,at_station,,-1.0
965,bus,16,45.0,60.0,at_station,,1.0
965,bus,17,15.0,20.0,at_station,,-1.0
965,bus,18,50.0,55.0,at_station,,1.0
965,bus,19,20.0,15.0,at_station,,-1.0
965,bus,20,25.0,60.0,at_station,,1.0
965,bus,21,15.0,40.0,at_station,,-1.0
965,bus,22,50.0,35.0,at_station,,1.0
965,bus,23,40.0,15.0,at_station,,-1.0
966,drone,0,46.0,13.0,idle,107.97694251141255,
966,drone,1,60.0,12.0,idle,130.9514342477323,
966,bus,0,15.0,50.0,at_station,,-1.0
966,bus,1,15.0,60.0,at_station,,1.0
966,bus,2,50.0,15.0,at_station,,-1.0
966,bus,3,50.0,25.0,at_station,,1.0
966,bus,4,25.0,60.0,at_station,,-1.0
966,bus,5,15.0,40.0,at_station,,1.0
966,bus,6,50.0,35.0,at_station,,-1.0
966,bus,7,40.0,15.0,at_station,,1.0
966,bus,8,45.0,60.0,at_station,,-1.0
966,bus,9,15.0,20.0,at_station,,1.0
966,bus,10,50.0,55.0,at_station,,-1.0
966,bus,11,20.0,15.0,at_station,,1.0
966,bus,12,65.0,60.0,at_station,,1.0
966,bus,13,15.0,0.0,at_station,,-1.0
966,bus,14,50.0,75.0,at_station,,1.0
966,bus,15,0.0,15.0,at_station,,-1.0
966,bus,16,45.0,60.0,at_station,,1.0
966,bus,17,15.0,20.0,at_station,,-1.0
966,bus,18,50.0,55.0,at_station,,1.0
966,bus,19,20.0,15.0,at_station,,-1.0
966,bus,20,25.0,60.0,at_station,,1.0
966,bus,21,15.0,40.0,at_station,,-1.0
966,bus,22,50.0,35.0,at_station,,1.0
966,bus,23,40.0,15.0,at_station,,-1.0
967,drone,0,46.0,13.0,idle,107.97694251141255,
967,drone,1,60.0,12.0,idle,130.9514342477323,
967,bus,0,15.0,47.5,moving,,-1.0
967,bus,1,17.5,60.0,moving,,1.0
967,bus,2,47.5,15.0,moving,,-1.0
967,bus,3,50.0,27.5,moving,,1.0
967,bus,4,22.5,60.0,moving,,-1.0
967,bus,5,15.0,42.5,moving,,1.0
967,bus,6,50.0,32.5,moving,,-1.0
967,bus,7,42.5,15.0,moving,,1.0
967,bus,8,42.5,60.0,moving,,-1.0
967,bus,9,15.0,22.5,moving,,1.0
967,bus,10,50.0,52.5,moving,,-1.0
967,bus,11,22.5,15.0,moving,,1.0
967,bus,12,62.5,60.0,moving,,-1.0
967,bus,13,15.0,2.5,moving,,1.0
967,bus,14,50.0,72.5,moving,,-1.0
967,bus,15,2.5,15.0,moving,,1.0
967,bus,16,47.5,60.0,moving,,1.0
967,bus,17,15.0,17.5,moving,,-1.0
967,bus,18,50.0,57.5,moving,,1.0
967,bus,19,17.5,15.0,moving,,-1.0
967,bus,20,27.5,60.0,moving,,1.0
967,bus,21,15.0,37.5,moving,,-1.0
967,bus,22,50.0,37.5,moving,,1.0
967,bus,23,37.5,15.0,moving,,-1.0
968,drone,0,46.0,13.0,idle,107.97694251141255,
968,drone,1,60.0,12.0,idle,130.9514342477323,
968,bus,0,15.0,42.5,moving,,-1.0
968,bus,1,22.5,60.0,moving,,1.0
968,bus,2,42.5,15.0,moving,,-1.0
968,bus,3,50.0,32.5,moving,,1.0
968,bus,4,17.5,60.0,moving,,-1.0
968,bus,5,15.0,47.5,moving,,1.0
968,bus,6,50.0,27.5,moving,,-1.0
968,bus,7,47.5,15.0,moving,,1.0
968,bus,8,37.5,60.0,moving,,-1.0
968,bus,9,15.0,27.5,moving,,1.0
968,bus,10,50.0,47.5,moving,,-1.0
968,bus,11,27.5,15.0,moving,,1.0
968,bus,12,57.5,60.0,moving,,-1.0
968,bus,13,15.0,7.5,moving,,1.0
968,bus,14,50.0,67.5,moving,,-1.0
968,bus,15,7.5,15.0,moving,,1.0
968,bus,16,52.5,60.0,moving,,1.0
968,bus,17,15.0,12.5,moving,,-1.0
968,bus,18,50.0,62.5,moving,,1.0
968,bus,19,12.5,15.0,moving,,-1.0
968,bus,20,32.5,60.0,moving,,1.0
968,bus,21,15.0,32.5,moving,,-1.0
968,bus,22,50.0,42.5,moving,,1.0
968,bus,23,32.5,15.0,moving,,-1.0
969,drone,0,46.0,13.0,idle,107.97694251141255,
969,drone,1,60.0,12.0,idle,130.9514342477323,
969,bus,0,15.0,40.0,at_station,,-1.0
969,bus,1,25.0,60.0,at_station,,1.0
969,bus,2,40.0,15.0,at_station,,-1.0
969,bus,3,50.0,35.0,at_station,,1.0
969,bus,4,15.0,60.0,at_station,,-1.0
969,bus,5,15.0,50.0,at_station,,1.0
969,bus,6,50.0,25.0,at_station,,-1.0
969,bus,7,50.0,15.0,at_station,,1.0
969,bus,8,35.0,60.0,at_station,,-1.0
969,bus,9,15.0,30.0,at_station,,1.0
969,bus,10,50.0,45.0,at_station,,-1.0
969,bus,11,30.0,15.0,at_station,,1.0
969,bus,12,55.0,60.0,at_station,,-1.0
969,bus,13,15.0,10.0,at_station,,1.0
969,bus,14,50.0,65.0,at_station,,-1.0
969,bus,15,10.0,15.0,at_station,,1.0
969,bus,16,55.0,60.0,at_station,,1.0
969,bus,17,15.0,10.0,at_station,,-1.0
969,bus,18,50.0,65.0,at_station,,1.0
969,bus,19,10.0,15.0,at_station,,-1.0
969,bus,20,35.0,60.0,at_station,,1.0
969,bus,21,15.0,30.0,at_station,,-1.0
969,bus,22,50.0,45.0,at_station,,1.0
969,bus,23,30.0,15.0,at_station,,-1.0
970,drone,0,46.0,13.0,idle,107.97694251141255,
970,drone,1,60.0,12.0,idle,130.9514342477323,
970,bus,0,15.0,40.0,at_station,,-1.0
970,bus,1,25.0,60.0,at_station,,1.0
970,bus,2,40.0,15.0,at_station,,-1.0
970,bus,3,50.0,35.0,at_station,,1.0
970,bus,4,15.0,60.0,at_station,,-1.0
970,bus,5,15.0,50.0,at_station,,1.0
970,bus,6,50.0,25.0,at_station,,-1.0
970,bus,7,50.0,15.0,at_station,,1.0
970,bus,8,35.0,60.0,at_station,,-1.0
970,bus,9,15.0,30.0,at_station,,1.0
970,bus,10,50.0,45.0,at_station,,-1.0
970,bus,11,30.0,15.0,at_station,,1.0
970,bus,12,55.0,60.0,at_station,,-1.0
970,bus,13,15.0,10.0,at_station,,1.0
970,bus,14,50.0,65.0,at_station,,-1.0
970,bus,15,10.0,15.0,at_station,,1.0
970,bus,16,55.0,60.0,at_station,,1.0
970,bus,17,15.0,10.0,at_station,,-1.0
970,bus,18,50.0,65.0,at_station,,1.0
970,bus,19,10.0,15.0,at_station,,-1.0
970,bus,20,35.0,60.0,at_station,,1.0
970,bus,21,15.0,30.0,at_station,,-1.0
970,bus,22,50.0,45.0,at_station,,1.0
970,bus,23,30.0,15.0,at_station,,-1.0
971,drone,0,46.0,13.0,idle,107.97694251141255,
971,drone,1,60.0,12.0,idle,130.9514342477323,
971,bus,0,15.0,40.0,at_station,,-1.0
971,bus,1,25.0,60.0,at_station,,1.0
971,bus,2,40.0,15.0,at_station,,-1.0
971,bus,3,50.0,35.0,at_station,,1.0
971,bus,4,15.0,60.0,at_station,,-1.0
971,bus,5,15.0,50.0,at_station,,1.0
971,bus,6,50.0,25.0,at_station,,-1.0
971,bus,7,50.0,15.0,at_station,,1.0
971,bus,8,35.0,60.0,at_station,,-1.0
971,bus,9,15.0,30.0,at_station,,1.0
971,bus,10,50.0,45.0,at_station,,-1.0
971,bus,11,30.0,15.0,at_station,,1.0
971,bus,12,55.0,60.0,at_station,,-1.0
971,bus,13,15.0,10.0,at_station,,1.0
971,bus,14,50.0,65.0,at_station,,-1.0
971,bus,15,10.0,15.0,at_station,,1.0
971,bus,16,55.0,60.0,at_station,,1.0
971,bus,17,15.0,10.0,at_station,,-1.0
971,bus,18,50.0,65.0,at_station,,1.0
971,bus,19,10.0,15.0,at_station,,-1.0
971,bus,20,35.0,60.0,at_station,,1.0
971,bus,21,15.0,30.0,at_station,,-1.0
971,bus,22,50.0,45.0,at_station,,1.0
971,bus,23,30.0,15.0,at_station,,-1.0
972,drone,0,46.0,13.0,idle,107.97694251141255,
972,drone,1,60.0,12.0,idle,130.9514342477323,
972,bus,0,15.0,37.5,moving,,-1.0
972,bus,1,27.5,60.0,moving,,1.0
972,bus,2,37.5,15.0,moving,,-1.0
972,bus,3,50.0,37.5,moving,,1.0
972,bus,4,15.0,57.5,moving,,-1.0
972,bus,5,15.0,52.5,moving,,1.0
972,bus,6,50.0,22.5,moving,,-1.0
972,bus,7,50.0,17.5,moving,,1.0
972,bus,8,32.5,60.0,moving,,-1.0
972,bus,9,15.0,32.5,moving,,1.0
972,bus,10,50.0,42.5,moving,,-1.0
972,bus,11,32.5,15.0,moving,,1.0
972,bus,12,52.5,60.0,moving,,-1.0
972,bus,13,15.0,12.5,moving,,1.0
972,bus,14,50.0,62.5,moving,,-1.0
972,bus,15,12.5,15.0,moving,,1.0
972,bus,16,57.5,60.0,moving,,1.0
972,bus,17,15.0,7.5,moving,,-1.0
972,bus,18,50.0,67.5,moving,,1.0
972,bus,19,7.5,15.0,moving,,-1.0
972,bus,20,37.5,60.0,moving,,1.0
972,bus,21,15.0,27.5,moving,,-1.0
972,bus,22,50.0,47.5,moving,,1.0
972,bus,23,27.5,15.0,moving,,-1.0
973,drone,0,46.0,13.0,idle,107.97694251141255,
973,drone,1,60.0,12.0,idle,130.9514342477323,
973,bus,0,15.0,32.5,moving,,-1.0
973,bus,1,32.5,60.0,moving,,1.0
973,bus,2,32.5,15.0,moving,,-1.0
973,bus,3,50.0,42.5,moving,,1.0
973,bus,4,15.0,52.5,moving,,-1.0
973,bus,5,15.0,57.5,moving,,1.0
973,bus,6,50.0,17.5,moving,,-1.0
973,bus,7,50.0,22.5,moving,,1.0
973,bus,8,27.5,60.0,moving,,-1.0
973,bus,9,15.0,37.5,moving,,1.0
973,bus,10,50.0,37.5,moving,,-1.0
973,bus,11,37.5,15.0,moving,,1.0
973,bus,12,47.5,60.0,moving,,-1.0
973,bus,13,15.0,17.5,moving,,1.0
973,bus,14,50.0,57.5,moving,,-1.0
973,bus,15,17.5,15.0,moving,,1.0
973,bus,16,62.5,60.0,moving,,1.0
973,bus,17,15.0,2.5,moving,,-1.0
973,bus,18,50.0,72.5,moving,,1.0
973,bus,19,2.5,15.0,moving,,-1.0
973,bus,20,42.5,60.0,moving,,1.0
973,bus,21,15.0,22.5,moving,,-1.0
973,bus,22,50.0,52.5,moving,,1.0
973,bus,23,22.5,15.0,moving,,-1.0
974,drone,0,46.0,13.0,idle,107.97694251141255,
974,drone,1,60.0,12.0,idle,130.9514342477323,
974,bus,0,15.0,30.0,at_station,,-1.0
974,bus,1,35.0,60.0,at_station,,1.0
974,bus,2,30.0,15.0,at_station,,-1.0
974,bus,3,50.0,45.0,at_station,,1.0
974,bus,4,15.0,50.0,at_station,,-1.0
974,bus,5,15.0,60.0,at_station,,1.0
974,bus,6,50.0,15.0,at_station,,-1.0
974,bus,7,50.0,25.0,at_station,,1.0
974,bus,8,25.0,60.0,at_station,,-1.0
974,bus,9,15.0,40.0,at_station,,1.0
974,bus,10,50.0,35.0,at_station,,-1.0
974,bus,11,40.0,15.0,at_station,,1.0
974,bus,12,45.0,60.0,at_station,,-1.0
974,bus,13,15.0,20.0,at_station,,1.0
974,bus,14,50.0,55.0,at_station,,-1.0
974,bus,15,20.0,15.0,at_station,,1.0
974,bus,16,65.0,60.0,at_station,,1.0
974,bus,17,15.0,0.0,at_station,,-1.0
974,bus,18,50.0,75.0,at_station,,1.0
974,bus,19,0.0,15.0,at_station,,-1.0
974,bus,20,45.0,60.0,at_station,,1.0
974,bus,21,15.0,20.0,at_station,,-1.0
974,bus,22,50.0,55.0,at_station,,1.0
974,bus,23,20.0,15.0,at_station,,-1.0
975,drone,0,46.0,13.0,idle,107.97694251141255,
975,drone,1,60.0,12.0,idle,130.9514342477323,
975,bus,0,15.0,30.0,at_station,,-1.0
975,bus,1,35.0,60.0,at_station,,1.0
975,bus,2,30.0,15.0,at_station,,-1.0
975,bus,3,50.0,45.0,at_station,,1.0
975,bus,4,15.0,50.0,at_station,,-1.0
975,bus,5,15.0,60.0,at_station,,1.0
975,bus,6,50.0,15.0,at_station,,-1.0
975,bus,7,50.0,25.0,at_station,,1.0
975,bus,8,25.0,60.0,at_station,,-1.0
975,bus,9,15.0,40.0,at_station,,1.0
975,bus,10,50.0,35.0,at_station,,-1.0
975,bus,11,40.0,15.0,at_station,,1.0
975,bus,12,45.0,60.0,at_station,,-1.0
975,bus,13,15.0,20.0,at_station,,1.0
975,bus,14,50.0,55.0,at_station,,-1.0
975,bus,15,20.0,15.0,at_station,,1.0
975,bus,16,65.0,60.0,at_station,,1.0
975,bus,17,15.0,0.0,at_station,,-1.0
975,bus,18,50.0,75.0,at_station,,1.0
975,bus,19,0.0,15.0,at_station,,-1.0
975,bus,20,45.0,60.0,at_station,,1.0
975,bus,21,15.0,20.0,at_station,,-1.0
975,bus,22,50.0,55.0,at_station,,1.0
975,bus,23,20.0,15.0,at_station,,-1.0
976,drone,0,46.0,13.0,idle,107.97694251141255,
976,drone,1,60.0,12.0,idle,130.9514342477323,
976,bus,0,15.0,30.0,at_station,,-1.0
976,bus,1,35.0,60.0,at_station,,1.0
976,bus,2,30.0,15.0,at_station,,-1.0
976,bus,3,50.0,45.0,at_station,,1.0
976,bus,4,15.0,50.0,at_station,,-1.0
976,bus,5,15.0,60.0,at_station,,1.0
976,bus,6,50.0,15.0,at_station,,-1.0
976,bus,7,50.0,25.0,at_station,,1.0
976,bus,8,25.0,60.0,at_station,,-1.0
976,bus,9,15.0,40.0,at_station,,1.0
976,bus,10,50.0,35.0,at_station,,-1.0
976,bus,11,40.0,15.0,at_station,,1.0
976,bus,12,45.0,60.0,at_station,,-1.0
976,bus,13,15.0,20.0,at_station,,1.0
976,bus,14,50.0,55.0,at_station,,-1.0
976,bus,15,20.0,15.0,at_station,,1.0
976,bus,16,65.0,60.0,at_station,,1.0
976,bus,17,15.0,0.0,at_station,,-1.0
976,bus,18,50.0,75.0,at_station,,1.0
976,bus,19,0.0,15.0,at_station,,-1.0
976,bus,20,45.0,60.0,at_station,,1.0
976,bus,21,15.0,20.0,at_station,,-1.0
976,bus,22,50.0,55.0,at_station,,1.0
976,bus,23,20.0,15.0,at_station,,-1.0
977,drone,0,46.0,13.0,idle,107.97694251141255,
977,drone,1,60.0,12.0,idle,130.9514342477323,
977,bus,0,15.0,27.5,moving,,-1.0
977,bus,1,37.5,60.0,moving,,1.0
977,bus,2,27.5,15.0,moving,,-1.0
977,bus,3,50.0,47.5,moving,,1.0
977,bus,4,15.0,47.5,moving,,-1.0
977,bus,5,17.5,60.0,moving,,1.0
977,bus,6,47.5,15.0,moving,,-1.0
977,bus,7,50.0,27.5,moving,,1.0
977,bus,8,22.5,60.0,moving,,-1.0
977,bus,9,15.0,42.5,moving,,1.0
977,bus,10,50.0,32.5,moving,,-1.0
977,bus,11,42.5,15.0,moving,,1.0
977,bus,12,42.5,60.0,moving,,-1.0
977,bus,13,15.0,22.5,moving,,1.0
977,bus,14,50.0,52.5,moving,,-1.0
977,bus,15,22.5,15.0,moving,,1.0
977,bus,16,62.5,60.0,moving,,-1.0
977,bus,17,15.0,2.5,moving,,1.0
977,bus,18,50.0,72.5,moving,,-1.0
977,bus,19,2.5,15.0,moving,,1.0
977,bus,20,47.5,60.0,moving,,1.0
977,bus,21,15.0,17.5,moving,,-1.0
977,bus,22,50.0,57.5,moving,,1.0
977,bus,23,17.5,15.0,moving,,-1.0
978,drone,0,46.0,13.0,idle,107.97694251141255,
978,drone,1,60.0,12.0,idle,130.9514342477323,
978,bus,0,15.0,22.5,moving,,-1.0
978,bus,1,42.5,60.0,moving,,1.0
978,bus,2,22.5,15.0,moving,,-1.0
978,bus,3,50.0,52.5,moving,,1.0
978,bus,4,15.0,42.5,moving,,-1.0
978,bus,5,22.5,60.0,moving,,1.0
978,bus,6,42.5,15.0,moving,,-1.0
978,bus,7,50.0,32.5,moving,,1.0
978,bus,8,17.5,60.0,moving,,-1.0
978,bus,9,15.0,47.5,moving,,1.0
978,bus,10,50.0,27.5,moving,,-1.0
978,bus,11,47.5,15.0,moving,,1.0
978,bus,12,37.5,60.0,moving,,-1.0
978,bus,13,15.0,27.5,moving,,1.0
978,bus,14,50.0,47.5,moving,,-1.0
978,bus,15,27.5,15.0,moving,,1.0
978,bus,16,57.5,60.0,moving,,-1.0
978,bus,17,15.0,7.5,moving,,1.0
978,bus,18,50.0,67.5,moving,,-1.0
978,bus,19,7.5,15.0,moving,,1.0
978,bus,20,52.5,60.0,moving,,1.0
978,bus,21,15.0,12.5,moving,,-1.0
978,bus,22,50.0,62.5,moving,,1.0
978,bus,23,12.5,15.0,moving,,-1.0
979,drone,0,46.0,13.0,idle,107.97694251141255,
979,drone,1,60.0,12.0,idle,130.9514342477323,
979,bus,0,15.0,20.0,at_station,,-1.0
979,bus,1,45.0,60.0,at_station,,1.0
979,bus,2,20.0,15.0,at_station,,-1.0
979,bus,3,50.0,55.0,at_station,,1.0
979,bus,4,15.0,40.0,at_station,,-1.0
979,bus,5,25.0,60.0,at_station,,1.0
979,bus,6,40.0,15.0,at_station,,-1.0
979,bus,7,50.0,35.0,at_station,,1.0
979,bus,8,15.0,60.0,at_station,,-1.0
979,bus,9,15.0,50.0,at_station,,1.0
979,bus,10,50.0,25.0,at_station,,-1.0
979,bus,11,50.0,15.0,at_station,,1.0
979,bus,12,35.0,60.0,at_station,,-1.0
979,bus,13,15.0,30.0,at_station,,1.0
979,bus,14,50.0,45.0,at_station,,-1.0
979,bus,15,30.0,15.0,at_station,,1.0
979,bus,16,55.0,60.0,at_station,,-1.0
979,bus,17,15.0,10.0,at_station,,1.0
979,bus,18,50.0,65.0,at_station,,-1.0
979,bus,19,10.0,15.0,at_station,,1.0
979,bus,20,55.0,60.0,at_station,,1.0
979,bus,21,15.0,10.0,at_station,,-1.0
979,bus,22,50.0,65.0,at_station,,1.0
979,bus,23,10.0,15.0,at_station,,-1.0
980,drone,0,46.0,13.0,idle,107.97694251141255,
980,drone,1,60.0,12.0,idle,130.9514342477323,
980,bus,0,15.0,20.0,at_station,,-1.0
980,bus,1,45.0,60.0,at_station,,1.0
980,bus,2,20.0,15.0,at_station,,-1.0
980,bus,3,50.0,55.0,at_station,,1.0
980,bus,4,15.0,40.0,at_station,,-1.0
980,bus,5,25.0,60.0,at_station,,1.0
980,bus,6,40.0,15.0,at_station,,-1.0
980,bus,7,50.0,35.0,at_station,,1.0
980,bus,8,15.0,60.0,at_station,,-1.0
980,bus,9,15.0,50.0,at_station,,1.0
980,bus,10,50.0,25.0,at_station,,-1.0
980,bus,11,50.0,15.0,at_station,,1.0
980,bus,12,35.0,60.0,at_station,,-1.0
980,bus,13,15.0,30.0,at_station,,1.0
980,bus,14,50.0,45.0,at_station,,-1.0
980,bus,15,30.0,15.0,at_station,,1.0
980,bus,16,55.0,60.0,at_station,,-1.0
980,bus,17,15.0,10.0,at_station,,1.0
980,bus,18,50.0,65.0,at_station,,-1.0
980,bus,19,10.0,15.0,at_station,,1.0
980,bus,20,55.0,60.0,at_station,,1.0
980,bus,21,15.0,10.0,at_station,,-1.0
980,bus,22,50.0,65.0,at_station,,1.0
980,bus,23,10.0,15.0,at_station,,-1.0
981,drone,0,46.0,13.0,idle,107.97694251141255,
981,drone,1,60.0,12.0,idle,130.9514342477323,
981,bus,0,15.0,20.0,at_station,,-1.0
981,bus,1,45.0,60.0,at_station,,1.0
981,bus,2,20.0,15.0,at_station,,-1.0
981,bus,3,50.0,55.0,at_station,,1.0
981,bus,4,15.0,40.0,at_station,,-1.0
981,bus,5,25.0,60.0,at_station,,1.0
981,bus,6,40.0,15.0,at_station,,-1.0
981,bus,7,50.0,35.0,at_station,,1.0
981,bus,8,15.0,60.0,at_station,,-1.0
981,bus,9,15.0,50.0,at_station,,1.0
981,bus,10,50.0,25.0,at_station,,-1.0
981,bus,11,50.0,15.0,at_station,,1.0
981,bus,12,35.0,60.0,at_station,,-1.0
981,bus,13,15.0,30.0,at_station,,1.0
981,bus,14,50.0,45.0,at_station,,-1.0
981,bus,15,30.0,15.0,at_station,,1.0
981,bus,16,55.0,60.0,at_station,,-1.0
981,bus,17,15.0,10.0,at_station,,1.0
981,bus,18,50.0,65.0,at_station,,-1.0
981,bus,19,10.0,15.0,at_station,,1.0
981,bus,20,55.0,60.0,at_station,,1.0
981,bus,21,15.0,10.0,at_station,,-1.0
981,bus,22,50.0,65.0,at_station,,1.0
981,bus,23,10.0,15.0,at_station,,-1.0
982,drone,0,46.0,13.0,idle,107.97694251141255,
982,drone,1,60.0,12.0,idle,130.9514342477323,
982,bus,0,15.0,17.5,moving,,-1.0
982,bus,1,47.5,60.0,moving,,1.0
982,bus,2,17.5,15.0,moving,,-1.0
982,bus,3,50.0,57.5,moving,,1.0
982,bus,4,15.0,37.5,moving,,-1.0
982,bus,5,27.5,60.0,moving,,1.0
982,bus,6,37.5,15.0,moving,,-1.0
982,bus,7,50.0,37.5,moving,,1.0
982,bus,8,15.0,57.5,moving,,-1.0
982,bus,9,15.0,52.5,moving,,1.0
982,bus,10,50.0,22.5,moving,,-1.0
982,bus,11,50.0,17.5,moving,,1.0
982,bus,12,32.5,60.0,moving,,-1.0
982,bus,13,15.0,32.5,moving,,1.0
982,bus,14,50.0,42.5,moving,,-1.0
982,bus,15,32.5,15.0,moving,,1.0
982,bus,16,52.5,60.0,moving,,-1.0
982,bus,17,15.0,12.5,moving,,1.0
982,bus,18,50.0,62.5,moving,,-1.0
982,bus,19,12.5,15.0,moving,,1.0
982,bus,20,57.5,60.0,moving,,1.0
982,bus,21,15.0,7.5,moving,,-1.0
982,bus,22,50.0,67.5,moving,,1.0
982,bus,23,7.5,15.0,moving,,-1.0
983,drone,0,46.0,13.0,idle,107.97694251141255,
983,drone,1,60.0,12.0,idle,130.9514342477323,
983,bus,0,15.0,12.5,moving,,-1.0
983,bus,1,52.5,60.0,moving,,1.0
983,bus,2,12.5,15.0,moving,,-1.0
983,bus,3,50.0,62.5,moving,,1.0
983,bus,4,15.0,32.5,moving,,-1.0
983,bus,5,32.5,60.0,moving,,1.0
983,bus,6,32.5,15.0,moving,,-1.0
983,bus,7,50.0,42.5,moving,,1.0
983,bus,8,15.0,52.5,moving,,-1.0
983,bus,9,15.0,57.5,moving,,1.0
983,bus,10,50.0,17.5,moving,,-1.0
983,bus,11,50.0,22.5,moving,,1.0
983,bus,12,27.5,60.0,moving,,-1.0
983,bus,13,15.0,37.5,moving,,1.0
983,bus,14,50.0,37.5,moving,,-1.0
983,bus,15,37.5,15.0,moving,,1.0
983,bus,16,47.5,60.0,moving,,-1.0
983,bus,17,15.0,17.5,moving,,1.0
983,bus,18,50.0,57.5,moving,,-1.0
983,bus,19,17.5,15.0,moving,,1.0
983,bus,20,62.5,60.0,moving,,1.0
983,bus,21,15.0,2.5,moving,,-1.0
983,bus,22,50.0,72.5,moving,,1.0
983,bus,23,2.5,15.0,moving,,-1.0
984,drone,0,46.0,13.0,idle,107.97694251141255,
984,drone,1,60.0,12.0,idle,130.9514342477323,
984,bus,0,15.0,10.0,at_station,,-1.0
984,bus,1,55.0,60.0,at_station,,1.0
984,bus,2,10.0,15.0,at_station,,-1.0
984,bus,3,50.0,65.0,at_station,,1.0
984,bus,4,15.0,30.0,at_station,,-1.0
984,bus,5,35.0,60.0,at_station,,1.0
984,bus,6,30.0,15.0,at_station,,-1.0
984,bus,7,50.0,45.0,at_station,,1.0
984,bus,8,15.0,50.0,at_station,,-1.0
984,bus,9,15.0,60.0,at_station,,1.0
984,bus,10,50.0,15.0,at_station,,-1.0
984,bus,11,50.0,25.0,at_station,,1.0
984,bus,12,25.0,60.0,at_station,,-1.0
984,bus,13,15.0,40.0,at_station,,1.0
984,bus,14,50.0,35.0,at_station,,-1.0
984,bus,15,40.0,15.0,at_station,,1.0
984,bus,16,45.0,60.0,at_station,,-1.0
984,bus,17,15.0,20.0,at_station,,1.0
984,bus,18,50.0,55.0,at_station,,-1.0
984,bus,19,20.0,15.0,at_station,,1.0
984,bus,20,65.0,60.0,at_station,,1.0
984,bus,21,15.0,0.0,at_station,,-1.0
984,bus,22,50.0,75.0,at_station,,1.0
984,bus,23,0.0,15.0,at_station,,-1.0
985,drone,0,46.0,13.0,idle,107.97694251141255,
985,drone,1,60.0,12.0,idle,130.9514342477323,
985,bus,0,15.0,10.0,at_station,,-1.0
985,bus,1,55.0,60.0,at_station,,1.0
985,bus,2,10.0,15.0,at_station,,-1.0
985,bus,3,50.0,65.0,at_station,,1.0
985,bus,4,15.0,30.0,at_station,,-1.0
985,bus,5,35.0,60.0,at_station,,1.0
985,bus,6,30.0,15.0,at_station,,-1.0
985,bus,7,50.0,45.0,at_station,,1.0
985,bus,8,15.0,50.0,at_station,,-1.0
985,bus,9,15.0,60.0,at_station,,1.0
985,bus,10,50.0,15.0,at_station,,-1.0
985,bus,11,50.0,25.0,at_station,,1.0
985,bus,12,25.0,60.0,at_station,,-1.0
985,bus,13,15.0,40.0,at_station,,1.0
985,bus,14,50.0,35.0,at_station,,-1.0
985,bus,15,40.0,15.0,at_station,,1.0
985,bus,16,45.0,60.0,at_station,,-1.0
985,bus,17,15.0,20.0,at_station,,1.0
985,bus,18,50.0,55.0,at_station,,-1.0
985,bus,19,20.0,15.0,at_station,,1.0
985,bus,20,65.0,60.0,at_station,,1.0
985,bus,21,15.0,0.0,at_station,,-1.0
985,bus,22,50.0,75.0,at_station,,1.0
985,bus,23,0.0,15.0,at_station,,-1.0
986,drone,0,46.0,13.0,idle,107.97694251141255,
986,drone,1,60.0,12.0,idle,130.9514342477323,
986,bus,0,15.0,10.0,at_station,,-1.0
986,bus,1,55.0,60.0,at_station,,1.0
986,bus,2,10.0,15.0,at_station,,-1.0
986,bus,3,50.0,65.0,at_station,,1.0
986,bus,4,15.0,30.0,at_station,,-1.0
986,bus,5,35.0,60.0,at_station,,1.0
986,bus,6,30.0,15.0,at_station,,-1.0
986,bus,7,50.0,45.0,at_station,,1.0
986,bus,8,15.0,50.0,at_station,,-1.0
986,bus,9,15.0,60.0,at_station,,1.0
986,bus,10,50.0,15.0,at_station,,-1.0
986,bus,11,50.0,25.0,at_station,,1.0
986,bus,12,25.0,60.0,at_station,,-1.0
986,bus,13,15.0,40.0,at_station,,1.0
986,bus,14,50.0,35.0,at_station,,-1.0
986,bus,15,40.0,15.0,at_station,,1.0
986,bus,16,45.0,60.0,at_station,,-1.0
986,bus,17,15.0,20.0,at_station,,1.0
986,bus,18,50.0,55.0,at_station,,-1.0
986,bus,19,20.0,15.0,at_station,,1.0
986,bus,20,65.0,60.0,at_station,,1.0
986,bus,21,15.0,0.0,at_station,,-1.0
986,bus,22,50.0,75.0,at_station,,1.0
986,bus,23,0.0,15.0,at_station,,-1.0
987,drone,0,46.0,13.0,idle,107.97694251141255,
987,drone,1,60.0,12.0,idle,130.9514342477323,
987,bus,0,15.0,7.5,moving,,-1.0
987,bus,1,57.5,60.0,moving,,1.0
987,bus,2,7.5,15.0,moving,,-1.0
987,bus,3,50.0,67.5,moving,,1.0
987,bus,4,15.0,27.5,moving,,-1.0
987,bus,5,37.5,60.0,moving,,1.0
987,bus,6,27.5,15.0,moving,,-1.0
987,bus,7,50.0,47.5,moving,,1.0
987,bus,8,15.0,47.5,moving,,-1.0
987,bus,9,17.5,60.0,moving,,1.0
987,bus,10,47.5,15.0,moving,,-1.0
987,bus,11,50.0,27.5,moving,,1.0
987,bus,12,22.5,60.0,moving,,-1.0
987,bus,13,15.0,42.5,moving,,1.0
987,bus,14,50.0,32.5,moving,,-1.0
987,bus,15,42.5,15.0,moving,,1.0
987,bus,16,42.5,60.0,moving,,-1.0
987,bus,17,15.0,22.5,moving,,1.0
987,bus,18,50.0,52.5,moving,,-1.0
987,bus,19,22.5,15.0,moving,,1.0
987,bus,20,62.5,60.0,moving,,-1.0
987,bus,21,15.0,2.5,moving,,1.0
987,bus,22,50.0,72.5,moving,,-1.0
987,bus,23,2.5,15.0,moving,,1.0
988,drone,0,46.0,13.0,idle,107.97694251141255,
988,drone,1,60.0,12.0,idle,130.9514342477323,
988,bus,0,15.0,2.5,moving,,-1.0
988,bus,1,62.5,60.0,moving,,1.0
988,bus,2,2.5,15.0,moving,,-1.0
988,bus,3,50.0,72.5,moving,,1.0
988,bus,4,15.0,22.5,moving,,-1.0
988,bus,5,42.5,60.0,moving,,1.0
988,bus,6,22.5,15.0,moving,,-1.0
988,bus,7,50.0,52.5,moving,,1.0
988,bus,8,15.0,42.5,moving,,-1.0
988,bus,9,22.5,60.0,moving,,1.0
988,bus,10,42.5,15.0,moving,,-1.0
988,bus,11,50.0,32.5,moving,,1.0
988,bus,12,17.5,60.0,moving,,-1.0
988,bus,13,15.0,47.5,moving,,1.0
988,bus,14,50.0,27.5,moving,,-1.0
988,bus,15,47.5,15.0,moving,,1.0
988,bus,16,37.5,60.0,moving,,-1.0
988,bus,17,15.0,27.5,moving,,1.0
988,bus,18,50.0,47.5,moving,,-1.0
988,bus,19,27.5,15.0,moving,,1.0
988,bus,20,57.5,60.0,moving,,-1.0
988,bus,21,15.0,7.5,moving,,1.0
988,bus,22,50.0,67.5,moving,,-1.0
988,bus,23,7.5,15.0,moving,,1.0
989,drone,0,46.0,13.0,idle,107.97694251141255,
989,drone,1,60.0,12.0,idle,130.9514342477323,
989,bus,0,15.0,0.0,at_station,,-1.0
989,bus,1,65.0,60.0,at_station,,1.0
989,bus,2,0.0,15.0,at_station,,-1.0
989,bus,3,50.0,75.0,at_station,,1.0
989,bus,4,15.0,20.0,at_station,,-1.0
989,bus,5,45.0,60.0,at_station,,1.0
989,bus,6,20.0,15.0,at_station,,-1.0
989,bus,7,50.0,55.0,at_station,,1.0
989,bus,8,15.0,40.0,at_station,,-1.0
989,bus,9,25.0,60.0,at_station,,1.0
989,bus,10,40.0,15.0,at_station,,-1.0
989,bus,11,50.0,35.0,at_station,,1.0
989,bus,12,15.0,60.0,at_station,,-1.0
989,bus,13,15.0,50.0,at_station,,1.0
989,bus,14,50.0,25.0,at_station,,-1.0
989,bus,15,50.0,15.0,at_station,,1.0
989,bus,16,35.0,60.0,at_station,,-1.0
989,bus,17,15.0,30.0,at_station,,1.0
989,bus,18,50.0,45.0,at_station,,-1.0
989,bus,19,30.0,15.0,at_station,,1.0
989,bus,20,55.0,60.0,at_station,,-1.0
989,bus,21,15.0,10.0,at_station,,1.0
989,bus,22,50.0,65.0,at_station,,-1.0
989,bus,23,10.0,15.0,at_station,,1.0
990,drone,0,46.0,13.0,idle,107.97694251141255,
990,drone,1,60.0,12.0,idle,130.9514342477323,
990,bus,0,15.0,0.0,at_station,,-1.0
990,bus,1,65.0,60.0,at_station,,1.0
990,bus,2,0.0,15.0,at_station,,-1.0
990,bus,3,50.0,75.0,at_station,,1.0
990,bus,4,15.0,20.0,at_station,,-1.0
990,bus,5,45.0,60.0,at_station,,1.0
990,bus,6,20.0,15.0,at_station,,-1.0
990,bus,7,50.0,55.0,at_station,,1.0
990,bus,8,15.0,40.0,at_station,,-1.0
990,bus,9,25.0,60.0,at_station,,1.0
990,bus,10,40.0,15.0,at_station,,-1.0
990,bus,11,50.0,35.0,at_station,,1.0
990,bus,12,15.0,60.0,at_station,,-1.0
990,bus,13,15.0,50.0,at_station,,1.0
990,bus,14,50.0,25.0,at_station,,-1.0
990,bus,15,50.0,15.0,at_station,,1.0
990,bus,16,35.0,60.0,at_station,,-1.0
990,bus,17,15.0,30.0,at_station,,1.0
990,bus,18,50.0,45.0,at_station,,-1.0
990,bus,19,30.0,15.0,at_station,,1.0
990,bus,20,55.0,60.0,at_station,,-1.0
990,bus,21,15.0,10.0,at_station,,1.0
990,bus,22,50.0,65.0,at_station,,-1.0
990,bus,23,10.0,15.0,at_station,,1.0
991,drone,0,46.0,13.0,idle,107.97694251141255,
991,drone,1,60.0,12.0,idle,130.9514342477323,
991,bus,0,15.0,0.0,at_station,,-1.0
991,bus,1,65.0,60.0,at_station,,1.0
991,bus,2,0.0,15.0,at_station,,-1.0
991,bus,3,50.0,75.0,at_station,,1.0
991,bus,4,15.0,20.0,at_station,,-1.0
991,bus,5,45.0,60.0,at_station,,1.0
991,bus,6,20.0,15.0,at_station,,-1.0
991,bus,7,50.0,55.0,at_station,,1.0
991,bus,8,15.0,40.0,at_station,,-1.0
991,bus,9,25.0,60.0,at_station,,1.0
991,bus,10,40.0,15.0,at_station,,-1.0
991,bus,11,50.0,35.0,at_station,,1.0
991,bus,12,15.0,60.0,at_station,,-1.0
991,bus,13,15.0,50.0,at_station,,1.0
991,bus,14,50.0,25.0,at_station,,-1.0
991,bus,15,50.0,15.0,at_station,,1.0
991,bus,16,35.0,60.0,at_station,,-1.0
991,bus,17,15.0,30.0,at_station,,1.0
991,bus,18,50.0,45.0,at_station,,-1.0
991,bus,19,30.0,15.0,at_station,,1.0
991,bus,20,55.0,60.0,at_station,,-1.0
991,bus,21,15.0,10.0,at_station,,1.0
991,bus,22,50.0,65.0,at_station,,-1.0
991,bus,23,10.0,15.0,at_station,,1.0
992,drone,0,46.0,13.0,idle,107.97694251141255,
992,drone,1,60.0,12.0,idle,130.9514342477323,
992,bus,0,15.0,2.5,moving,,1.0
992,bus,1,62.5,60.0,moving,,-1.0
992,bus,2,2.5,15.0,moving,,1.0
992,bus,3,50.0,72.5,moving,,-1.0
992,bus,4,15.0,17.5,moving,,-1.0
992,bus,5,47.5,60.0,moving,,1.0
992,bus,6,17.5,15.0,moving,,-1.0
992,bus,7,50.0,57.5,moving,,1.0
992,bus,8,15.0,37.5,moving,,-1.0
992,bus,9,27.5,60.0,moving,,1.0
992,bus,10,37.5,15.0,moving,,-1.0
992,bus,11,50.0,37.5,moving,,1.0
992,bus,12,15.0,57.5,moving,,-1.0
992,bus,13,15.0,52.5,moving,,1.0
992,bus,14,50.0,22.5,moving,,-1.0
992,bus,15,50.0,17.5,moving,,1.0
992,bus,16,32.5,60.0,moving,,-1.0
992,bus,17,15.0,32.5,moving,,1.0
992,bus,18,50.0,42.5,moving,,-1.0
992,bus,19,32.5,15.0,moving,,1.0
992,bus,20,52.5,60.0,moving,,-1.0
992,bus,21,15.0,12.5,moving,,1.0
992,bus,22,50.0,62.5,moving,,-1.0
992,bus,23,12.5,15.0,moving,,1.0
993,drone,0,46.0,13.0,idle,107.97694251141255,
993,drone,1,60.0,12.0,idle,130.9514342477323,
993,bus,0,15.0,7.5,moving,,1.0
993,bus,1,57.5,60.0,moving,,-1.0
993,bus,2,7.5,15.0,moving,,1.0
993,bus,3,50.0,67.5,moving,,-1.0
993,bus,4,15.0,12.5,moving,,-1.0
993,bus,5,52.5,60.0,moving,,1.0
993,bus,6,12.5,15.0,moving,,-1.0
993,bus,7,50.0,62.5,moving,,1.0
993,bus,8,15.0,32.5,moving,,-1.0
993,bus,9,32.5,60.0,moving,,1.0
993,bus,10,32.5,15.0,moving,,-1.0
993,bus,11,50.0,42.5,moving,,1.0
993,bus,12,15.0,52.5,moving,,-1.0
993,bus,13,15.0,57.5,moving,,1.0
993,bus,14,50.0,17.5,moving,,-1.0
993,bus,15,50.0,22.5,moving,,1.0
993,bus,16,27.5,60.0,moving,,-1.0
993,bus,17,15.0,37.5,moving,,1.0
993,bus,18,50.0,37.5,moving,,-1.0
993,bus,19,37.5,15.0,moving,,1.0
993,bus,20,47.5,60.0,moving,,-1.0
993,bus,21,15.0,17.5,moving,,1.0
993,bus,22,50.0,57.5,moving,,-1.0
993,bus,23,17.5,15.0,moving,,1.0
994,drone,0,46.0,13.0,idle,107.97694251141255,
994,drone,1,60.0,12.0,idle,130.9514342477323,
994,bus,0,15.0,10.0,at_station,,1.0
994,bus,1,55.0,60.0,at_station,,-1.0
994,bus,2,10.0,15.0,at_station,,1.0
994,bus,3,50.0,65.0,at_station,,-1.0
994,bus,4,15.0,10.0,at_station,,-1.0
994,bus,5,55.0,60.0,at_station,,1.0
994,bus,6,10.0,15.0,at_station,,-1.0
994,bus,7,50.0,65.0,at_station,,1.0
994,bus,8,15.0,30.0,at_station,,-1.0
994,bus,9,35.0,60.0,at_station,,1.0
994,bus,10,30.0,15.0,at_station,,-1.0
994,bus,11,50.0,45.0,at_station,,1.0
994,bus,12,15.0,50.0,at_station,,-1.0
994,bus,13,15.0,60.0,at_station,,1.0
994,bus,14,50.0,15.0,at_station,,-1.0
994,bus,15,50.0,25.0,at_station,,1.0
994,bus,16,25.0,60.0,at_station,,-1.0
994,bus,17,15.0,40.0,at_station,,1.0
994,bus,18,50.0,35.0,at_station,,-1.0
994,bus,19,40.0,15.0,at_station,,1.0
994,bus,20,45.0,60.0,at_station,,-1.0
994,bus,21,15.0,20.0,at_station,,1.0
994,bus,22,50.0,55.0,at_station,,-1.0
994,bus,23,20.0,15.0,at_station,,1.0
995,drone,0,46.0,13.0,idle,107.97694251141255,
995,drone,1,60.0,12.0,idle,130.9514342477323,
995,bus,0,15.0,10.0,at_station,,1.0
995,bus,1,55.0,60.0,at_station,,-1.0
995,bus,2,10.0,15.0,at_station,,1.0
995,bus,3,50.0,65.0,at_station,,-1.0
995,bus,4,15.0,10.0,at_station,,-1.0
995,bus,5,55.0,60.0,at_station,,1.0
995,bus,6,10.0,15.0,at_station,,-1.0
995,bus,7,50.0,65.0,at_station,,1.0
995,bus,8,15.0,30.0,at_station,,-1.0
995,bus,9,35.0,60.0,at_station,,1.0
995,bus,10,30.0,15.0,at_station,,-1.0
995,bus,11,50.0,45.0,at_station,,1.0
995,bus,12,15.0,50.0,at_station,,-1.0
995,bus,13,15.0,60.0,at_station,,1.0
995,bus,14,50.0,15.0,at_station,,-1.0
995,bus,15,50.0,25.0,at_station,,1.0
995,bus,16,25.0,60.0,at_station,,-1.0
995,bus,17,15.0,40.0,at_station,,1.0
995,bus,18,50.0,35.0,at_station,,-1.0
995,bus,19,40.0,15.0,at_station,,1.0
995,bus,20,45.0,60.0,at_station,,-1.0
995,bus,21,15.0,20.0,at_station,,1.0
995,bus,22,50.0,55.0,at_station,,-1.0
995,bus,23,20.0,15.0,at_station,,1.0
996,drone,0,46.0,13.0,idle,107.97694251141255,
996,drone,1,60.0,12.0,idle,130.9514342477323,
996,bus,0,15.0,10.0,at_station,,1.0
996,bus,1,55.0,60.0,at_station,,-1.0
996,bus,2,10.0,15.0,at_station,,1.0
996,bus,3,50.0,65.0,at_station,,-1.0
996,bus,4,15.0,10.0,at_station,,-1.0
996,bus,5,55.0,60.0,at_station,,1.0
996,bus,6,10.0,15.0,at_station,,-1.0
996,bus,7,50.0,65.0,at_station,,1.0
996,bus,8,15.0,30.0,at_station,,-1.0
996,bus,9,35.0,60.0,at_station,,1.0
996,bus,10,30.0,15.0,at_station,,-1.0
996,bus,11,50.0,45.0,at_station,,1.0
996,bus,12,15.0,50.0,at_station,,-1.0
996,bus,13,15.0,60.0,at_station,,1.0
996,bus,14,50.0,15.0,at_station,,-1.0
996,bus,15,50.0,25.0,at_station,,1.0
996,bus,16,25.0,60.0,at_station,,-1.0
996,bus,17,15.0,40.0,at_station,,1.0
996,bus,18,50.0,35.0,at_station,,-1.0
996,bus,19,40.0,15.0,at_station,,1.0
996,bus,20,45.0,60.0,at_station,,-1.0
996,bus,21,15.0,20.0,at_station,,1.0
996,bus,22,50.0,55.0,at_station,,-1.0
996,bus,23,20.0,15.0,at_station,,1.0
997,drone,0,46.0,13.0,idle,107.97694251141255,
997,drone,1,60.0,12.0,idle,130.9514342477323,
997,bus,0,15.0,12.5,moving,,1.0
997,bus,1,52.5,60.0,moving,,-1.0
997,bus,2,12.5,15.0,moving,,1.0
997,bus,3,50.0,62.5,moving,,-1.0
997,bus,4,15.0,7.5,moving,,-1.0
997,bus,5,57.5,60.0,moving,,1.0
997,bus,6,7.5,15.0,moving,,-1.0
997,bus,7,50.0,67.5,moving,,1.0
997,bus,8,15.0,27.5,moving,,-1.0
997,bus,9,37.5,60.0,moving,,1.0
997,bus,10,27.5,15.0,moving,,-1.0
997,bus,11,50.0,47.5,moving,,1.0
997,bus,12,15.0,47.5,moving,,-1.0
997,bus,13,17.5,60.0,moving,,1.0
997,bus,14,47.5,15.0,moving,,-1.0
997,bus,15,50.0,27.5,moving,,1.0
997,bus,16,22.5,60.0,moving,,-1.0
997,bus,17,15.0,42.5,moving,,1.0
997,bus,18,50.0,32.5,moving,,-1.0
997,bus,19,42.5,15.0,moving,,1.0
997,bus,20,42.5,60.0,moving,,-1.0
997,bus,21,15.0,22.5,moving,,1.0
997,bus,22,50.0,52.5,moving,,-1.0
997,bus,23,22.5,15.0,moving,,1.0
998,drone,0,46.0,13.0,idle,107.97694251141255,
998,drone,1,60.0,12.0,idle,130.9514342477323,
998,bus,0,15.0,17.5,moving,,1.0
998,bus,1,47.5,60.0,moving,,-1.0
998,bus,2,17.5,15.0,moving,,1.0
998,bus,3,50.0,57.5,moving,,-1.0
998,bus,4,15.0,2.5,moving,,-1.0
998,bus,5,62.5,60.0,moving,,1.0
998,bus,6,2.5,15.0,moving,,-1.0
998,bus,7,50.0,72.5,moving,,1.0
998,bus,8,15.0,22.5,moving,,-1.0
998,bus,9,42.5,60.0,moving,,1.0
998,bus,10,22.5,15.0,moving,,-1.0
998,bus,11,50.0,52.5,moving,,1.0
998,bus,12,15.0,42.5,moving,,-1.0
998,bus,13,22.5,60.0,moving,,1.0
998,bus,14,42.5,15.0,moving,,-1.0
998,bus,15,50.0,32.5,moving,,1.0
998,bus,16,17.5,60.0,moving,,-1.0
998,bus,17,15.0,47.5,moving,,1.0
998,bus,18,50.0,27.5,moving,,-1.0
998,bus,19,47.5,15.0,moving,,1.0
998,bus,20,37.5,60.0,moving,,-1.0
998,bus,21,15.0,27.5,moving,,1.0
998,bus,22,50.0,47.5,moving,,-1.0
998,bus,23,27.5,15.0,moving,,1.0
999,drone,0,46.0,13.0,idle,107.97694251141255,
999,drone,1,60.0,12.0,idle,130.9514342477323,
999,bus,0,15.0,20.0,at_station,,1.0
999,bus,1,45.0,60.0,at_station,,-1.0
999,bus,2,20.0,15.0,at_station,,1.0
999,bus,3,50.0,55.0,at_station,,-1.0
999,bus,4,15.0,0.0,at_station,,-1.0
999,bus,5,65.0,60.0,at_station,,1.0
999,bus,6,0.0,15.0,at_station,,-1.0
999,bus,7,50.0,75.0,at_station,,1.0
999,bus,8,15.0,20.0,at_station,,-1.0
999,bus,9,45.0,60.0,at_station,,1.0
999,bus,10,20.0,15.0,at_station,,-1.0
999,bus,11,50.0,55.0,at_station,,1.0
999,bus,12,15.0,40.0,at_station,,-1.0
999,bus,13,25.0,60.0,at_station,,1.0
999,bus,14,40.0,15.0,at_station,,-1.0
999,bus,15,50.0,35.0,at_station,,1.0
999,bus,16,15.0,60.0,at_station,,-1.0
999,bus,17,15.0,50.0,at_station,,1.0
999,bus,18,50.0,25.0,at_station,,-1.0
999,bus,19,50.0,15.0,at_station,,1.0
999,bus,20,35.0,60.0,at_station,,-1.0
999,bus,21,15.0,30.0,at_station,,1.0
999,bus,22,50.0,45.0,at_station,,-1.0
999,bus,23,30.0,15.0,at_station,,1.0
1000,drone,0,46.0,13.0,idle,107.97694251141255,
1000,drone,1,60.0,12.0,idle,130.9514342477323,
1000,bus,0,15.0,20.0,at_station,,1.0
1000,bus,1,45.0,60.0,at_station,,-1.0
1000,bus,2,20.0,15.0,at_station,,1.0
1000,bus,3,50.0,55.0,at_station,,-1.0
1000,bus,4,15.0,0.0,at_station,,-1.0
1000,bus,5,65.0,60.0,at_station,,1.0
1000,bus,6,0.0,15.0,at_station,,-1.0
1000,bus,7,50.0,75.0,at_station,,1.0
1000,bus,8,15.0,20.0,at_station,,-1.0
1000,bus,9,45.0,60.0,at_station,,1.0
1000,bus,10,20.0,15.0,at_station,,-1.0
1000,bus,11,50.0,55.0,at_station,,1.0
1000,bus,12,15.0,40.0,at_station,,-1.0
1000,bus,13,25.0,60.0,at_station,,1.0
1000,bus,14,40.0,15.0,at_station,,-1.0
1000,bus,15,50.0,35.0,at_station,,1.0
1000,bus,16,15.0,60.0,at_station,,-1.0
1000,bus,17,15.0,50.0,at_station,,1.0
1000,bus,18,50.0,25.0,at_station,,-1.0
1000,bus,19,50.0,15.0,at_station,,1.0
1000,bus,20,35.0,60.0,at_station,,-1.0
1000,bus,21,15.0,30.0,at_station,,1.0
1000,bus,22,50.0,45.0,at_station,,-1.0
1000,bus,23,30.0,15.0,at_station,,1.0
